ISO,Drivers,2001,2002,2003,2004,2005,2006,2007,2008,2009,2010,2011,2012,2013,2014,2015
AFG,AFG,1.34,55.44,142.36,130.74,104.59,70.05,149.94,62.18,19.29,36.26,32.68,7.75,0.19,0.45,0
AFG,Forestry,1.34,55.31,141.91,124.77,86.33,68.44,142.54,57.3,16.47,33.43,32.1,5.56,0.19,0.45,0
AFG,Wildfire,0,0.13,0.45,5.98,18.26,1.61,7.4,4.89,2.83,2.83,0.58,2.19,0,0,0
AGO,AGO,96811.2,57634.19,50085.17,68570.4,90714.59,74326.16,142531.37,101532.72,163136.96,155119.62,179472.15,175303.79,163686.95,208438,159753.99
AGO,Commodity-Driven Deforestation,1555.93,1411.49,522.93,1243.3,589.53,1540.2,1226.75,912.29,2045.27,1603.1,2519.5,1967.09,2235.01,3547.07,1162.66
AGO,Forestry,133.77,87.6,28.88,88.99,29.58,15.85,153.49,157.43,269.94,156.37,363.03,670.18,299.77,626.66,281.55
AGO,Shifting Agriculture,94923.88,56086.39,49449,67220.11,90075.92,72766.12,141032.26,100391.42,160653.53,153228.98,176258.49,172403.64,160820.72,203927.73,158029.98
AGO,Urbanization,162.63,16.56,81.9,0,0.84,0,41.94,7.22,48.1,11.25,1.06,34.18,15.8,33.05,1.52
AGO,Wildfire,34.98,32.15,2.48,18,18.73,3.99,76.94,64.37,120.13,119.93,330.06,228.69,315.65,303.49,278.28
ALA,ALA,385.46,273.63,213.33,723.64,692.37,95.73,241.94,1263.13,654.99,626.17,457.11,648.98,507.52,535.74,549.4
ALA,Forestry,385.46,273.63,213.33,723.64,692.37,95.73,241.94,1263.13,654.99,626.17,457.11,648.98,507.52,535.74,549.4
ALB,ALB,3481.61,807.53,532.27,3046.68,639.12,889.22,5031.61,5233.65,1234.47,592.25,1081.97,5103.38,2415.39,927.44,245.45
ALB,Forestry,3105.15,737.85,496.69,2757.56,606.68,765.53,4210.81,4539.34,1131.88,549.31,1007.05,4669.85,2219.64,833.31,220.92
ALB,Shifting Agriculture,3.26,4.07,1.57,7.04,0.17,2.56,5.24,1.63,4.6,1.86,20.08,49.48,14.32,4.07,4.02
ALB,Wildfire,373.2,65.61,34.02,282.08,32.26,121.13,815.56,692.67,97.99,41.07,54.84,384.06,181.44,90.05,20.51
AND,AND,0.29,0.4,0,1.77,0.11,5.6,1.14,0.29,0.11,0,0.4,0,0,0,0
AND,Forestry,0.29,0.4,0,1.77,0.11,5.6,1.14,0.29,0.11,0,0.4,0,0,0,0
ARG,ARG,142852.57,102305.42,246046.1,428960.66,363784.2,311676.74,421659.46,586931.7,304311.67,409903.83,494614.43,471484.72,373151.03,237628.27,178709.72
ARG,Commodity-Driven Deforestation,96124.9,68029.71,196034.24,361186.76,295092.08,238645.04,357635.48,498981.79,250785.7,352885.4,429804.67,377892.39,304926.09,184667.35,141702.96
ARG,Forestry,21113.34,20654.32,24024.11,31771.29,32770.91,37743.76,31579,32789.5,22649.53,27037.51,32600.95,38948.13,32119.07,25776.3,16222.54
ARG,Shifting Agriculture,25029.82,13296.45,25151.41,34868.91,34735.05,33987.87,31164.72,53521.49,29058.58,28833.74,31395.46,53542,35197.01,25359.1,20174.44
ARG,Urbanization,117.12,220.72,517.79,487.68,448.79,375.06,482.06,726.65,502.91,391.13,327.49,192.8,175.86,429.48,128.51
ARG,Wildfire,467.39,104.23,318.56,646.02,737.37,925.01,798.21,912.27,1314.95,756.06,485.86,909.39,733,1396.05,481.28
ARM,ARM,55,73.15,156.13,48.78,69.55,54.72,14.14,69.79,115.22,85.32,90.9,129.11,14.07,24.4,1.34
ARM,Forestry,54.47,73.15,155.14,48.78,69.55,54.72,13.97,69.79,115.22,84.67,90.9,129.11,14.07,24.4,1.34
ARM,Shifting Agriculture,0.53,0,1,0,0,0,0.18,0,0,0.65,0,0,0,0,0
ATG,ATG,21.5,13.25,15.02,14.21,58.96,39.83,24.66,35.11,54.48,16.42,23.63,28.78,15.83,20.24,8.25
ATG,Shifting Agriculture,21.5,13.25,15.02,14.21,58.96,39.83,24.66,35.11,54.48,16.42,23.63,28.78,15.83,20.24,8.25
AUS,AUS,216053.55,309251.65,367685.34,120960.53,173058.19,182516.39,366702.26,202184.01,199934.36,286372.06,118425.08,136159.77,255604.43,275005.43,257925.47
AUS,Commodity-Driven Deforestation,13831.62,8482.06,15450.18,11026.09,12289.08,15666.58,37275.52,6884.45,6847.17,9190.53,7489.34,12409.67,10771.29,27076.36,19825.36
AUS,Forestry,55381.97,61850.96,101315.66,79044.17,82062.94,89337.8,136966.87,88235.02,142891.92,69111.06,65137.21,70734.76,105812.22,111616.99,89736.85
AUS,Shifting Agriculture,113.72,196.11,279.11,285.83,273.1,277.94,421.47,107.21,443.7,162.96,4537.96,390.36,359.07,2035.22,426.17
AUS,Urbanization,5172.48,4044.07,6643.64,4523.98,4050.79,4662.02,4801.58,4065.52,4194.79,2641.08,2401.92,5034.31,6379.75,4066.56,4648.5
AUS,Wildfire,141553.77,234678.46,243996.76,26080.46,74382.28,72572.05,187236.81,102891.82,45556.79,205266.43,38858.64,47590.67,132282.11,130210.31,143288.58
AUT,AUT,6843.45,10788.54,14405.86,14451.4,21480.55,12447.81,31535.19,26752.96,15700.4,16583.56,17990.83,11017.82,7587.79,9772.03,7880.98
AUT,Forestry,6843.45,10788.54,14405.86,14451.4,21480.55,12447.81,31535.19,26752.96,15700.4,16583.56,17990.83,11017.82,7587.79,9772.03,7880.98
AZE,AZE,243.32,728.33,567.33,268.72,113.74,238.15,284.38,261.01,188.04,214.92,45.1,354.26,31.42,200.93,1.53
AZE,Forestry,162,637.93,414.08,252.25,93.66,169.73,232.35,219.68,136.74,185.27,32.49,301.8,12.43,179.98,1.41
AZE,Shifting Agriculture,78.85,77.74,149.01,12.35,10.83,63.24,40.79,16,42.17,24.17,10.96,51.63,18.69,20.89,0.12
AZE,Urbanization,2.47,12.66,4.24,4.12,9.25,5.18,11.25,25.33,9.13,5.48,1.65,0.82,0.29,0.06,0
BDI,BDI,1266.89,892.98,1287.54,567.71,917.78,325.13,1771.97,1871.63,841.15,1812.94,932.24,798.26,1321.99,1965.12,1416.74
BDI,Commodity-Driven Deforestation,111.74,31.78,85.58,25.55,26.55,30.32,127.25,108.29,32.39,426.88,23.03,46.21,45.98,373.65,160.72
BDI,Forestry,35.33,2.15,7.6,5.14,2.46,2.15,9.37,9.14,3.84,35.46,11.37,13.44,7.14,120.2,2.84
BDI,Shifting Agriculture,1057.63,811.47,1131.77,516.59,855.75,285.45,1539.14,1456.87,672.91,1171.97,798.59,709.59,1174.26,1372.28,1091.21
BDI,Urbanization,62.19,47.59,62.59,20.42,33.02,7.22,96.21,297.34,132.02,178.63,99.26,29.02,94.61,98.98,161.98
BEL,BEL,780.01,2092.23,1832.14,4646.57,2822.63,6696.02,5827.02,6971.14,4970.84,10462.06,4830.84,5512.3,3286.72,4143.77,3290.93
BEL,Forestry,779.03,2079.83,1831.26,4639.94,2812.97,6688.12,5820.68,6970.02,4960.59,10443.62,4827.91,5508.78,3286.23,4139.03,3286
BEL,Shifting Agriculture,0.98,12.4,0.88,6.64,9.66,7.91,6.34,1.12,10.25,18.44,2.93,3.51,0.49,4.73,4.93
BEN,BEN,3705.68,3449.6,3457.03,678.65,1586.44,1785.04,4627.26,475.22,4914.75,522.75,651.46,2854.9,1305.74,1349.36,595.81
BEN,Commodity-Driven Deforestation,0,0,0,0,0,0,0,0,0,0,0,0,0,0,0
BEN,Forestry,0,0,0,0,0,0,0,0,0,0,0,0,0,0,0
BEN,Shifting Agriculture,3685.72,3434.54,3456.88,677.58,1583.92,1782.74,4624.43,468.79,4913.22,518.77,642.13,2851.46,1295.95,1345.46,594.12
BEN,Urbanization,19.96,15.06,0.15,1.07,2.52,2.29,2.83,6.42,1.53,3.98,9.33,3.44,9.79,3.9,1.68
BFA,BFA,41.52,3.1,0,2.64,10.79,2.79,2.26,3.93,3.78,6.81,10.72,0.23,0.23,0,0
BFA,Commodity-Driven Deforestation,0,0,0,0,0,0,0,0,0,0,0,0,0,0,0
BFA,Forestry,7.54,0.3,0,0.45,1.58,0.3,0.3,0.3,0.15,0,1.21,0,0,0,0
BFA,Shifting Agriculture,33.98,2.79,0,2.19,9.21,2.49,1.96,3.63,3.63,6.81,9.51,0.23,0.23,0,0
BGD,BGD,4406.55,3723.8,2092.63,4088.26,3172.34,6655.08,3773.12,4297.85,5483.78,4370.37,3886.88,5230.41,6002.91,12027.35,12567.92
BGD,Forestry,3415.76,2827.36,1645.76,3423.49,2678.09,5297.64,3098.19,3738.63,4756.84,3685.54,3287.79,4586.66,5593.14,10800.39,11379.97
BGD,Shifting Agriculture,470.32,650.14,213.97,370.71,273.58,945.1,386.06,314.59,379.79,340.11,296.26,290.75,226.44,921.1,586.23
BGD,Urbanization,520.47,246.3,232.91,294.06,220.67,412.34,288.87,244.63,347.15,344.73,302.82,353,183.33,305.86,601.72
BGR,BGR,7328.63,4218.85,4675.14,7365.28,6057.66,4632.04,8766.84,5922.54,5501.36,3293.17,2975.21,9184.33,3242,5972.78,6714.38
BGR,Forestry,7185.1,3910.57,4613.65,7169.59,6001.7,4564.01,8496.72,5435.55,5383.66,3226.41,2937.65,8453.67,3148.07,5889.9,6685.03
BGR,Shifting Agriculture,0,4.95,0.11,1,0.22,0.28,0,1,0.89,0.94,4.33,1.72,3.67,3.39,1.39
BGR,Wildfire,143.53,303.32,61.39,194.69,55.73,67.76,270.13,485.99,116.81,65.82,33.22,728.93,90.26,79.49,27.96
BHS,BHS,350.01,622.72,227,472.52,1315.82,840.87,519.63,1792.9,697.15,316.11,568.41,284.61,1507.27,853.56,1029.33
BHS,Commodity-Driven Deforestation,23.1,302.24,18.81,33.33,394.18,97.26,34.06,1092.51,65.37,44.99,104.77,66.1,705.1,105.69,394.35
BHS,Shifting Agriculture,317.9,302.9,193.14,420.77,611.48,544.68,466.71,623.7,531.49,260.51,322.08,151.83,715.29,697.15,367.51
BHS,Wildfire,9.01,17.58,15.04,18.42,310.16,198.93,18.86,76.69,100.28,10.61,141.55,66.68,86.88,50.72,267.47
BIH,BIH,1239.82,484.86,206.41,2953.04,362.57,333.55,2310.22,1077.34,999.2,610,704.39,1813.51,2076.64,1285.07,336.01
BIH,Forestry,1233.25,472.64,200.42,2663.97,358.65,330.5,2079.54,1019.31,985.67,599.56,692.27,1752.99,1941.13,1222.58,335.34
BIH,Wildfire,6.57,12.21,6,289.07,3.92,3.05,230.69,58.03,13.52,10.44,12.12,60.52,135.51,62.49,0.67
BLR,BLR,18090.39,25139.55,31839.24,38300.71,35842.18,41843.1,32312.99,35589.95,35250.91,35349.37,44923.18,39185.38,27880.93,33376.57,33597.88
BLR,Forestry,18033.91,25084.58,31711.67,38195.96,35581.57,41628.27,32150.92,35466.91,35105.29,35116.26,44360.45,38991.38,27725.74,33145.16,33459.09
BLR,Wildfire,56.48,54.97,127.58,104.75,260.61,214.83,162.07,123.04,145.62,233.11,562.73,194,155.19,231.4,138.79
BLZ,BLZ,8167.24,13398.37,6800.1,4288.38,8056.12,4255.54,12236.21,8177.16,10216.55,9697.18,26322.58,11498.31,16349.22,16424.71,12206.95
BLZ,Commodity-Driven Deforestation,1516.31,3730.35,1837.5,1459.66,1587.2,1109.64,1987.45,2593.4,3069.62,3086.05,13700.4,3988.94,4523.5,7365.57,5600.23
BLZ,Shifting Agriculture,6644.26,9657.68,4955.78,2822.41,6460.78,3142.08,10233.59,5576.28,7103.97,6555.04,12495.81,6831.95,11619.47,8600.39,6380.05
BLZ,Wildfire,6.67,10.34,6.82,6.3,8.14,3.81,15.18,7.48,42.96,56.09,126.37,677.42,206.25,458.75,226.68
BOL,BOL,138125.38,176691.31,162254.91,201070.61,248388.61,214252.47,187884.52,366775.5,223029.25,447158.8,326940.81,268473.64,176706.96,252481.13,164423.08
BOL,Commodity-Driven Deforestation,83440.87,114620.39,108071.94,134678.84,165737.21,158128.19,132451.41,284182.86,155991.32,339533.73,223243.94,184180.12,115472.75,165419.74,124586.19
BOL,Forestry,3646.83,5910.05,5404.54,6225.93,11487.92,5981.19,5165.71,5954.26,2834.07,3857.79,11117.46,9963.17,4187.93,3567.67,1318.3
BOL,Shifting Agriculture,50635.75,55415.55,48459.9,59539.9,70773.32,49493.31,49678.48,75034.05,63534.77,97374.32,90382.88,72847.86,56490.17,82209.57,37768.8
BOL,Wildfire,401.94,745.31,318.52,625.94,390.16,649.79,588.91,1604.33,669.09,6392.96,2196.54,1482.49,556.11,1284.14,749.8
BRA,BRA,2732281.59,3496326.6,3237737.03,3836397.37,3474619.3,2865337.57,2609555.67,2432173.72,1806323.14,2673985,1909928.01,2885383.26,1929597,2673132.15,2210908.56
BRA,Commodity-Driven Deforestation,1822519.05,2529655.3,2408043.23,2912385.11,2548445.53,1927630.29,1708412.87,1494303.57,1067952.95,1636737.09,1210078.63,1737680.83,1036056.19,1525397.56,1370900
BRA,Forestry,340881.89,410836.19,359541.38,403754.16,402449.74,378633.21,354054.65,342544.42,271407.44,374084.82,306940.21,450670.48,287199.32,363682.72,261515.18
BRA,Shifting Agriculture,563858.2,550010.61,465058.88,515028.09,518860.36,554816.46,540783.87,588985.57,462437.02,658000.77,388942.73,690903.28,600886.19,777608.23,574074.36
BRA,Urbanization,3128.77,3893.11,3377.78,3040.9,2993.32,2636.9,3863.71,3776.17,2861.92,3276.67,2454.92,4023.72,3767.18,3920.39,2508.32
BRA,Wildfire,1893.68,1931.39,1715.76,2189.1,1870.34,1620.71,2440.57,2563.99,1663.82,1885.65,1511.52,2104.95,1688.13,2523.24,1910.7
BRB,BRB,9.59,8.84,2.25,7.57,7.64,3.3,25.63,9.37,10.12,11.77,15.36,107.47,4.65,1.87,1.95
BRB,Shifting Agriculture,9.59,8.84,2.25,7.57,7.64,3.3,25.63,9.37,10.12,11.77,15.36,107.47,4.65,1.87,1.95
BRN,BRN,1239.31,1084.86,796.26,1185.4,1276.63,1007.91,1557.31,1296.04,2161.34,957.93,2608.01,1819.9,887.25,2207.6,1718.63
BRN,Commodity-Driven Deforestation,371.48,231.74,224.62,409.49,470.03,373.01,748.26,735.56,1316.52,438.2,1524.64,755.33,278.85,732.78,658.95
BRN,Forestry,571.59,632.87,414.89,615.78,544.71,493.34,619.86,381.88,669.82,338.37,740.89,840.65,529.34,1274.44,846.42
BRN,Shifting Agriculture,296.25,220.25,156.75,160.12,261.89,141.56,189.19,178.6,175,181.36,342.48,223.92,79.06,200.38,213.27
BTN,BTN,176.1,150.73,357.36,741.72,543.01,392.25,340,581.89,779.05,3286.18,777.54,541.42,409.71,1056.48,633.58
BTN,Commodity-Driven Deforestation,74,49.33,179.6,379.01,186.67,183.47,192.94,340.81,505.46,1550.87,516.67,373.44,252.98,641.42,381.26
BTN,Forestry,86.42,76.77,72.57,209.48,136.38,112.79,85.38,146.28,152.38,494.86,193.59,124.92,105.81,328.1,153.27
BTN,Shifting Agriculture,5.85,22.98,38.36,88.37,129.05,59.72,18.58,70.08,51.41,454.72,45.57,28.97,18.7,31.47,24.04
BTN,Wildfire,9.83,1.65,66.83,64.87,90.91,36.27,43.1,24.73,69.8,785.73,21.71,14.09,32.22,55.48,75.01
BWA,BWA,7.73,12.37,0.44,3.71,11.13,8.66,5.02,1.46,2.91,5.56,0.15,0.88,3.2,2.55,0
BWA,Commodity-Driven Deforestation,3.2,1.96,0.29,0.65,0.65,4.51,1.89,0.8,1.02,0.07,0,0,1.82,0.15,0
BWA,Forestry,0,0,0,0,0,0,0,0,0,0,0,0,0,0,0
BWA,Shifting Agriculture,4.53,10.41,0.15,3.06,10.48,4.15,3.13,0.66,1.89,5.49,0.15,0.88,1.38,2.41,0
CAF,CAF,27681.38,30389.52,12123.36,13377.49,27177.97,55112.97,35121.2,30445.2,44461.62,46287.56,45773.56,53259.32,40816.07,54567.05,26368.11
CAF,Commodity-Driven Deforestation,107.08,89.88,32.77,34.09,62.33,194.19,43.15,368.2,83.21,471.89,222.37,109.93,152.2,132.94,86.51
CAF,Forestry,185.53,21.33,1.53,128.9,181.54,53.4,572.86,0.31,673.99,250.6,73.81,569.25,86.32,129.21,38.82
CAF,Shifting Agriculture,27359.62,30261.28,12083.45,13201.68,26924.28,54852.4,34452.95,30055.52,43653.93,45440.4,45421.6,52394.16,40515.09,54226.87,26216.61
CAF,Urbanization,29.16,17.03,5.6,12.81,9.82,12.97,52.25,21.18,50.49,124.69,55.78,185.99,62.46,78.03,26.16
CAN,CAN,1338246.52,2294188.36,1596433.32,2685786.01,2904629.9,2385762.11,2099817.12,1928361.74,1533648.43,2085753.16,2142858.88,2517845.28,2785559.41,2627172.05,2724272.14
CAN,Commodity-Driven Deforestation,7815.06,8242.79,5344.91,9756.48,16271.01,11176.32,5808.52,6690.45,6397.76,6826.51,5225.07,10925.98,7547.73,8033.5,9679.44
CAN,Forestry,770594.53,917656.95,698379.11,1167651,1162297.31,1060134.52,1061905.83,785142.71,749273.52,847728.66,762719.92,977937.06,758195.62,870124.39,987448.69
CAN,Shifting Agriculture,37.75,36.39,33.25,59.5,130.35,63.35,33.98,24.23,40.66,27.96,71.19,174.96,25.97,236.35,10.47
CAN,Urbanization,3506.24,4426.94,4569.23,6664.29,5243.14,4713.18,5374.98,4272.61,3728.22,3774.47,2886.46,4605.04,2489.76,3297.16,3536.41
CAN,Wildfire,556292.93,1363825.28,888106.81,1501654.74,1720688.11,1309674.74,1026693.81,1132231.74,774208.27,1227395.56,1371956.24,1524202.24,2017300.33,1745480.65,1723597.12
CHE,CHE,999.56,775.13,360.19,3357.92,2067.71,1729.24,1614.17,2014.45,1909.55,1415.19,1723.98,1273.72,638.48,1226.8,649.94
CHE,Forestry,999.56,775.13,360.19,3357.92,2067.71,1729.24,1614.17,2014.45,1909.55,1415.19,1723.98,1273.72,638.48,1226.8,649.94
CHL,CHL,71715.2,77099.59,80968.64,83826.22,104935.39,90413.07,119044.12,120715.29,87248.47,89887.65,97469.45,171415.87,100819.52,117939.67,105403.22
CHL,Commodity-Driven Deforestation,1410.77,7704.66,2808.44,2690.62,3592.19,2877.5,5039.5,10946.47,7647.19,8727.74,9548.11,42007.39,4541.73,8459.81,8836.19
CHL,Forestry,65767.7,65354.92,73188.4,76000.31,94423.85,83684.39,106216.85,100819.14,75647.78,76024.33,83549.03,118190.18,90618.72,102497.74,91030.04
CHL,Shifting Agriculture,4459.94,2707.08,4690.34,4860.07,6602.83,3595.71,6991.61,7844.04,3594.82,4824.72,4145.39,10765.21,5398.56,6544.47,5184.83
CHL,Urbanization,12.31,42.47,39.63,43.75,68.71,39.2,113.04,105.34,157.93,142.56,32.77,85.1,111.61,367.91,196
CHL,Wildfire,64.48,1290.46,241.82,231.47,247.81,216.27,683.12,1000.31,200.75,168.3,194.15,367.99,148.89,69.75,156.17
CHN,CHN,215592.6,233935.12,253455.32,486081.06,371579.8,560318.66,637121.69,720612.29,584474.89,611827.68,584535.72,586429.19,431102.04,522958.56,484848.09
CHN,Commodity-Driven Deforestation,934.18,1183.62,986.68,2202.42,3040.99,2846.64,4498.76,10728.56,5879.43,4314.6,3776.28,4345.81,3305.14,3592.6,2891.13
CHN,Forestry,178466.25,198061.73,179465.4,381427.03,325300.15,447681.44,582768.4,661284.37,535931.44,560707.75,551120.4,551491.36,414471.33,502920.3,471280.38
CHN,Shifting Agriculture,5054.6,6199.45,2873.63,5517.38,5050.64,7479.81,7192.81,8292.57,8898.45,8336.73,5528.11,9383.33,3296.95,3317.79,2801.56
CHN,Urbanization,2537.89,2336.32,2220.08,5666.17,4163.24,5852.66,7307.99,6850.33,6031.98,5938.64,6416.87,6003.21,5166.78,6621.33,6171.91
CHN,Wildfire,28599.68,26154,67909.52,91268.05,34024.77,96458.11,35353.73,33456.46,27733.59,32529.96,17694.07,15205.49,4861.85,6506.54,1703.11
CIV,CIV,122669.39,144504.92,86205.91,48013.81,65297.9,97754.97,90824.83,127490.55,108821.93,92444.99,124632.48,96093.62,175684.3,346681.02,152391.37
CIV,Commodity-Driven Deforestation,7492.06,11076.94,7188.68,3151.28,4274.68,6794.18,5972.25,11110.63,8599.23,6548.78,12789.43,9565.57,12364.81,16067.44,9205.26
CIV,Forestry,1490.48,1323.05,782.09,290.12,275.35,1495.15,613.5,1562.19,2197.44,1023.51,2209.85,715.77,1365.05,1814.53,782.1
CIV,Shifting Agriculture,113602.13,132033.84,78115.34,44545.45,60602.25,89362.69,84051.63,114620.33,97589.32,84755.26,109418.18,85697.3,161811.12,328537.67,142299.21
CIV,Urbanization,84.72,71.09,119.81,26.96,145.62,102.96,187.45,197.41,435.94,117.43,215.02,114.98,143.33,261.37,104.79
CMR,CMR,37707.9,27823.31,24508.6,22105.2,24235.49,35012.81,44438.35,34298.17,34121.28,56423.37,26907.84,49931.62,81909.34,178432.3,77541.18
CMR,Commodity-Driven Deforestation,2159.51,1109.24,1182.37,744.56,1094.33,2140.5,2447.51,1649.65,1683.4,4929.52,3280.26,5040.22,6652.01,10923.48,8423.59
CMR,Forestry,814.95,641.32,771.61,205.76,464.52,861.43,1186.84,945.16,454.77,2710.54,788.21,1248.78,1238.98,1635.25,631.03
CMR,Shifting Agriculture,34239.79,26025.79,22058.87,20997.04,22350.75,31530.65,40260.4,31157.26,31790.83,46900.54,22108.14,42459.28,73067.16,162932.5,67191.47
CMR,Urbanization,493.65,46.97,495.76,157.83,325.9,480.23,543.6,546.09,192.28,1882.77,731.22,1183.35,951.2,2941.06,1295.09
COD,COD,450306.64,509121.98,270524.67,395854.66,481107.99,449565.99,458661.07,401894.09,629386.63,804096.54,424974.08,624105.76,911768.96,1326097.51,922052.97
COD,Commodity-Driven Deforestation,13675.86,14895.3,7618.42,13862.46,15045.48,24227.71,15062.66,13890.51,25356.98,25743.39,13008.8,28390.35,31882.34,43074.1,29026.02
COD,Forestry,3043.06,1455.38,632.68,2123.88,1332.91,2902.49,3592.31,1650.18,2210.6,1951.49,2648.23,2194.57,2605.39,4682.64,3340.41
COD,Shifting Agriculture,433207.81,492582.71,261931.48,379123.41,463461.27,422130.53,439547.13,384992.05,600943.41,776014.07,409001.36,593115.14,875637.77,1276173.26,888286.65
COD,Urbanization,379.91,188.59,342.1,744.91,1268.33,305.26,458.97,1361.34,875.65,387.6,315.7,405.7,1643.46,2167.52,1399.89
COG,COG,25534.37,23511.93,17839.01,13416.46,18064.67,20965.31,28564.36,16906.16,18023.93,42365.78,27185.09,30822.91,52633.02,69457.52,46489.98
COG,Commodity-Driven Deforestation,796.48,1425.84,1466.66,584.74,529.74,1106.36,1336.02,598.09,626.82,2281.86,1317.21,1112.84,1878.88,2461.62,1493.46
COG,Forestry,219.68,443.8,35.04,23.77,175.36,183.73,362.02,666.26,532,172.99,760.58,5.9,890.8,708.76,266.16
COG,Shifting Agriculture,24438.48,21619.67,16282.8,12779.2,17326.83,19620.79,26832.06,15595.04,16799.64,39782.68,25086.06,29703.78,49824.85,66267.13,44716.56
COG,Urbanization,79.73,22.62,54.51,28.75,32.74,54.43,34.27,46.76,65.47,128.26,21.24,0.38,38.48,20.01,13.8
COL,COL,226566.61,179372.26,120620.91,250301.3,186159.06,187313.98,266031.59,228780.8,234475.28,193131.45,186770.64,222021.25,135958.09,198817.54,138835.61
COL,Commodity-Driven Deforestation,32536.01,38543.68,16451.09,57549.2,39103.15,37479.39,76724.78,60917.09,38821.94,37654.99,50006.95,37122.04,37517.71,55351.83,31878.03
COL,Forestry,11077.51,9303.37,9064.56,10070.57,9077.84,11051.99,9951.74,10683.08,11395.8,8350.27,9005.75,10982.23,6434.09,9288.67,7446.69
COL,Shifting Agriculture,181944.42,130656.77,94710.78,181436.93,137055.69,137317.4,178145.85,155762.35,182650.71,146281.36,126733.17,172739.86,91437.32,133203.6,98884.92
COL,Urbanization,863.64,660.67,298.8,967.55,770.61,1107.35,879.71,1106.63,1184.27,645.65,857.95,815.93,462.93,701.22,503.34
COL,Wildfire,145.02,207.77,95.67,277.06,151.78,357.83,329.51,311.64,422.56,199.18,166.83,361.21,106.03,272.22,122.63
COM,COM,34.64,40.07,25.22,40.08,79.33,12.66,73.74,31.19,109.12,88.24,119.22,117.89,1634.24,1346.89,401.45
COM,Shifting Agriculture,34.64,40.07,25.22,40.08,79.33,12.66,73.74,31.19,109.12,88.24,119.22,117.89,1634.24,1346.89,401.45
CPV,CPV,1.26,0.3,0,0.07,1.26,0.37,0,0.07,2.23,0.45,0.45,0,0.07,0.22,0
CPV,Forestry,1.26,0.3,0,0.07,1.26,0.37,0,0.07,2.23,0.45,0.45,0,0.07,0.22,0
CRI,CRI,15376.94,13218.02,8202.13,9678.08,16450.49,9985.29,11369.64,21723.45,22296.4,13035.43,10406.03,10251.65,7659.09,10816.57,3279.33
CRI,Commodity-Driven Deforestation,73.92,49.86,48.27,112.82,172.27,17.84,53.39,38.12,161.51,72.1,31.3,24.45,15.42,57.27,46.25
CRI,Forestry,659.44,404.01,314.39,327.85,761.13,512.15,478.95,1041.08,1446.7,450,689.5,805.7,960.07,1295.53,426.47
CRI,Shifting Agriculture,14134.29,12249.65,7558.17,9052.81,15181.01,9231.62,10567.75,20137.75,20207.14,12143.3,9534.94,9245.63,6507.35,9284.99,2740.01
CRI,Urbanization,140.29,271.08,28.21,62.78,115.72,94.48,67.03,105.93,222.71,60.21,52.17,77.35,33.75,38.83,42.16
CRI,Wildfire,369.01,243.41,253.1,121.81,220.37,129.19,202.52,400.56,258.35,309.82,98.12,98.52,142.51,139.96,24.43
CUB,CUB,18513.39,14681.61,6347.81,21140.49,12457.47,11960.37,7689.93,16561.69,15817.29,8429.42,15923.25,10062.59,5828.77,5649.15,6546.18
CUB,Commodity-Driven Deforestation,860.08,4785.79,498.31,788.6,789.43,811.88,1267.11,754.4,686.22,633.7,1044.76,890.14,468.88,349.42,346.65
CUB,Forestry,2700.57,2739.08,1498.97,6340.27,3220.55,2694.02,2172.37,4265.6,4539.34,2435.8,5048.96,1816.71,1968.37,2266.47,2663.6
CUB,Shifting Agriculture,14772.24,6550.49,4264.2,13733.68,8284.97,8197.31,4146.81,11441.9,10400.77,5287.64,9581.16,7213.99,3288.42,2943,3406.64
CUB,Urbanization,17.75,16.96,31.8,30.17,32.72,35.56,24.49,40.32,52.39,30.52,29.67,35.92,34.94,8.73,19.89
CUB,Wildfire,162.76,589.29,54.53,247.78,129.8,221.6,79.15,59.46,138.57,41.76,218.69,105.82,68.16,81.53,109.4
CYM,CYM,15.46,4.8,6.11,46.09,8.65,17.74,14.6,31.4,27.85,33.77,33.89,6.32,17.6,6.76,0.07
CYM,Shifting Agriculture,15.46,4.8,6.11,46.09,8.65,17.74,14.6,31.4,27.85,33.77,33.89,6.32,17.6,6.76,0.07
CYP,CYP,68.81,20.29,20.67,56.34,19.15,40,760.5,82.89,46.05,42.67,69.85,25.12,9.52,26.27,10.54
CYP,Forestry,62.85,11.98,10.33,42.02,8.68,20.41,62.75,56.37,28.35,24.4,49.81,10.21,5.27,8.5,4.7
CYP,Shifting Agriculture,3.55,6.09,9.64,9.64,8.75,11.79,692.43,24.55,17.58,18.28,18.83,14.84,4.19,15.29,5.84
CYP,Wildfire,2.41,2.22,0.7,4.69,1.71,7.79,5.32,1.96,0.13,0,1.2,0.06,0.06,2.47,0
CZE,CZE,3412.5,6687.69,3901.44,13306.95,25347.75,8531.82,21180.63,16772.09,13411.79,15348.11,21703.66,13873.08,7606.85,13842.49,7989.82
CZE,Forestry,3412.5,6687.69,3901.44,13306.95,25347.75,8531.82,21180.63,16772.09,13411.79,15348.11,21703.66,13873.08,7606.85,13842.49,7989.82
DEU,DEU,14037.19,14558.89,6139.46,43127.66,38120.06,40830.74,91702.33,59558.08,27410.48,72480.99,32717.5,24653.55,14781.5,19949.76,12226.38
DEU,Forestry,14031.25,14557.15,6139.36,43118.33,38101.92,40814.38,91640.67,59534.23,27392.88,72365.41,32691.53,24650.69,14778.65,19946.13,12226.14
DEU,Wildfire,5.94,1.74,0.1,9.33,18.14,16.36,61.66,23.85,17.6,115.58,25.96,2.85,2.85,3.63,0.24
DMA,DMA,6.98,8.39,19.52,54.19,33.48,17.15,21.15,55.44,46.55,62.28,34.07,95.74,12.1,7.42,1.56
DMA,Shifting Agriculture,6.98,8.39,19.52,54.19,33.48,17.15,21.15,55.44,46.55,62.28,34.07,95.74,12.1,7.42,1.56
DNK,DNK,3906.16,1109.14,1498.52,2194.01,8669.4,4965.03,4165.93,5622.71,6258.84,3991.77,2926.13,4084.32,1883.01,4888.24,2288.01
DNK,Forestry,3906.16,1109.14,1498.52,2194.01,8669.4,4965.03,4165.93,5622.71,6258.84,3991.77,2926.13,4084.32,1883.01,4888.24,2288.01
DOM,DOM,11222.61,10403.05,10688.47,19339.48,25042.29,13386.08,16004.01,21576.66,13909.34,14074.41,12942.26,17876.99,12668.9,13626.77,14985.36
DOM,Commodity-Driven Deforestation,713.79,365.62,375.65,1126.4,7189.54,979.76,999.34,1607.7,675.38,491.71,609.17,1555.85,2627.59,874.5,1923.43
DOM,Forestry,781.8,942.65,599.53,719.65,713.18,667.1,772.45,897.55,1131.17,952.21,511.21,1268.35,1379.49,1324.36,1808.15
DOM,Shifting Agriculture,9514.7,8950.23,9616.27,17197.31,16799.94,11532.92,13936.67,18671.76,11912.48,12389.09,11512.11,14844.15,8553.29,11305.38,11082.95
DOM,Urbanization,205.78,142.74,93.24,265.97,331.13,200.86,286.33,393.77,184.86,231.01,307.81,201.74,106.57,121.88,166.98
DOM,Wildfire,6.54,1.82,3.78,30.14,8.5,5.45,9.22,5.88,5.45,10.39,1.96,6.9,1.96,0.65,3.85
DZA,DZA,3249.27,2777.04,3550.55,4085.46,4253.54,5071.08,4952.99,7683.62,9868.46,2492.7,8092.8,10620.72,6786.79,9365.89,5600.71
DZA,Commodity-Driven Deforestation,127.02,157.98,413.27,178.31,268.53,416.23,232.94,254.89,871.28,313.81,595.6,1044.92,1445.62,742.92,639.13
DZA,Forestry,761.91,558.52,883.94,934.64,623.89,670.05,862.7,1407.84,2305.76,340.69,1173.63,1253.06,950.09,1757.28,705.34
DZA,Shifting Agriculture,1933.91,1964.97,2150.57,2691.6,3183.05,3792.42,3124.82,4876.04,6180.96,1683.98,5850.84,7555.94,4114.08,6305.98,3764.61
DZA,Urbanization,426.43,95.57,102.78,280.91,178.08,192.38,732.53,1144.85,510.46,154.22,472.73,766.81,277.01,559.7,491.63
ECU,ECU,43965.08,29199.02,13469.99,36532.14,39793.35,34948.75,59737.93,51344.78,56913.56,33117.36,43032.05,72894.64,47526.37,30248.05,29342.66
ECU,Commodity-Driven Deforestation,208.92,158.92,76.25,201.73,279.79,212.67,382.83,369.14,331.47,185,207.45,326.56,506.11,358.37,273.8
ECU,Forestry,3138.27,1439.34,242.76,1679.37,1386.61,1912.07,1946.99,3266.86,3082.26,926.89,1455.72,2235.21,1617.58,1508.05,617
ECU,Shifting Agriculture,40390.08,27522.39,13113.44,34448.96,37978.95,32681.25,57213.64,47476.09,53322.55,31938.09,41246.42,69674.83,45268.75,28277.02,28351.39
ECU,Urbanization,227.81,78.38,37.54,202.09,148,142.75,194.47,232.69,177.28,67.38,122.46,658.05,133.93,104.62,100.47
EGY,EGY,31.2,8.58,21.31,15.96,12.66,11.81,29.75,35.12,21.37,39.89,47.77,145.13,31.72,50.78,26.5
EGY,Forestry,24.86,7.98,17.54,13.98,10.95,11.35,21.76,19.59,18.07,38.7,33.43,140.24,27.69,43.25,25.12
EGY,Shifting Agriculture,4.16,0.4,2.25,0.86,1.39,0.33,7.73,15.33,3.3,0.59,13.55,3.77,0.4,4.29,0
EGY,Urbanization,2.18,0.2,1.52,1.12,0.33,0.13,0.26,0.2,0,0.59,0.79,1.12,3.63,3.23,1.39
ESP,ESP,31404.05,36267.48,22103.11,65698.01,47511.65,70962.94,58412.25,42990.35,65870.02,54455.18,38613.92,79011.41,62607.4,72989.5,64127.46
ESP,Forestry,30246.24,35868.51,21486.54,64058.47,39611.63,68110.25,56825.22,41287.82,63116.31,53275.4,38106.76,66779.4,61657.27,71116.31,61642.68
ESP,Shifting Agriculture,16.29,3,5.39,125.94,46.58,38.53,15.12,7.11,61.4,14.82,2.06,1.48,2.38,403.83,2.94
ESP,Wildfire,1141.53,395.97,611.18,1513.6,7853.45,2814.15,1571.9,1695.41,2692.31,1164.95,505.1,12230.53,947.75,1469.36,2481.85
EST,EST,16834.87,21895.06,5626.09,18071.1,14772.48,21671.9,16147.84,18259.25,18797.94,21468.85,27124.17,17639.33,17039.54,23501.16,25302.08
EST,Forestry,16825.77,21885.56,5623.64,18058.74,14752.83,21653.27,16143.2,18245.83,18788.4,21458.13,27114.87,17628.53,17031.6,23469.37,25278.47
EST,Wildfire,9.09,9.5,2.45,12.36,19.65,18.63,4.63,13.42,9.54,10.72,9.3,10.8,7.95,31.8,23.61
ETH,ETH,10748.86,12111.79,13254.31,12551,15110.65,11463.4,24584.75,22832.09,27953.14,19300.2,14542.9,40192.31,29362.05,30934.89,9808.37
ETH,Commodity-Driven Deforestation,167.53,153.48,182.04,230.06,382.12,478.62,1662.21,775.27,728.89,524.09,505.17,301.17,424.83,229.41,123.72
ETH,Forestry,31.38,45.55,13.82,55.19,314.34,23.35,142.76,108.26,132.79,187.4,101.23,161.58,93.94,97.2,111.47
ETH,Shifting Agriculture,10544.23,11893.07,13056.16,12255.06,14282.25,10950.13,22767.8,21935.04,27064.74,18567.03,13923.39,39673.84,28795.78,30565.99,9488.39
ETH,Urbanization,5.19,4.65,2.14,10.69,131.93,7.25,11.98,13.52,25.89,20.54,13.11,50.9,43.9,29.7,13.13
ETH,Wildfire,0.53,15.05,0.15,0,0,4.05,0,0,0.84,1.15,0,4.81,3.59,12.61,71.67
FIN,FIN,150871.5,142245.51,89623.05,146186.58,230114.41,181950.61,151763.6,199961.86,175999.43,167323.13,159105.99,160093.75,148445.08,186401.95,172450.24
FIN,Forestry,150780.55,142111.29,89393.69,145911.45,230088.04,181584.13,151702.1,199763.91,175739.59,167032.26,158812.81,159765.81,148209.02,186251.72,172299.34
FIN,Wildfire,90.96,134.22,229.36,275.13,26.36,366.47,61.5,197.95,259.84,290.87,293.19,327.94,236.06,150.22,150.91
FJI,FJI,1006.35,654.73,1456.5,1782.19,1536.19,1740.95,2005.95,2184.46,1616.9,2053.57,456.95,1045.92,2355.88,3039.4,1640.63
FJI,Commodity-Driven Deforestation,681.51,408.79,819.54,733.39,682.39,978.8,1544.41,1435.49,1093.9,955.53,288.24,601.68,564.19,553.29,326.53
FJI,Forestry,228.91,166.12,459.17,708.09,455.79,542.3,282.73,211.98,180.84,616.56,44.52,278.7,1162.71,1425.87,879.87
FJI,Shifting Agriculture,28.71,29.3,42.74,39.91,107.82,39.62,37.39,125.74,72.37,74.95,27.9,47.15,68.15,319.4,107.61
FJI,Urbanization,1.17,0.44,0.81,1.03,0.15,0.22,0.73,1.1,0.37,1.1,2.28,3.89,27.66,14.38,1.61
FJI,Wildfire,66.05,50.07,134.25,299.78,290.04,180.01,140.69,410.16,269.43,405.42,94.02,114.5,533.17,726.45,325
FRA,FRA,30800.9,32047.21,24629.18,72370.38,43594.86,52071.7,46466.88,81159.17,63979.72,139122.49,61221.05,62866.41,28928.77,42304.62,35627.62
FRA,Forestry,30724.93,31951.85,24260.21,71476.51,43428.48,51858.33,46319.87,80819.16,63782.71,138912.84,60957.88,62382.38,28862.33,42172.64,35544.58
FRA,Shifting Agriculture,12.31,24.18,28.86,330.69,22.61,70.4,38.19,32.92,53.72,37.15,80.04,241.92,20.75,54.94,8.49
FRA,Wildfire,63.66,71.18,340.11,563.18,143.78,142.97,108.81,307.09,143.29,172.5,183.12,242.11,45.7,77.03,74.55
FSM,FSM,0,0,0,0,0,0,0,0,0,31.12,0,0,0,0,0
FSM,Forestry,0,0,0,0,0,0,0,0,0,31.12,0,0,0,0,0
GAB,GAB,13667.36,12670.87,15522.95,9292.82,15892.54,17581.04,14764.35,15987.28,14636.56,9559.43,16842.31,16708.65,40717.8,43047.13,24752.03
GAB,Commodity-Driven Deforestation,592.46,188.58,298.23,340.38,371.75,340.98,199.59,300.95,176.37,119.29,667.41,1535.3,4183.87,3012.97,2102.54
GAB,Forestry,15.31,37.93,32.7,0.85,31.7,35.7,8.39,6.15,14.39,13.39,58.39,14.54,175.17,150.17,36.39
GAB,Shifting Agriculture,13059.59,12444.36,15192.03,8951.59,15489.09,17204.36,14556.37,15680.18,14445.81,9426.75,16116.51,15158.81,36358.75,39883.99,22613.1
GBR,GBR,20216.01,18840.85,1799.94,24084.92,7986.95,19708.38,30226.85,11042.84,36561.34,26941.54,21670.26,34272.99,27479.98,29045.82,23342.74
GBR,Forestry,20053.54,18671.07,1787.64,23935.68,7816.19,19546.51,29657.18,10619.89,35992.48,26606.46,20773.26,33435.34,26802.2,28180.15,22910.14
GBR,Wildfire,162.47,169.78,12.3,149.24,170.76,161.86,569.67,422.95,568.86,335.09,897,837.65,677.78,865.67,432.6
GEO,GEO,245.74,211.25,32.23,1286.05,159.22,153.23,586.22,431.17,214.69,367.15,319.23,169.36,42.74,36.68,3.96
GEO,Forestry,233.88,187.77,30.92,1230.61,143.56,151.1,576.01,425.86,198.79,295.54,288.06,141.54,42.39,36.45,3.44
GEO,Shifting Agriculture,2.34,0.29,1.31,1.26,2.97,0.46,6.63,0.06,9.32,56.83,30.07,23.78,0,0,0
GEO,Wildfire,9.52,23.19,0,54.19,12.69,1.67,3.58,5.25,6.58,14.78,1.1,4.04,0.35,0.23,0.52
GHA,GHA,43570.77,78337.5,24937.52,17614.71,41317.14,27110.69,40154.44,37802.02,38229.59,19483.05,36225.97,36602.02,81176.31,120226.85,57386.74
GHA,Commodity-Driven Deforestation,787.26,2457.04,1135.94,506.01,1342.87,726.93,2910.96,1471.1,1906.81,521.22,3036.63,2590.63,5817.04,6589.7,7574.86
GHA,Forestry,47.8,295.68,78.94,47.9,227.78,144.55,522.08,27.9,217.13,19.54,70.36,250.08,221.8,179.15,173.05
GHA,Shifting Agriculture,42663.29,75240.38,23375.56,16957.13,39623.96,26106.11,36563.15,36164.78,35865.75,18835.7,32968.61,33492.24,74573.52,112918.42,49404.12
GHA,Urbanization,72.42,344.39,347.07,103.67,122.53,133.11,158.25,138.25,239.9,106.59,150.37,269.06,563.94,539.59,234.71
GIB,GIB,0,0,0,0,0,0,0,0,0,0,0,0,0,0,0
GIB,Forestry,0,0,0,0,0,0,0,0,0,0,0,0,0,0,0
GIN,GIN,18533.09,28884.02,9199.86,17082.43,14529.49,15275.13,33749.7,21425.31,23329.58,16012.01,27617.81,24425.24,146078.8,132632,161739.99
GIN,Commodity-Driven Deforestation,440.17,839.73,216.9,430.52,369.04,270.88,558.18,268.06,614.29,374.15,378.22,2284.87,16048.43,16476.6,20331.8
GIN,Forestry,0.15,10.89,0.08,3.95,3.56,4.1,33.92,5.22,50.7,5.68,19.27,28.62,44.81,33.03,34.94
GIN,Shifting Agriculture,18051.56,27935.95,8954.1,16631.92,14142.92,14976.14,33105.08,21141.72,22641.89,15618.81,27199.24,22039.64,129775.86,115825.83,140888.46
GIN,Urbanization,20.06,88.54,24.56,3.13,8.83,24.01,47.31,7.38,20.28,10.43,18.36,69.77,140.72,205.81,227.62
GIN,Wildfire,21.15,8.91,4.23,12.92,5.14,0,5.21,2.95,2.42,2.95,2.72,2.34,68.98,90.73,257.16
GLP,GLP,296.3,42.01,69.19,169.28,193.57,53.1,136.93,117.19,103.46,104.9,61.85,264.28,149.75,188.51,46.12
GLP,Forestry,59.73,2.73,4.58,14.64,12.86,8.28,12.35,17.37,16.63,10.2,7.84,28.83,16.71,15.6,8.28
GLP,Shifting Agriculture,236.57,39.28,64.6,154.65,180.7,44.82,124.59,99.81,86.83,94.7,54.02,235.45,133.04,172.91,37.84
GMB,GMB,3.15,35.97,10.34,61.89,5.25,6.07,48.78,296.84,8.47,23.75,29.97,40.69,12.22,17.39,9.97
GMB,Commodity-Driven Deforestation,0.07,1.87,0.6,3.07,0.75,0.75,9.14,26.23,2.4,9.44,3.3,3.9,5.85,10.87,2.4
GMB,Forestry,0,0,0,0,0,0,0,0,0,0,0,0,0,0,0
GMB,Shifting Agriculture,3.07,21.36,6.22,49.82,3.75,4.5,26.3,235.92,4.95,12.14,19.63,32.3,6.37,6.52,7.27
GMB,Urbanization,0,12.74,3.52,8.99,0.75,0.82,13.34,34.69,1.12,2.17,7.04,4.5,0,0,0.3
GNB,GNB,2352.27,6048.91,1020.6,3513.23,3915.74,1997.66,6032.86,3231.76,7893.35,4858.39,4259.32,3496.59,20573.2,12781.29,12579.29
GNB,Commodity-Driven Deforestation,106.48,546.62,96.18,176.23,339.05,118.47,223.92,173.76,560.68,440.35,424.22,355.16,2122.65,1469.27,1539.49
GNB,Forestry,0.83,19.61,0.15,8.37,3.24,15.31,5.13,11.16,55.97,45.71,14.03,12.44,131.13,121,82.11
GNB,Shifting Agriculture,2244.96,5482.67,924.26,3328.63,3573.44,1863.88,5803.81,3046.83,7276.71,4372.33,3821.07,3128.99,18319.42,11191.01,10957.7
GNQ,GNQ,3535.89,2942.05,1873.29,414.66,1544.12,1201.33,3038.16,4766.46,5626.11,6516.72,7668.53,4908.14,7113.08,18960.42,7416
GNQ,Commodity-Driven Deforestation,358.71,192.92,198.05,85.58,230.77,157.64,908.68,496.79,666.94,1533.11,877.01,692.22,1423.11,2105.38,964.61
GNQ,Forestry,83.66,26.14,43.21,10.77,24.3,7.23,149.94,55.67,63.51,293.58,209.54,155.63,756.41,329.41,113.34
GNQ,Shifting Agriculture,3093.52,2646.44,1627.96,311.41,1257.04,1026.49,1979.54,4212.92,4871.85,4568.95,6553.12,4059.21,4912.45,16333.3,6337.13
GNQ,Urbanization,0,76.54,4.07,6.91,32.02,9.98,0,1.07,23.8,121.07,28.87,1.07,21.11,192.32,0.92
GRC,GRC,11772.27,4306.82,2054.34,5809.3,3587.13,6520.48,44923.95,20184.92,5830.04,7177.44,5539.19,12347.66,5555.06,3311.5,3381.97
GRC,Forestry,10637.52,3764.38,1791.9,5491.76,2966.42,5856.21,29290.42,11145.82,4635.11,4956.93,4804.33,9283.41,3042.22,2757.61,2393.63
GRC,Urbanization,0,0.56,0.99,8.07,1.37,0,3.54,31.11,3.23,0.99,2.3,19.99,0,0.12,0.19
GRC,Wildfire,1134.75,541.88,261.45,309.48,619.34,664.27,15629.99,9007.99,1191.7,2219.52,732.57,3044.26,2512.84,553.77,988.15
GRD,GRD,31.15,64.18,68.34,612.88,45.38,27.84,63.75,59.14,91.36,139.08,39.06,39.21,24.15,80.15,6.25
GRD,Shifting Agriculture,31.15,64.18,68.34,612.88,45.38,27.84,63.75,59.14,91.36,139.08,39.06,39.21,24.15,80.15,6.25
GTM,GTM,53258.52,55508.79,98097.41,56356.93,100770.29,52476.08,126450.82,77063.81,86851.94,59588.72,40501.4,83826.4,54944.66,61759.21,54105.55
GTM,Commodity-Driven Deforestation,5183.73,5685.69,24186.48,9141.92,21320.11,7622.28,28342.36,13054.06,16860.94,6808.31,4285.19,8551.04,6854.02,8868.63,9945.02
GTM,Forestry,6227.65,8148.45,9501.85,7533.74,13765.96,6021.67,15981.17,9868.44,10841.14,6790.24,4530.1,8748.14,4846.35,5355.36,5694.03
GTM,Shifting Agriculture,40660.05,40550.31,63418.11,37478.32,64538.14,36081.52,79281.83,52125.8,57072.1,44063.31,30218.6,62841.76,41770.38,45787.69,36847.28
GTM,Urbanization,44.22,104.38,57.26,176.47,73.43,107.58,156.62,138.74,136.05,124.13,98.81,170.88,77.39,110.57,122.64
GTM,Wildfire,1142.88,1019.96,933.7,2026.47,1072.65,2643.02,2688.84,1876.78,1941.71,1802.72,1368.7,3514.57,1396.52,1636.96,1496.59
GUF,GUF,2613.55,2245.04,1680.36,4309.87,2626.21,2319.45,3078.83,4692.91,2474.45,2690.35,2113.93,6347.6,2692.3,3780.55,2719.81
GUF,Commodity-Driven Deforestation,378.35,414.76,393.76,753.07,707.48,454.75,914.77,1190.34,521.25,885.33,732.67,1455.49,663.71,993.97,1015.63
GUF,Shifting Agriculture,2199.78,1808.05,1279.39,3526.59,1896.27,1834.18,2129.8,3438.86,1935.49,1760.17,1351.28,4791.45,1997.08,2750.09,1684.7
GUF,Urbanization,35.42,22.23,7.21,30.21,22.46,30.51,34.27,63.71,17.71,44.85,29.97,100.66,31.51,36.49,19.47
GUY,GUY,9276.95,4290.99,6842.77,3628.31,5259.14,5351.19,4681.51,8530.14,7631.58,8776.87,7181.77,10489.51,6304.33,10521.14,11813.27
GUY,Commodity-Driven Deforestation,595.55,46.26,1172.38,205.2,493.06,320.05,381.63,440.71,594.93,1129.48,286.68,907.77,799.99,446.71,535.39
GUY,Shifting Agriculture,8681.4,4244.73,5670.39,3423.11,4766.08,5031.13,4299.87,8089.44,7036.65,7647.39,6895.09,9581.74,5504.35,10074.43,11277.88
HKG,HKG,0.5,1.64,0.07,0.78,0.43,6.84,9.48,7.13,16.9,1.43,4.92,2.42,0.14,5.2,8.83
HKG,Forestry,0.28,0.36,0,0,0,1.99,0.28,0.93,1.35,0.36,1.14,0.36,0.07,4.77,8.05
HKG,Urbanization,0.21,1.28,0.07,0.78,0.43,4.85,9.2,6.2,15.54,1.07,3.78,2.07,0.07,0.43,0.78
HND,HND,42338.67,31482.94,33579.27,26405.39,40388.34,41523.7,42337.86,43195.19,51422.22,45980.13,52462.41,32231.53,43510.79,57269.29,50043.64
HND,Commodity-Driven Deforestation,1561.09,2496.16,2134.84,2377.08,6920.75,6415.51,4483.15,5218.11,9453.99,9290.11,9319.75,3188.79,7315.88,9422.89,5380.63
HND,Forestry,664.36,816.09,895.79,428.36,516.32,411.15,1159.37,922.52,832.58,508.42,432.54,1720.78,1366.17,1867.98,1025.76
HND,Shifting Agriculture,39129.13,27574.35,30148.54,22988.12,32253.57,34153.73,35766.51,36446.05,40221.18,35581.47,41652.79,26650.1,33813.12,44919.43,42488.99
HND,Urbanization,88.81,91.18,93.89,92.92,94.42,112.66,244.7,114.11,232.66,62.84,197.35,156.91,341.37,186.18,173.83
HND,Wildfire,895.27,505.16,306.2,518.91,603.28,430.64,684.13,494.4,681.82,537.29,859.98,514.95,674.24,872.8,974.43
HRV,HRV,3114.62,1998.32,1490.71,6172.57,2455.62,1984.43,2868.13,3512.46,2534.09,3175.51,2632.72,4541.31,2777.33,4090.99,2445.51
HRV,Forestry,2662.4,1853.76,1389.49,5638.97,2331.72,1914.33,2706.18,3250.23,2437.46,2926.39,2497.08,4118.77,2597.82,3687.6,1932.17
HRV,Wildfire,452.23,144.56,101.22,533.59,123.9,70.1,161.95,262.23,96.63,249.11,135.64,422.54,179.51,403.4,513.35
HTI,HTI,2376.92,2034.88,996.48,2234.32,1903.06,1103.82,1990.61,2072,2377.75,1973.11,2441.15,4094.37,3065.05,3760.26,3031.77
HTI,Forestry,8.38,5.54,5.32,10.5,14.29,8.53,5.32,6.27,17.13,6.56,4.37,9.99,1.46,3.21,0.22
HTI,Shifting Agriculture,2359.37,2014.86,979.81,2182.07,1866.87,1086.78,1967.92,2044.4,2337.41,1945.35,2407.7,3971.44,2984.8,3684.65,2972.38
HTI,Urbanization,8.58,14.48,10.9,41.75,21.17,8.44,16.93,20.96,18.89,21.13,28.49,110.52,77.7,71.6,58.88
HTI,Wildfire,0.59,0,0.44,0,0.73,0.07,0.44,0.37,4.32,0.07,0.59,2.42,1.1,0.81,0.29
HUN,HUN,7278.18,7372.84,5572.59,11672.71,10086.88,7779.35,8999.43,8618.84,9671.3,10884.4,7996.11,11516.39,8634.84,14473.36,10283.46
HUN,Forestry,7238.7,7301.15,5525.93,11566.77,9965.61,7682.81,8865.57,8521.28,9556.54,10695.37,7880.06,11328.33,8564.01,14344.6,10152.08
HUN,Wildfire,39.48,71.69,46.65,105.94,121.27,96.53,133.86,97.56,114.76,189.03,116.05,188.06,70.83,128.76,131.39
IDN,IDN,739533.65,850342.7,541882.42,1284201.3,1178640.86,1428332.68,1383763.29,1392522.67,1938580.74,1274756.8,1538283.41,2251104.72,1135605.3,1885990.76,1738928.56
IDN,Commodity-Driven Deforestation,618945.77,709552.96,454334.79,1131889.32,1062190.68,1278443.45,1262517.03,1266403.19,1738449.34,1158707.79,1389786.95,2042024.27,1031565.12,1647087.72,1470439.73
IDN,Forestry,43258.82,43725.7,33664.15,50505.63,42523.76,46562.65,42872.42,46868.61,73061.4,38789.29,57424.83,86568.22,40644.75,83606.46,75860.28
IDN,Shifting Agriculture,73761.65,94619.99,52221.48,98411.78,71704.51,98662.95,73776.55,75646.84,121886.52,73449.66,86013.21,116574.86,60978.4,149537.14,189042.84
IDN,Urbanization,3543.19,2383.03,1643.76,3243.06,2157.09,4515.23,4369.52,3582.85,5143.71,3761.96,4944.94,5891.59,2307.66,5639.43,3534.81
IDN,Wildfire,24.21,61.03,18.25,151.51,64.82,148.41,227.77,21.17,39.77,48.11,113.48,45.78,109.37,120.02,50.9
IMN,IMN,5.58,7.22,1.04,7.13,4.49,17.38,13.17,0,28.75,29.46,4.49,26.21,13.83,30.49,8.98
IMN,Forestry,5.58,7.22,1.04,7.13,4.49,17.38,13.17,0,28.75,29.46,4.49,26.21,13.83,30.49,8.98
IND,IND,57393.1,49447.39,45083.28,68913.11,58721.67,63474.43,69475.63,81313.28,74502.12,48182.25,83522.48,88467.47,79217.25,137022.65,115284.22
IND,Commodity-Driven Deforestation,555.12,467.9,546.65,993.72,1267.51,743.18,1711.07,1787.92,1363.12,1139.86,1271.01,1362.24,1133.48,1386.33,753.42
IND,Forestry,51682.16,43206.16,40649.78,61104.01,50861.4,55083.39,58245.86,69132.29,63311.28,41572.68,68172.77,77019.88,73828.13,126984.42,110492.43
IND,Shifting Agriculture,4708.84,4975.72,3523.79,6001.09,5539.33,6631.89,8701.22,9449.66,8847.75,4658.75,13213.88,9159.31,3426.4,6861.99,3191.91
IND,Urbanization,327.37,259.97,242.64,440.48,373.78,658.98,666.96,658.35,670.8,652.95,735.48,718.36,479.72,1151.87,760.95
IND,Wildfire,119.59,537.65,120.42,373.8,679.64,356.99,150.52,285.06,309.16,158.01,129.34,207.66,349.51,638.03,85.52
IRL,IRL,8485,4954.37,2179.49,6488.41,7713.65,5001.7,10958.56,6575.89,6867.03,3624.06,2900.39,5522.6,4533.42,5475.62,4248.79
IRL,Forestry,8406.27,4880.64,2177.73,6342.13,7555.4,4950.25,10426.73,6289.73,6753.55,3566.8,2881.98,5393.33,4437.27,5384.71,4207.77
IRL,Shifting Agriculture,15.94,0,1.71,8.24,20.38,1.34,3.57,0.23,5.42,0.65,1.72,2.23,5.75,0,0
IRL,Wildfire,62.78,73.73,0.05,138.04,137.86,50.11,528.26,285.92,108.06,56.61,16.69,127.04,90.39,90.91,41.02
IRN,IRN,13.26,43.86,88.11,7.12,33.14,18.35,15.52,56.61,19.86,22.45,20.61,38.56,14.31,1.17,0
IRN,Forestry,12.77,37.71,6.92,6.94,33.02,18.29,9.73,54.82,19.8,22.21,20.37,38.56,14.31,1.17,0
IRN,Shifting Agriculture,0.25,0.19,0.19,0,0,0,0,0.12,0.06,0,0.12,0,0,0,0
IRN,Wildfire,0.24,5.97,81,0.18,0.12,0.06,5.79,1.67,0,0.24,0.12,0,0,0,0
IRQ,IRQ,0,0,0,0,0,0,0.12,6.47,0,0,0,0.55,0.55,0.18,0
IRQ,Forestry,0,0,0,0,0,0,0.12,6.47,0,0,0,0.55,0.55,0.18,0
ISR,ISR,89.54,73.28,17.85,44.53,120.58,108.27,25.75,40.91,62.67,67.41,1031.01,27.79,38.96,99.29,41.3
ISR,Forestry,48.46,64.98,14.65,32.73,109.17,87.95,16.95,30.14,30.96,47.5,1016.73,22.3,31.36,88.99,35.09
ISR,Urbanization,41.08,8.3,3.2,11.81,11.41,20.32,8.8,10.77,31.71,19.91,14.28,5.49,7.6,10.3,6.21
ITA,ITA,8395.16,9598.84,3042.56,15158.39,9631.9,7671.23,10365.03,13509.74,12759.47,14559.16,10155.43,19662.68,14085.27,17786.6,12922.3
ITA,Forestry,8274.44,9543.52,2997.74,14990.17,9541.85,7545.34,10184.05,12094.4,12437.41,14403.37,10052.31,18899.93,13606.76,17598.6,12800.7
ITA,Shifting Agriculture,13.2,16.32,4.63,65.21,49.19,54.92,54.15,25.07,93.82,47.24,30.63,47.54,18.1,21.26,12.73
ITA,Wildfire,107.51,38.99,40.19,103.01,40.87,70.97,126.83,1390.27,228.23,108.56,72.49,715.2,460.41,166.74,108.87
JAM,JAM,1235.93,1626.72,1021.74,3866.75,7568.58,2785.03,1264.8,2020.4,3518.39,2356.46,2371.76,2587.15,1315,2823.91,2890.06
JAM,Commodity-Driven Deforestation,0.44,0.51,1.54,198.84,842.89,62.95,0,1.47,0.66,0.07,2.79,0.22,0,0.15,0
JAM,Forestry,11.65,12.01,8.13,24.32,23.07,13.48,9.45,13.18,5.49,11.57,5.64,26.51,14.79,20.58,5.93
JAM,Shifting Agriculture,1223.84,1614.19,1012.07,3643.6,6702.62,2708.6,1255.35,2005.75,3512.24,2344.82,2363.33,2560.42,1300.2,2803.18,2884.13
JPN,JPN,22126.62,24181.57,18695.47,34605.43,34243.05,36806.45,43154.08,38268.79,39021.72,33667.17,34022.46,42874.3,22004.99,26552.02,29772.76
JPN,Commodity-Driven Deforestation,5.94,3.22,4.88,12.33,12.66,6.54,2.49,25.25,16.39,18.89,38.9,12.48,34.96,17.52,3.79
JPN,Forestry,21722.15,24007.19,18470.24,34278.66,33978.26,36398.04,42821.49,38006.7,38700.22,33474.57,33741.99,42626.14,21840.46,26312.06,29547.33
JPN,Shifting Agriculture,48.26,54.18,52.44,62.19,37.61,83.22,31.21,58.29,67.01,39.27,11.91,66.9,12.18,29.5,32.84
JPN,Urbanization,34.65,37.66,23.43,68.61,38.19,46,26.27,38.61,54,33.93,28.36,46.13,39.49,28.33,21.72
JPN,Wildfire,315.63,79.32,144.49,183.64,176.33,272.65,272.63,139.94,184.1,100.52,201.3,122.64,77.91,164.6,167.09
KAZ,KAZ,2157.52,1510.17,2679,4165.8,2089.46,1993.8,3414.46,3194.46,3600.37,1535.45,2651.26,1259.85,1557.28,318.52,81.24
KAZ,Forestry,1074.67,783.12,596.92,1708.49,1234.33,940.33,1706.97,2536.96,1802.39,899.43,1661.42,922.46,1229.22,283.82,76.43
KAZ,Shifting Agriculture,58.66,23.08,3.09,11.1,6.14,21.51,252.03,10.67,119.73,156.13,30.19,27.14,1.19,10.8,0
KAZ,Urbanization,3.33,3.22,2.31,3.67,7.34,17.21,29.63,3.72,3.89,4.06,4.06,1.92,0,0,0
KAZ,Wildfire,1020.87,700.75,2076.67,2442.54,841.65,1014.74,1425.84,643.1,1674.35,475.83,955.59,308.33,326.87,23.9,4.81
KEN,KEN,18306.22,20050.27,13193.45,16769.46,12427.18,20416.44,25495.66,18897.16,17329.22,22275.4,16844.61,17446.93,13112.96,14942.24,15397.07
KEN,Commodity-Driven Deforestation,2627.4,4199.29,2088.93,2945.81,2508.75,3785.02,3589.83,2846.09,1942.51,3300.04,2816.13,3561.33,2509.13,2931.07,4207.57
KEN,Forestry,721.87,136.6,393.14,78.15,178.89,116.03,442.46,190.94,249.41,299.96,313.53,336.86,484.91,621.81,819.4
KEN,Shifting Agriculture,14167.75,14375.28,10353.49,13266.05,9473.94,15794.39,20943.63,15327.92,14695.35,18179.98,13322.29,13095.11,9698.05,11004.26,10121.34
KEN,Urbanization,719.84,1280.98,334.29,462.68,262.6,695.47,517.75,524.9,297.7,372.7,326.15,395.81,343.29,266.78,154.89
KEN,Wildfire,69.35,58.13,23.6,16.76,3,25.53,2,7.3,144.24,122.71,66.51,57.82,77.58,118.33,93.88
KGZ,KGZ,185.07,19.05,1.94,52.88,2.17,6.23,19.46,0.29,16.63,137.25,29.45,1.43,0.23,0,0
KGZ,Forestry,36.08,0.8,0,1.94,0.86,0,3.54,0.17,0.29,0.97,16.73,0.51,0.11,0,0
KGZ,Shifting Agriculture,148.99,18.25,1.94,50.94,1.31,6.23,15.92,0.11,16.34,136.28,12.72,0.91,0.11,0,0
KHM,KHM,27996.72,54647.38,56645.37,78980.72,64392.46,80127.64,77369.56,83296.38,120695.37,237424.59,191917.84,195079.53,189942.29,161595.54,132499.2
KHM,Commodity-Driven Deforestation,22793.64,50662.89,51582.3,71374.4,59295.41,70546.28,68521.1,77001.48,106199.96,221820.11,184815.92,183399.25,182711.57,153176.49,123687.65
KHM,Forestry,2905.88,1911.3,3607.6,4836.13,2626.6,4489.71,4670.52,2885.1,8975.19,8417.92,2923.18,5625.8,2958.69,4577.54,4383.48
KHM,Shifting Agriculture,2280.23,2007.68,1344.72,2679.08,2374.06,4911.29,4025.03,3266.92,5419.74,7028.91,3685.13,5937.97,4195.9,3816.63,4371.9
KHM,Urbanization,16.97,65.51,110.74,91.11,96.4,180.35,152.92,142.88,100.48,157.64,493.6,116.51,76.13,24.89,56.18
KNA,KNA,36.27,12.22,25.46,18.24,12.21,18.25,10.67,17.22,18.4,14.27,10.45,9.2,3.6,2.72,0.96
KNA,Shifting Agriculture,36.27,12.22,25.46,18.24,12.21,18.25,10.67,17.22,18.4,14.27,10.45,9.2,3.6,2.72,0.96
KOR,KOR,5371.47,4589.56,3555.55,11116.32,8709.21,9880.12,7898.87,13692.01,16044.89,14160.35,11462.6,15476.23,9224.49,13152.44,16989.23
KOR,Forestry,5048.22,4225.29,3230.6,10362.43,8052.68,8841.19,7221.59,12436.28,14892.86,13158.18,10221.79,14387.87,8581.87,12186.05,16015.34
KOR,Shifting Agriculture,16.77,16.7,4.02,38.18,35.18,48.23,25.31,80.02,78.43,58.65,39.85,56.44,30.09,70.43,55.07
KOR,Urbanization,301.97,346.14,319.42,680.03,599.84,911.73,643.25,1066.01,1053.31,937.32,1191.55,885.89,588.19,840.49,907.79
KOR,Wildfire,4.51,1.42,1.51,35.68,21.51,78.97,8.73,109.7,20.29,6.19,9.41,146.04,24.34,55.47,11.04
LAO,LAO,36387.84,55838.24,87001.39,64176.59,68230.09,122585.6,132896.72,80523.77,145356.54,166940.54,130828.64,147328.9,205494.05,243562.01,284836.27
LAO,Commodity-Driven Deforestation,17169.71,26482.09,35105.15,30269.15,33362.26,54593.38,64339.29,38937.9,71594.99,74869.26,68783.52,68524.66,79663.64,97499.29,111640.54
LAO,Forestry,14128.24,22430.71,40021.24,24622.31,26553.26,50868.61,51614.33,30343.62,54913.82,70926.44,45159.48,61933.62,102819.83,117500.26,137010.41
LAO,Shifting Agriculture,5089.89,6925.43,11874.99,9285.13,8314.57,17123.61,16943.1,11242.25,18847.73,21144.84,16885.64,16870.63,23010.58,28562.47,36185.31
LAO,Urbanization,0,0,0,0,0,0,0,0,0,0,0,0,0,0,0
LBN,LBN,237.11,71.62,70.28,95.63,250.5,129.68,241.78,361.58,284.38,97.5,123.73,131.64,142.76,133.69,153.2
LBN,Forestry,158.08,14.39,32.78,31.41,140.45,59.55,168.68,118.95,99.23,17.38,19.97,54.98,62.61,77.01,76.56
LBN,Shifting Agriculture,0.13,0.32,0,0.19,0.19,2.49,1.02,1.85,9.44,1.34,20.41,3.83,6.63,1.34,0.7
LBN,Urbanization,78.9,56.91,37.5,64.03,109.85,67.65,72.08,240.78,175.7,78.79,83.34,72.84,73.52,55.34,75.94
LBR,LBR,29093.47,56809.4,21546.63,6201.46,11212.3,36150.39,44195.88,36104.89,74974.9,20270.6,34387.12,72069.27,155314.37,163876.35,185832.88
LBR,Commodity-Driven Deforestation,4443.27,3116,1892.9,622.14,1076.87,3486.65,3170.61,2932.82,9882.52,2419.39,5929.2,12109.44,19298.61,21466.95,17075.34
LBR,Forestry,209.27,282.12,168.35,21.89,59.93,250.01,182.32,307.01,264.6,341.53,106.99,529.32,610.02,672.49,1099.72
LBR,Shifting Agriculture,24424.11,53406.84,19461.06,5557.42,10074.73,32351.7,40819.55,32805.86,64783.11,17508.22,28326.91,59428.36,135393.2,141721.38,167650.4
LBR,Urbanization,16.83,4.44,24.32,0,0.76,62.03,23.4,59.2,44.67,1.45,24.02,2.14,12.54,15.53,7.42
LBY,LBY,0.45,24.85,5.45,3.37,3.12,7.73,0.13,0,0.52,1.56,3.18,1.49,75.91,1.49,0.06
LBY,Forestry,0.45,24.85,5.45,3.37,3.12,7.73,0.13,0,0.52,1.56,3.18,1.49,75.91,1.49,0.06
LCA,LCA,26.15,9.42,15.09,36.32,36.62,96.25,38.86,44.6,40.35,70.54,56.57,51.71,29.51,33.62,4.48
LCA,Shifting Agriculture,26.15,9.42,15.09,36.32,36.62,96.25,38.86,44.6,40.35,70.54,56.57,51.71,29.51,33.62,4.48
LIE,LIE,3.05,0,0,6.95,3.95,3.79,5.64,5.69,4,2.32,1.53,2.42,1.69,1.58,0.84
LIE,Forestry,3.05,0,0,6.95,3.95,3.79,5.64,5.69,4,2.32,1.53,2.42,1.69,1.58,0.84
LKA,LKA,3689.37,3363,3114.11,5482.58,4556.49,7594.68,10089.12,6335.65,13710.9,6938.08,14499.4,14225.96,7806.44,12151.51,7288.79
LKA,Commodity-Driven Deforestation,142.5,235.17,190.2,393.08,387.26,519.65,1241.1,731.78,1681.58,1168.97,2362.96,1417.92,1546.11,1591.71,1245.9
LKA,Forestry,3123.83,2653.62,2568.7,4192.98,3396.97,5505.04,7359.37,4574.51,10111.37,4916.49,9925.93,10912.44,5071.52,8828.47,4969.65
LKA,Shifting Agriculture,126.07,215.49,84.81,402.52,158.63,573.81,589.22,268.58,1063.64,382.41,1137.62,762.16,485.75,488.47,282.71
LKA,Urbanization,286.02,248.54,265.84,449.02,572.36,960.33,826.05,723.41,827.34,400.83,887.7,963.15,465.87,1075.71,719.61
LKA,Wildfire,10.94,10.18,4.56,44.97,41.27,35.85,73.39,37.37,26.99,69.38,185.18,170.3,237.18,167.15,70.92
LSO,LSO,0,0,0,0.07,0,1.01,0,0.2,0,0,0,0,0,0,0
LSO,Forestry,0,0,0,0,0,1.01,0,0.2,0,0,0,0,0,0,0
LSO,Shifting Agriculture,0,0,0,0.07,0,0,0,0,0,0,0,0,0,0,0
LTU,LTU,7934.64,10314.96,8884.1,13049.64,20308.79,17385.03,16003.64,15139.87,14345.81,21553.54,21641.27,17526.5,13880.99,15901.06,15707.06
LTU,Forestry,7923.91,10307.8,8877.29,13024.05,20285.54,17379.6,15991.15,15137.93,14335.99,21543.28,21627.75,17502.89,13870.3,15891.19,15697.36
LTU,Wildfire,10.73,7.16,6.81,25.59,23.26,5.43,12.49,1.94,9.82,10.25,13.52,23.61,10.68,9.87,9.7
LUX,LUX,65.9,89.45,101.51,308.98,64.08,362.17,498.87,961.67,214.8,875.52,445.09,441.17,345.42,426.84,327.31
LUX,Forestry,65.9,89.45,101.51,308.98,64.08,362.17,498.87,961.67,214.8,875.52,445.09,441.17,345.42,426.84,327.31
LVA,LVA,24894.54,29160.94,21311.45,30617.09,40693.45,38858.99,36082.19,29294.68,34885.06,48436.73,44710.01,34229.08,27750.98,32181.87,30804.8
MAC,MAC,0,0,0,0,0,0.21,0,0.14,0.14,0,0,0.07,0,0,0
MAC,Urbanization,0,0,0,0,0,0.21,0,0.14,0.14,0,0,0.07,0,0,0
MAF,MAF,1.9,4.91,2.86,1.46,3.88,2.64,1.83,0.88,0.51,0.51,8.28,2.93,0.95,1.24,0
MAF,Shifting Agriculture,1.9,4.91,2.86,1.46,3.88,2.64,1.83,0.88,0.51,0.51,8.28,2.93,0.95,1.24,0
MAR,MAR,1518.37,3755,1727.72,1210.06,1371.96,1784.63,2272.82,2958.8,896.76,810.09,3049.86,1548.77,754.22,1552.76,894.43
MAR,Commodity-Driven Deforestation,157.26,457.52,123.63,53.36,42.16,51.61,44.98,151.26,20.22,17.88,114.69,118.77,18.53,222.06,48.08
MAR,Forestry,509.43,789.59,399.45,504.69,605.22,710.42,741.53,1111.78,332.24,370.97,704.36,507.88,346.29,576.89,410.07
MAR,Shifting Agriculture,743.08,2447.13,1149.36,608.32,657.97,953.82,1441.66,1639.99,531.13,344.22,2173.73,897.12,372.52,721.71,426.22
MAR,Urbanization,108.61,60.76,55.27,43.69,66.61,68.78,44.65,55.76,13.17,77.03,57.07,25,16.88,32.11,10.07
MCO,MCO,0,0,0,0,0,0,0,0,0,0,0,0,0,0,0
MCO,Forestry,0,0,0,0,0,0,0,0,0,0,0,0,0,0,0
MDA,MDA,33.83,29.02,17.57,38.17,18.53,33.82,41.72,32.49,30.58,30.75,38.1,774.58,49.64,83.33,119.5
MDA,Forestry,33,27.52,17.51,36.41,18.42,33.1,38.92,31.87,29.8,30.75,35.93,774.58,49.59,82.71,118.98
MDA,Wildfire,0.83,1.5,0.05,1.76,0.1,0.72,2.79,0.62,0.78,0,2.17,0,0.05,0.62,0.52
MDG,MDG,86025.4,88746.92,83343.85,80890.16,92624.96,70214.99,186499.71,122261.09,135421.89,106265.32,161118.8,127427.52,298398.2,414448.36,300098.24
MDG,Commodity-Driven Deforestation,2645.51,3052.92,5033.96,2885.54,6045.83,8058.79,11341.36,9964.64,13243.26,10285.74,11960.68,11357.78,13012.69,38886.21,16763.34
MDG,Forestry,513.63,410.12,610.2,735.16,710.4,525.5,1591.47,715,806.9,519.42,1493.35,503.45,734.9,1287.87,1265.79
MDG,Shifting Agriculture,82857.24,85270.03,77693.27,77263.04,85837.94,61628.51,173536.74,111557.26,121351.04,95416.96,147605.91,115555.75,284645.37,374264.58,282050.16
MDG,Urbanization,9.04,13.84,6.41,6.41,30.16,2.19,29.51,24.19,20.62,43.06,58.86,10.06,5.25,9.69,18.95
MDG,Wildfire,0,0,0,0,0.63,0,0.63,0,0.07,0.14,0,0.49,0,0,0
MEX,MEX,153848.85,156116.05,150110.01,166791.11,203057.05,176158.26,215233.86,180858.62,277946.18,162754.4,182667.87,168482.25,212005.58,167120.81,195787.63
MEX,Commodity-Driven Deforestation,13496.98,16606.02,19171.39,18035.56,21770.42,41786.35,26897.08,29319.7,50237.89,18017.63,28491.85,22985.94,34338.46,16872.88,33758.21
MEX,Forestry,12559.47,12316.9,14702.74,12732.51,17938.85,10913.71,16758.52,11897.44,22674.66,11033.03,9614.98,12860.47,15552.11,12393.35,13836.81
MEX,Shifting Agriculture,120664.55,120854.15,109685.92,127226.01,154017.53,112308.26,161080.86,128240.6,189582.41,125296.29,132194.61,120055.14,147996.42,128474.25,139601.45
MEX,Urbanization,1109.04,758.64,929.76,1606.91,1645.79,1261.26,2004.13,1466.23,3392,711.03,680.83,656.8,707.57,635.12,942.63
MEX,Wildfire,6018.8,5580.34,5620.2,7190.14,7684.45,9888.68,8493.27,9934.65,12059.22,7696.42,11685.6,11923.9,13411.01,8745.21,7648.53
MKD,MKD,1928.36,843.68,860.3,2116.2,1270.83,1982.79,3784.76,3866.22,4167.03,2136.54,2073.78,2794.63,1096.5,1757.54,756.14
MKD,Forestry,1878.14,828.1,852,2058.71,1203.07,1895.06,3640.56,3694.18,4038.19,2014.87,1968.76,2685.9,1033.74,1683.41,694.19
MKD,Shifting Agriculture,0.52,0.11,0.06,1.15,0,4.13,0.34,0.11,1.9,0.8,0.29,1.78,0.11,0,0
MKD,Wildfire,49.7,15.46,8.24,56.34,67.76,83.6,143.85,171.93,126.94,120.87,104.73,106.96,62.64,74.13,61.95
MLI,MLI,341.21,150.4,33.27,140.32,81.35,102.22,121.5,103.93,156.5,52.77,164.52,78.85,409.78,270.19,204.15
MLI,Forestry,0,0.22,0,0.9,0.07,0,0.22,0,0,0.15,0.15,0,0,0,0
MLI,Shifting Agriculture,341.21,150.17,33.27,139.43,81.27,102.22,121.28,103.93,156.5,52.62,164.37,78.85,409.78,270.19,204.15
MMR,MMR,44243.11,65485.06,76424.88,101074.95,90893.3,126410.78,145543.34,118044.35,214842.19,168610.52,134281.9,222639.19,246480.32,329756.13,292178.96
MMR,Commodity-Driven Deforestation,15159.7,27484.67,31393.75,39950.32,41067.54,53233.91,66796.52,45582.87,95910.38,71848.9,58429.81,94801,100422.76,127731.72,108130.81
MMR,Forestry,17352.74,23420.1,26147.72,33786.07,28099,40122.64,41619.4,41199.7,64509.89,55526.76,40860.87,68546.96,91117.89,119127.32,116437.67
MMR,Shifting Agriculture,11695.24,14555.71,18843.71,27289.23,21644.12,32813.06,36971.08,31082.2,54085.27,40839.31,34623.32,59040.72,54678.18,82491.68,67252.89
MMR,Urbanization,35.42,24.59,39.7,49.33,82.63,241.18,156.33,179.57,336.66,395.55,367.91,250.51,261.5,405.41,357.6
MNE,MNE,753.09,148.75,184.44,754.43,140.91,145.24,952.43,1324.73,518.76,182.53,430.52,1140.87,2322.62,1326.38,152.78
MNE,Forestry,735.03,139.9,177.41,694.08,135.71,138.67,806.07,1224.28,503.18,168.63,425.82,972.54,2102,1246.79,149.73
MNE,Wildfire,18.06,8.84,7.03,60.35,5.2,6.57,146.36,100.45,15.58,13.9,4.7,168.33,220.63,79.58,3.06
MNG,MNG,19264.93,17831.61,37269.57,52248.5,6773.33,12299.45,47097.56,54311.57,81100.35,8241.08,2921.55,33214.21,490.7,444.48,7077.04
MNG,Forestry,878.42,1298.76,2882.64,2226.14,328.15,847.56,408.34,1558.7,441.81,293.74,172.83,119.3,2.86,7.09,0.1
MNG,Shifting Agriculture,76.95,186.6,1820.24,962.5,23.51,189.76,2375.32,1757.1,9.95,18.56,0.98,75.66,1.13,0.16,0
MNG,Urbanization,37.2,24.73,145.06,88.61,6.8,6.37,27.15,140.98,4.14,3.32,0,0.21,0,0,0
MNG,Wildfire,18272.36,16321.52,32421.63,48971.25,6414.87,11255.77,44286.75,50854.78,80644.44,7925.46,2747.74,33019.04,486.7,437.24,7076.94
MOZ,MOZ,59961.54,105763.97,78857.01,106832.12,149079.21,171570.7,137246.95,203692.27,215965.31,193375.12,149407.79,138627.64,159430.37,199125.28,180523.32
MOZ,Commodity-Driven Deforestation,114.25,499.69,188.21,194.7,872.84,551.23,462.15,1644.39,741.78,998.85,1055.31,910.44,1296.69,898.53,1437.14
MOZ,Forestry,484.91,1688.79,598.34,1392.71,622.09,771.87,923.54,2747.77,905.43,1345.58,1075.52,966.26,2903.45,1335.76,1364.43
MOZ,Shifting Agriculture,59357.3,103568.11,78064.41,105231.06,147572.74,170230.88,135853,199282.41,214293.78,191003.79,147263.84,136738.47,155207.83,196860.81,177714.41
MOZ,Urbanization,5.08,7.38,6.04,13.65,11.53,16.72,8.25,17.7,24.32,26.91,13.13,12.46,22.4,30.18,7.34
MRT,MRT,0,0,0,0,0,0,0,0,0,0,0,0,0,0,0
MRT,Forestry,0,0,0,0,0,0,0,0,0,0,0,0,0,0,0
MSR,MSR,6.93,0.44,1.84,7.3,20.14,11.51,10.47,5.9,4.65,108.79,5.97,1.99,0.89,0.3,0.15
MSR,Shifting Agriculture,6.93,0.44,1.84,7.3,20.14,11.51,10.47,5.9,4.65,108.79,5.97,1.99,0.89,0.3,0.15
MTQ,MTQ,187.75,47.82,270,162.08,192.49,88.79,152.77,267.4,194.26,74.18,148.38,303.59,138.02,145.62,30.75
MTQ,Shifting Agriculture,187.75,47.82,270,162.08,192.49,88.79,152.77,267.4,194.26,74.18,148.38,303.59,138.02,145.62,30.75
MUS,MUS,155.06,152.33,114.93,319.36,170.38,134.25,122.89,182.56,240.41,22.91,466.3,149.65,209.5,501.66,0
MUS,Commodity-Driven Deforestation,1.59,11.42,17.57,27.75,10.91,5.93,18.8,15.98,19.37,1.23,102.65,1.95,4.12,49.22,0
MUS,Forestry,3.83,5.72,13.89,11.58,9.98,12.45,2.46,5.14,18.81,2.1,22.43,9.26,25.18,47.54,0
MUS,Shifting Agriculture,144.29,125.72,80,268.25,145.79,111.39,99.18,158.63,189.21,19.36,324.23,133.16,173.41,391.38,0
MUS,Urbanization,5.35,9.47,3.47,11.79,3.69,4.48,2.46,2.82,13.01,0.22,16.99,5.28,6.8,13.52,0
MWI,MWI,2330.46,4129.01,7019.18,5617.68,9150.78,5494.72,7419.41,9608.4,3955.94,3916.54,8111.22,12068.94,10371.89,18445.06,10659.92
MWI,Commodity-Driven Deforestation,92.91,70.87,57.68,47.95,108.58,23.72,79.72,172.09,126.38,85.49,81.98,1186.01,243.48,221.37,156.24
MWI,Forestry,72.18,257.45,369.49,556.04,519.6,474,609.34,718.55,136.82,241.47,785.57,1314.86,818.34,1746.09,929.4
MWI,Shifting Agriculture,2146.35,3785.36,6532.72,4990.51,8444.57,4923.25,6646.39,8648.82,3659.94,3550.86,7158.78,9421.57,9077.12,16265.75,9349.49
MWI,Urbanization,19.03,15.33,59.3,23.18,78.03,73.74,83.96,68.94,32.8,38.71,84.9,146.5,232.96,211.85,224.78
MYS,MYS,332186.77,312259.6,183769.56,351551.61,375132.19,333726.89,404958.41,367762.51,622451.15,430296.1,462861.69,627679.37,333070.17,645340.46,453768.31
MYS,Commodity-Driven Deforestation,301917.39,283403.64,162216.59,321535.97,343763.23,306420.78,368086.96,333794,572267.87,395110.37,422972.97,560121.13,304344.91,562688.08,394250.97
MYS,Forestry,25438.9,24335.47,18644.3,24620.44,26996.83,23175.21,32270.26,29178.78,43138.78,28135.94,35889.2,60558.95,25019.83,71005.87,50462.57
MYS,Shifting Agriculture,3253.76,2742.26,2314.68,3350.44,2909.78,3023.51,3393.43,4023.5,4888.4,5057.6,2881.09,5056.21,2705.99,8811.66,7646.29
MYS,Urbanization,1576.72,1778.23,593.99,2044.76,1462.35,1107.39,1207.76,766.22,2156.1,1992.18,1118.42,1943.08,999.45,2834.85,1408.49
MYT,MYT,30.93,20.87,29.8,4.5,32.36,40.84,19.89,42.49,4.65,31.91,2.33,126.4,320.74,1124.97,17.64
MYT,Commodity-Driven Deforestation,11.26,3.98,8.86,1.05,9.53,14.94,3.75,6.53,1.05,4.8,0.6,33.62,77.83,312.75,4.35
MYT,Forestry,4.28,1.8,6.38,0.15,3.83,4.8,1.35,3.75,0.98,3.75,0,39.31,86.65,245.64,3.98
MYT,Shifting Agriculture,15.39,15.09,14.57,3.3,19,21.1,14.79,32.21,2.63,23.35,1.73,53.46,156.25,566.58,9.31
NAM,NAM,226.37,81.52,147.72,32.2,20.03,5.43,30.59,8.36,37.43,12.4,41.65,11.01,0.59,0.22,0.22
NAM,Forestry,19.81,1.32,37.39,9.53,2.71,0,0.37,0.15,0.44,0.37,1.91,0.07,0,0,0
NAM,Shifting Agriculture,155.07,79.91,103.39,22.68,17.32,5.43,29.2,8.22,36.92,12.04,39.75,10.94,0.59,0.22,0.22
NAM,Wildfire,51.48,0.29,6.93,0,0,0,1.02,0,0.07,0,0,0,0,0,0
NCL,NCL,589.8,514.88,736.62,1303.21,1351.78,2056.88,885.55,408.17,836.54,482.13,550.34,629.78,1880.3,1757.14,418.39
NCL,Commodity-Driven Deforestation,238.18,193.76,128.84,203.18,265.89,117.52,180.6,86.97,245.71,157.92,154.92,165.42,754.54,447.69,140.65
NCL,Forestry,50.28,33.52,40.51,76.88,35.43,8.98,52.2,14.65,74.02,18.64,48.32,31.05,244.9,114.71,17.71
NCL,Shifting Agriculture,142.71,114.8,125,281.55,187.19,1184.14,186.5,118.51,100.38,132.34,79.1,95.92,245.07,489.34,162.82
NCL,Urbanization,6.49,4.07,2.43,12.06,2.57,39.97,6.28,6.28,3.14,2.85,2.5,3.93,5.99,9.21,4.78
NCL,Wildfire,152.14,168.74,439.85,729.54,860.71,706.27,459.95,181.76,413.29,170.37,265.5,333.47,629.8,696.2,92.43
NER,NER,0,0,0,0,0,0,0,0,0,0,0,0,0,0,0
NER,Forestry,0,0,0,0,0,0,0,0,0,0,0,0,0,0,0
NGA,NGA,42944.29,32028.86,13155.7,14443.97,12910.78,25865.09,24368.87,27126.54,24931.41,32349.74,53520,34676.29,42909.08,67932.75,40729.49
NGA,Commodity-Driven Deforestation,3084.54,2895.08,739.4,1079.49,652.37,2263.42,1843.49,1893.13,1371.64,3991.26,4856.88,2955.43,4668.8,8747.08,5692.25
NGA,Forestry,349.02,142.91,19.97,11.14,46.03,30.27,14.35,70.17,97.16,32.96,94.9,74.3,267.7,344.9,128.15
NGA,Shifting Agriculture,36970.1,26908.64,11933.62,13151.01,11359.14,22447.07,20399.74,23692.58,22107.38,26372.83,45325.94,28932.16,35316.64,55662.56,33716.38
NGA,Urbanization,2540.63,2082.23,462.71,202.33,853.23,1124.32,2111.29,1470.66,1355.23,1952.68,3242.28,2714.4,2655.94,3178.2,1192.71
NIC,NIC,43933.38,54052.27,46827.31,20932.82,94967.1,38733.91,88147.45,53628.12,82869.01,212240.47,43154.36,33423.71,43876.94,75327.71,35430.08
NIC,Commodity-Driven Deforestation,1322.79,1658.29,2290.66,914.19,4307.17,1983.51,1800.19,2744.67,4801.14,14712.02,1473.23,1347.7,3394.01,6480.39,3562.54
NIC,Forestry,358.14,449.86,370.44,181.68,392.85,107.23,291.72,255.2,586.75,450.15,19.04,238.59,193.99,245.19,135.3
NIC,Shifting Agriculture,39918.64,49625.49,42293.44,18675.84,86510.47,33747.34,77710.92,48994.7,73768.77,185765.61,39334.24,30410.32,38510.51,64742.94,29948.44
NIC,Urbanization,240.5,32.53,37.12,97.14,28.91,354.76,50.45,36.97,101.73,78.31,13.1,180.95,27.4,35.61,8.96
NIC,Wildfire,2093.3,2286.1,1835.65,1063.98,3727.69,2541.07,8294.17,1596.58,3610.62,11234.38,2314.75,1246.15,1751.03,3823.58,1774.84
NLD,NLD,446.07,635.98,240.53,1199.43,1232.76,1288.32,1389.12,948.12,1292.73,2955.29,963.07,714,424.61,753.32,691.05
NLD,Forestry,446.07,635.98,240.53,1199.43,1232.76,1288.32,1389.12,948.12,1292.73,2955.29,963.07,714,424.61,753.32,691.05
NOR,NOR,21390.29,25008.52,14114.8,31920.07,24096.46,38283.32,30857.67,32462.27,22081.52,38046.71,31567.65,28395.7,31384.81,37763.2,35801.59
NOR,Forestry,21390.07,25006.63,14114.43,31919.07,24095.42,38212.68,30856.04,32459.89,22072.82,38041.42,31558.36,28382.32,31362.2,37693.28,35800.74
NOR,Wildfire,0.23,1.89,0.37,1,1.03,70.63,1.63,2.38,8.69,5.29,9.29,13.39,22.61,69.92,0.85
NPL,NPL,1079.01,1475.69,1313.43,1613.88,1805.61,2316.57,2262.49,2211.71,3902.94,1550.6,2121.61,2604.16,438.42,469.58,429.03
NPL,Commodity-Driven Deforestation,28.92,62.52,165.38,50.74,75.52,182.34,122.2,78.58,668.58,53.84,28.5,112.48,15.76,37.23,36
NPL,Forestry,873.79,1218,783.06,1210.13,1390.46,1695.84,1679.75,1687.79,2567.47,1184.14,1914.3,2076.34,387.57,375.54,383.4
NPL,Shifting Agriculture,61.61,76.06,224.89,118.96,172.1,79.57,257.78,93.17,164.29,84.95,70.97,175.49,15.73,25.47,2.79
NPL,Urbanization,107.37,113.23,76.01,184.1,128.65,211.1,114.85,281.83,339.88,177.19,90.49,221.78,9.69,21.94,6.83
NPL,Wildfire,7.31,5.89,64.09,49.94,38.87,147.72,87.91,70.33,162.72,50.48,17.35,18.08,9.67,9.39,0
NZL,NZL,49686.48,62470.8,43985.95,59886.56,51536.51,60919.73,61413.34,60314.3,58643.82,55259.07,58781.72,68263.45,76024.84,77614.93,63313.16
NZL,Commodity-Driven Deforestation,236.46,370.62,320.93,276.31,376.09,387.5,485.06,791.09,429.62,578.35,575.46,737.12,732.03,2285.27,809.72
NZL,Forestry,47303.91,59283.96,40976.22,56060.41,48660.57,57941.3,56816.38,55828.47,54558.34,51239.95,54871.35,63403.95,69795.56,65941.52,58066.8
NZL,Urbanization,1183.14,895.72,634.83,941.33,982.69,840.62,1089.65,1437.6,1276.68,1109.15,975.85,1197.69,1985.1,2066.28,1571.97
NZL,Wildfire,962.97,1920.5,2053.96,2608.51,1517.16,1750.3,3022.26,2257.14,2379.18,2331.62,2359.07,2924.69,3512.15,7321.86,2864.67
PAK,PAK,86.2,198.43,303.73,870.49,662.4,864.41,744.5,652.81,611.04,510.46,282.81,122.73,22.3,9.59,0
PAK,Forestry,85.57,195.21,299.83,789.77,600.64,751.31,657.45,577.34,535.79,497.05,257.05,120.91,22.11,9.39,0
PAK,Wildfire,0.63,3.22,3.9,80.72,61.76,113.1,87.05,75.47,75.25,13.42,25.76,1.82,0.2,0.2,0
PAN,PAN,18065.75,19016.38,11141.45,16617.96,12207.27,34079.19,20432.02,39594.67,36616.75,15194.2,22652.7,16776.65,13752.64,13732.11,10403.55
PAN,Commodity-Driven Deforestation,646.72,601.2,256.58,319.99,717.18,2682.67,576.44,2501.03,2021.48,680.67,1287.9,242.9,749.65,499.36,700.21
PAN,Forestry,144.71,388.84,286.81,79.87,221.21,182.72,267.25,647.33,1162.25,82.92,604.64,388.01,197.5,341.22,48.89
PAN,Shifting Agriculture,17221.17,17974.45,10558.72,16152.76,11248.35,31108.29,19500.04,36340.11,33256.56,14366.88,20658.77,16085.74,12758.66,12847.78,9601.75
PAN,Urbanization,13.3,0.76,2.81,30.71,0.68,10.34,4.71,17.64,99.44,9.05,10.8,30.71,5.55,7.75,2.43
PAN,Wildfire,39.85,51.12,36.53,34.63,19.84,95.17,83.58,88.57,77.02,54.69,90.6,29.29,41.29,36,50.28
PER,PER,83211.34,78064.37,71931.89,98440.69,159955.11,86455.98,112534.41,123288.46,174597.62,138277.19,121993.01,266970.03,204134.35,200304.9,162915.4
PER,Commodity-Driven Deforestation,16391.58,14148.34,14784.33,16187.25,32224.17,17716.48,16651.91,29296.39,34471.41,29610.92,26469.18,53404.59,52016.71,48449.8,36186.24
PER,Forestry,527.2,364.78,474.87,395.09,1288.8,871.5,965.03,747.03,794.06,623.12,478.3,1246.97,745.01,705.78,701.69
PER,Shifting Agriculture,66288.18,63549.2,56670.58,81856,126439.5,67863.24,94911.65,93240.42,139302.31,108026.2,95033.43,212287.43,151367.4,151139.61,126026.03
PER,Wildfire,4.38,2.04,2.12,2.35,2.64,4.76,5.82,4.61,29.84,16.95,12.1,31.05,5.23,9.7,1.44
PHL,PHL,33784.83,31247.73,34351.39,47437.81,48613.78,56146.55,65034.16,37823.66,59134.62,100147.24,32544.71,57811.54,57966.83,101090.12,65091.7
PHL,Commodity-Driven Deforestation,11196.94,11768.37,14255.72,19882.26,18672.23,17674.14,26440.5,14654.07,20285,31611.45,13218.42,21920.77,25383.95,42406.75,35903.31
PHL,Forestry,5406.18,4700.27,5524.43,5277.98,6517.48,8400.71,9216.88,5875.14,9736.8,22163.83,4949.49,11273.29,10827.82,23804.9,7577.34
PHL,Shifting Agriculture,16080.09,13905.57,13707.68,21427.67,22008.81,28790.91,27820.59,16511.27,26915.39,42724.89,13727.81,23226.62,20607.91,32008.62,20941.19
PHL,Urbanization,1101.61,873.52,863.56,849.9,1415.26,1280.79,1556.2,783.18,2197.43,3647.07,649,1390.85,1147.14,2869.85,669.87
PLW,PLW,36.32,39.14,11.14,18.62,24.64,26.32,65.92,50.81,21.44,20.52,20.83,19.15,8.17,56.51,0
PLW,Commodity-Driven Deforestation,6.95,6.33,1.83,2.37,3.13,4.81,9.69,7.02,3.05,5.49,2.44,4.35,2.75,44.46,0
PLW,Wildfire,29.37,32.81,9.31,16.25,21.51,21.51,56.23,43.79,18.39,15.03,18.39,14.8,5.42,12.05,0
PNG,PNG,34790.15,52749.4,30856.61,56531.99,37865.86,54837.54,47638.86,69129.19,47305.42,66404.25,50800.78,70058.96,54901.31,102002.65,176995.83
PNG,Commodity-Driven Deforestation,499.16,658.84,581.54,1090.85,851.47,1184.97,897.47,1293.42,673.5,1297.5,1062.6,1180.89,1487.23,2524.67,3828.7
PNG,Forestry,5384.23,7367.7,4831.17,9081.65,5595.12,9099.48,6863.02,7495.56,4150.67,5451.51,4123.96,7419.86,4051.8,6263.24,15807.79
PNG,Shifting Agriculture,26305.35,38719.77,22081.08,40774.97,26100.99,39737.39,34927.54,55375.09,37374.46,53271.96,40974.32,52974.38,45071.9,80251.21,140178.83
PNG,Urbanization,234.44,685.28,339.38,867.07,255.36,759.48,791.22,1133.22,1046.4,1645.64,723.05,1299.72,667.09,3314.45,1530.71
PNG,Wildfire,2366.97,5317.82,3023.44,4717.44,5062.92,4056.21,4159.61,3831.91,4060.39,4737.64,3916.85,7184.12,3623.29,9649.09,15649.8
POL,POL,18407.68,30530.71,32772.35,41053.41,80867.72,36969.58,56171.75,47132.51,46034.5,70370.53,55775.42,54062.44,34597.76,55422.75,42091.02
POL,Forestry,18358.98,30522.48,32751.76,41029.33,80841.91,36951.46,56088.01,47107.9,45989.32,70317.13,55747.72,54038.31,34580.07,55404.78,42083.05
POL,Wildfire,48.7,8.23,20.59,24.08,25.8,18.11,83.74,24.61,45.17,53.4,27.7,24.13,17.69,17.97,7.96
PRI,PRI,1214.67,1139.84,1164.32,1305.47,1264.97,1211.24,1005.03,1176.73,942.44,589.87,1193.8,642.55,663,823.54,673.86
PRI,Forestry,54.53,45.22,20.91,28.46,27.88,24.35,13.97,21.8,20.47,9.8,18.14,10.75,19.9,44.56,33.12
PRI,Shifting Agriculture,1032.5,1023.09,1024.41,1176.31,1135.42,1060.01,890.2,1047.12,844.14,546.79,1137.11,598.75,617.87,730.41,615.51
PRI,Urbanization,127.64,71.54,119,100.71,101.67,126.89,100.86,107.81,77.83,33.28,38.55,33.06,25.23,48.57,25.23
PRK,PRK,11365.02,5164.92,7074.33,11049.13,16219.13,11925.13,13022.28,18353.39,12849.65,18545.09,5140.02,16226.31,4853.89,10786.66,10745.65
PRK,Forestry,10009.92,4329.96,5855.69,8973.79,13198.2,10190.54,11415.52,14478.49,9746.08,14440.62,4127.22,13476.11,4127.34,9195.41,8082.14
PRK,Shifting Agriculture,991.63,693.55,1196.18,1763.1,2935.85,1660.83,1548.86,2825.39,3016.37,3854.34,832.46,2662.49,689.66,1548.72,2636.24
PRK,Wildfire,363.48,141.41,22.46,312.23,85.08,73.75,57.9,1049.51,87.19,250.13,180.34,87.72,36.89,42.53,27.27
PRT,PRT,24341.2,34836.18,26779.44,55205.95,38872.28,42522.84,36242.57,33553.55,39776.9,48345.9,26645.08,58148.69,51809.46,60204.76,46043.22
PRT,Forestry,23808.35,33879.61,26178.74,53013.33,37407.01,40948.17,35212.32,32549.94,38747.14,47040.14,25484.99,55375.03,50246.49,57528.15,44722.24
PRT,Shifting Agriculture,29.19,8.59,4.76,22.86,56.38,87.15,7.72,2.15,13.81,46.66,5.11,19.04,27.4,113.4,8.01
PRT,Wildfire,503.65,947.99,595.94,2169.76,1408.89,1487.52,1022.53,1001.46,1015.94,1259.1,1154.98,2754.63,1535.56,2563.21,1312.97
PRY,PRY,149829.5,194815.17,266842.34,246935.85,262179.8,147852.65,425636.52,375792.71,352800.11,441789.22,456643.47,508741.65,317737.73,345105.95,279066.06
PRY,Commodity-Driven Deforestation,125214.01,161999.3,214397.01,187729.17,224858.11,127393.16,384617.26,345770.27,335044.61,419973.14,424175.37,462438.5,292343.3,316435.03,263116.84
PRY,Forestry,1873.52,1806.82,4720.22,2731.41,2113.89,1667.88,2434.39,2019.79,1424.52,2236.5,1799.2,2106.59,1653.57,3220.66,2511.48
PRY,Shifting Agriculture,22382.82,30509.57,47259.64,55985.45,34524.13,18172.45,37620.5,27158.89,15400.25,18781.3,29835.77,43238.76,23302.49,24928.44,13233.17
PRY,Urbanization,40.32,84.64,129.67,148.83,145.28,109.93,49.99,147.12,86.57,77.22,75.23,92.39,51.52,70.74,44.28
PRY,Wildfire,318.82,414.84,335.79,341,538.39,509.23,914.38,696.64,844.16,721.05,757.9,865.41,386.84,451.08,160.28
PSE,PSE,0.65,0.98,0.26,0.66,0,0.66,0.46,0.2,0.78,0.46,0.07,0,0.07,0.33,0.13
PSE,Forestry,0,0,0,0.07,0,0,0.2,0,0,0.26,0.07,0,0,0,0
PSE,Urbanization,0.65,0.98,0.26,0.59,0,0.66,0.26,0.2,0.78,0.2,0,0,0.07,0.33,0.13
REU,REU,28.26,495.98,142.27,0,213.18,619.19,0,13.16,180.5,219.56,548.98,809.99,1628.79,656.21,8.49
REU,Commodity-Driven Deforestation,0.07,69.09,40.56,0,12.42,22.12,0,0,7.32,23.63,163.62,110.87,221.99,77.71,0.14
REU,Shifting Agriculture,28.19,426.89,101.7,0,200.76,597.07,0,13.16,173.18,195.93,385.36,699.12,1406.8,578.5,8.35
ROU,ROU,16093.73,15202.92,8810.65,17365.51,18607.59,12354.62,37061.1,16784.79,15377.7,16988.41,16310.82,29041.87,11638.09,17740.79,9863.15
ROU,Forestry,16065.31,15147.73,8800.42,17149.96,18587.47,12347.37,37022.67,16739.54,15341.09,16948.11,16259.11,28885.61,11552.31,17619.3,9801.67
ROU,Shifting Agriculture,2.55,11.1,5,4.66,7.66,3.88,17.76,32.18,19.03,21.92,21.47,32.24,25.7,37.34,43.63
ROU,Wildfire,25.87,44.09,5.24,210.9,12.46,3.37,20.67,13.07,17.58,18.38,30.24,124.01,60.08,84.15,17.85
RUS,RUS,1773128.67,2657022.67,3006297.46,3461511.09,1547771.92,2184398.35,2296160.91,3000905.32,2059398.69,1804877.63,2972593.88,5318685.92,4920564.04,4459390.95,2313301.8
RUS,Forestry,663513.12,716645.2,888976.74,1209820.95,863733.73,913996.95,999897.79,1138609.38,894550.69,956339.86,1323094.04,1770373,996136.86,1038930.83,820101.93
RUS,Shifting Agriculture,289.64,94.83,130.77,167.82,136.55,254.97,569.32,131.3,72.42,440.87,346.58,168.35,52.22,340.68,40.16
RUS,Urbanization,384.76,297.87,1508.85,515.86,542.92,830.93,954.21,413.67,545.88,708.37,1914.75,3289.12,2604.26,1555.25,1014.97
RUS,Wildfire,1108941.14,1939984.77,2115681.1,2251006.46,683358.71,1269315.5,1294739.59,1861750.97,1164229.7,847388.52,1647238.52,3544855.45,3921770.71,3418564.2,1492144.74
RWA,RWA,1431.26,877.9,1003.19,1069.78,781.94,707.32,1308.87,1028.51,1315.46,2351.2,881.26,999.64,2415.11,2815.7,2149.9
RWA,Commodity-Driven Deforestation,10.38,6.15,4.92,7.38,13.22,4.38,35.75,4.08,31.52,16.15,9.38,20.91,61.82,20.07,9.92
RWA,Forestry,29.6,123.25,36.21,109.26,8,39.98,70.2,12.69,27.83,486.99,18.76,48.28,29.6,28.07,15.3
RWA,Shifting Agriculture,1194.99,597.38,780.55,742.09,680.38,616.98,1066.61,924.73,1007.97,1615.16,710.36,836.88,2017.46,2326.47,1823.71
RWA,Urbanization,196.29,151.13,181.51,211.06,80.34,45.98,136.31,87.02,248.13,232.89,142.76,93.56,306.23,441.09,300.97
SDN,SDN,18.54,55.56,6.68,4.41,73.33,1.51,148.67,34.07,62.65,31.07,161.63,3.42,0.61,1.67,7.98
SDN,Forestry,0,0,0,0,0,0,0,0,0,0,0,0,0,0,0
SDN,Shifting Agriculture,18.54,55.56,6.68,4.41,73.33,1.51,148.67,34.07,62.65,31.07,161.63,3.42,0.61,1.67,7.98
SEN,SEN,61.22,147.84,35.01,123.63,61.69,38.17,161.52,275.15,153.22,150.67,110.08,83.09,373.16,322.36,290.57
SEN,Commodity-Driven Deforestation,4.73,8.87,5.26,10.22,9.55,4.58,26.24,19.7,50.97,38.79,14.2,11.43,49.99,50.22,47.89
SEN,Forestry,0.3,1.49,0.15,0.15,0,0,2.91,0.07,0.82,0.22,0.37,0,0,0,0
SEN,Shifting Agriculture,56.19,137.48,29.6,113.26,52.15,33.58,132.37,255.37,101.43,111.66,95.51,71.66,323.17,272.14,242.68
SGP,SGP,42.22,120.67,18.84,34.61,81.22,54.53,72.99,35,176.82,43.84,73.53,91.68,25.92,190.43,154.97
SGP,Commodity-Driven Deforestation,23.69,40.76,0.15,3.61,6.38,0,0,0.23,0.31,0.23,0.54,0.77,0,2,1.15
SGP,Forestry,4.46,12.38,1.15,3.77,8.77,20.84,22.23,3.77,32.99,6.08,14.38,9.15,6.31,34.46,6.23
SGP,Urbanization,14.07,67.53,17.54,27.23,66.07,33.69,50.76,31,143.51,37.53,58.61,81.76,19.61,153.97,147.59
SLB,SLB,2111.26,3739.61,2324.9,3445.47,6395.74,4937.97,5561.95,7936.57,5793.1,6228.08,5676.85,8600.88,9260.44,16636.28,14649.58
SLB,Commodity-Driven Deforestation,121.6,201.41,142.45,183.8,205.77,177.68,476.01,670.32,344.29,673.44,405.2,514.18,451.27,1012.97,1215.67
SLB,Forestry,281.98,344.83,204.97,366.24,323.74,233.76,182.65,1124.24,1171.61,246.81,430.96,196.88,176.32,529.68,386.54
SLB,Shifting Agriculture,1557.76,2897.77,1726.32,2485.99,4939.06,3175.31,3828.12,5188.58,3713.63,4711.22,4320.71,6824.04,6969.61,12440.11,10321.75
SLB,Urbanization,40.02,66.1,62.75,30.67,351.54,921.93,647.22,372.54,214.93,228.11,140.38,282.49,746.44,684.15,589.47
SLB,Wildfire,109.9,229.51,188.41,378.77,575.64,429.29,427.96,580.89,348.63,368.5,379.61,783.3,916.8,1969.37,2136.15
SLE,SLE,18582.85,15295.14,9096.58,4012.22,6862.81,28514.95,21872.53,20918.92,30534.53,8768.64,33916.21,16344.33,170244.34,161478.27,232704.39
SLE,Commodity-Driven Deforestation,649.13,946.04,473.59,113.25,305.91,1146.14,876.13,374.38,1971.97,271.29,2020.02,2131.36,14511.14,13996.44,15595.77
SLE,Forestry,5.4,23.44,22.46,75.36,71.86,143.79,12.25,28.54,178.12,19.33,6.01,59.44,105.08,200.04,369.99
SLE,Shifting Agriculture,17928.24,14324.98,8597.57,3773.59,6480.32,27221.22,20979.65,20503.96,28349.87,8463.55,31876.55,14102.97,155595.3,147256.43,216731.77
SLE,Urbanization,0.08,0.69,2.97,50.02,4.72,3.81,4.49,12.03,34.57,14.47,13.63,50.55,32.82,25.35,6.85
SLV,SLV,9485.62,4634.08,5966.49,4533.52,5860.4,4578.92,2969.48,3312.46,4271.35,2853.92,3230.38,2522.71,2048.47,2306.85,2379.7
SLV,Forestry,34.11,5.31,5.08,3.59,14.58,6.06,3.59,5.98,9.5,2.54,6.58,2.84,8.15,1.42,16.31
SLV,Shifting Agriculture,9211.38,4524.75,5728.3,4387.7,5627.18,4412.17,2821.51,3174.4,4117.82,2778.65,3089.56,2411.7,1946.89,2230.19,2255.58
SLV,Urbanization,192.41,91.01,186.51,101.4,94.81,109.01,107.75,105.9,113.15,58.6,112.03,76.62,46.62,34.87,77.6
SLV,Wildfire,47.71,13.01,46.59,40.83,123.83,51.67,36.64,26.17,30.89,14.13,22.21,31.56,46.81,40.37,30.21
SOM,SOM,221.88,190.3,83,159.84,223.61,74,201.7,208.69,241.3,103.46,151.06,150.77,229.15,82.37,58.92
SOM,Forestry,0,0,0,0,0,0,0,0,0,0,0,0,0,0,0
SOM,Shifting Agriculture,221.88,190.3,83,159.84,223.61,74,201.7,208.69,241.3,103.46,151.06,150.77,229.15,82.37,58.92
SRB,SRB,1802.64,948.53,626.59,2053.79,1224.92,1541.86,1863.7,2848.21,2040.88,2109.97,1726.69,2720.2,2305.06,3294.97,2190.33
SRB,Forestry,1774.15,947.16,626.48,2051.28,1221.89,1535.97,1791.06,2789.79,2015.19,2041.99,1689.61,2667.53,2264.27,3237.33,2151.01
SRB,Wildfire,28.49,1.37,0.11,2.51,3.02,5.89,72.64,58.42,25.7,67.99,37.09,52.68,40.79,57.64,39.32
SSD,SSD,3752.75,6328.32,1586.72,8990.62,9562.92,7812.03,8271.63,7970.14,7131.28,3290.9,7773.32,5502.92,3794.01,5476.11,2328.69
SSD,Commodity-Driven Deforestation,4.06,1.46,7.21,5.6,0.54,7.28,0,8.13,4.52,3.37,0,0,0,0,0
SSD,Forestry,0,0,0,0,0,0,0,0,0,0,0,0,0,0,0
SSD,Shifting Agriculture,3748.69,6326.86,1579.51,8985.03,9562.38,7804.74,8271.63,7962.01,7126.76,3287.53,7773.32,5502.92,3794.01,5476.11,2328.69
SUR,SUR,3449.97,3469.63,4291.43,4981.21,3262.63,3230.81,3363.81,7210.4,7009.32,6590.55,5272.29,17071.59,9628.85,14141.46,11293.11
SUR,Commodity-Driven Deforestation,227.67,311.84,387.49,356.31,356.33,278.29,390.44,584.26,1031.38,933.89,629.53,2665.28,2169.83,1067.59,960.83
SUR,Shifting Agriculture,3222.31,3157.79,3903.93,4624.9,2906.3,2952.51,2973.37,6626.14,5977.94,5656.65,4642.77,14406.3,7459.02,13073.86,10332.27
SVK,SVK,3803.43,3871.51,3663.36,4493.91,27424.94,7892.12,9326.89,13349.75,11075.28,16947.2,11458.32,9014.3,4994.74,17171.29,5165.34
SVK,Forestry,3788.8,3868.87,3655.12,4482.23,26838.84,7782.84,9280.63,13308.65,11047.09,16915.05,11387.29,9009.48,4993.17,17153.31,5158.68
SVK,Wildfire,14.63,2.64,8.23,11.68,586.1,109.28,46.26,41.1,28.19,32.15,71.02,4.83,1.58,17.99,6.66
SVN,SVN,554.36,674.41,494.56,1152.11,1825.46,1139.34,2005.19,1774.45,1850.69,1355.4,1360.41,831.12,588.62,5287.95,989.98
SVN,Forestry,552.69,654.76,491.05,1150.65,1824.33,1138.48,1991.32,1765.5,1849.34,1349.14,1359.87,828.86,587.59,5287.63,989.98
SVN,Wildfire,1.67,19.65,3.51,1.46,1.13,0.86,13.87,8.95,1.35,6.27,0.54,2.27,1.03,0.32,0
SWE,SWE,144453.2,177634.07,92443.81,271023.92,248061.5,248655.01,182545.21,293109.8,207934.57,263017.75,204885.5,233878.66,197169.03,242083.5,215574.46
SWE,Forestry,144079.16,176598.89,91823.47,269180.34,246970.18,247401.88,181861.88,291280.49,206913.94,261721.66,204200.15,232494.62,196133.12,240661.89,214349.6
SWE,Wildfire,374.04,1035.18,620.33,1843.58,1091.33,1253.12,683.33,1829.31,1020.63,1296.09,685.34,1384.05,1035.9,1421.61,1224.86
SWZ,SWZ,6723.41,3792.24,5737.75,5328.89,4530.35,9399.29,6461.02,4568.55,10646.21,6625.33,2603.29,3502.44,3091.73,4897.24,3197.78
SWZ,Commodity-Driven Deforestation,37.78,8.36,7.39,23.83,5.18,30.53,105.52,10.98,40.2,94.82,2.63,7.94,12.3,41.93,40.06
SWZ,Forestry,6296.99,3499.23,5381.53,4975.87,4360.41,8460.73,6052.75,4279.06,10303.54,5681.32,2148.28,3254.13,2702.96,4049.56,2649.1
SWZ,Shifting Agriculture,388.64,284.64,348.83,329.19,164.76,908.03,302.75,278.52,302.47,849.18,452.39,240.37,376.47,805.75,508.62
SXM,SXM,0.51,0.29,1.68,0.88,3.22,2.2,4.91,1.54,2.93,0.22,2.56,0.29,2.49,0.15,0
SXM,Shifting Agriculture,0.51,0.29,1.68,0.88,3.22,2.2,4.91,1.54,2.93,0.22,2.56,0.29,2.49,0.15,0
SYR,SYR,182.59,128.72,92.27,89.7,762.69,264.68,1543.88,798.43,99.5,214.65,137.67,5340.39,1221.17,910.82,2321.76
SYR,Forestry,178.46,126.2,80.82,89.51,758.2,264.12,1536.67,682.44,87.93,213.97,136.36,5243.65,1198.61,875.09,2233.24
SYR,Shifting Agriculture,1,1.82,1.32,0,2.26,0,7.09,0.75,1,0,0.38,91.87,15.93,31.55,46.53
SYR,Wildfire,3.12,0.7,10.13,0.19,2.24,0.56,0.13,115.24,10.57,0.68,0.93,4.87,6.62,4.18,41.98
TCA,TCA,7.51,4.29,8.66,8.94,20.25,3.58,60.74,54.3,99.09,34.34,13.74,7.23,9.73,25.9,19.03
TCA,Shifting Agriculture,7.51,4.29,8.66,8.94,20.25,3.58,60.74,54.3,99.09,34.34,13.74,7.23,9.73,25.9,19.03
TCD,TCD,875.11,1859.75,183.02,441.23,464.92,2966.32,993.86,3387.22,1037.77,250.48,914.15,2464.63,2880.23,2986.65,2570.33
TCD,Commodity-Driven Deforestation,0.08,0,0,0,0.23,0.53,0.61,0.23,0.08,0,1.14,0.53,0.08,0.08,0.08
TCD,Forestry,0.15,0.08,0.46,0,0.15,0.08,0.15,0.68,0,0,0,0.08,0,0,0
TCD,Shifting Agriculture,874.88,1859.67,182.56,441.23,464.54,2965.71,993.1,3386.31,1037.7,250.48,913.01,2464.02,2880.16,2986.57,2570.25
TGO,TGO,2755.11,2009.36,2048.5,2741.7,2037.32,1679.94,3164.34,1162.91,5558.76,511.66,1247.08,1736.81,2933.75,2520.85,936.8
TGO,Shifting Agriculture,2750.14,2005.02,2043.54,2732.48,2030.39,1674.75,3152.98,1161.77,5547.47,509.75,1241.67,1735.81,2933.14,2520.54,936.8
TGO,Urbanization,4.97,4.34,4.96,9.22,6.93,5.19,11.36,1.14,11.29,1.91,5.41,0.99,0.61,0.3,0
THA,THA,35486.1,60238.55,57816.03,90904.45,83390,98908.46,91842.23,79303.12,131579.88,133572.92,93597.75,113048.75,84169.77,137061.76,120415.26
THA,Commodity-Driven Deforestation,14897.85,23176.87,21501.44,35106.18,39135.9,35073.54,32142.5,25828.02,47869.93,44932.46,28011.11,29788.66,27669.86,51973.04,47714.58
THA,Forestry,17318.57,28835.09,29490.63,45146.03,34087.37,50790.59,47191.96,43118.68,66102.31,72283.68,53829.05,68645.31,48202.37,72242.19,62770.59
THA,Shifting Agriculture,3227.58,8176.71,6731.97,10480.75,10082.65,12751.65,12375.99,10258.96,17426.95,16144.22,11680.38,14451.55,8241.37,12795.12,9899.47
THA,Urbanization,42.11,49.88,91.99,171.49,84.09,292.67,131.78,97.46,180.69,212.56,77.21,163.22,56.17,51.42,30.63
TKM,TKM,13.21,30.29,5.67,3.19,5.28,2.21,17.94,12.47,1.97,1.17,4.77,1.17,0,0,0
TKM,Shifting Agriculture,13.21,30.29,5.67,3.19,5.28,2.21,17.94,12.47,1.97,1.17,4.77,1.17,0,0,0
TLS,TLS,657.5,1569.07,667.84,2000.59,1283.62,2830.27,1503.57,800.64,2538.34,619.73,1362.08,1831.24,446.58,1829.31,828.23
TLS,Commodity-Driven Deforestation,72.75,211.49,98.49,285.4,65.46,272.56,146.5,113.99,161.53,46.25,147.56,345.85,31.14,162.21,90.07
TLS,Forestry,25.71,14.83,32.1,59.02,19.93,65.79,37.88,47.69,31.49,13.99,121.61,44.34,11.56,112.7,27.07
TLS,Shifting Agriculture,559.04,1342.75,537.26,1656.17,1198.23,2491.92,1319.2,638.96,2345.32,559.48,1092.9,1441.05,403.88,1554.4,711.09
TTO,TTO,1783.1,704.35,694.48,685.68,1203.6,1711.23,1077.4,1236.48,1348.78,3330.66,355.81,687.98,736.38,1534.45,655.09
TTO,Commodity-Driven Deforestation,182.16,179.96,23.57,36.52,132.3,405.01,12.65,73.12,116.46,14.4,2.88,8.03,7.65,49.86,1.06
TTO,Shifting Agriculture,1600.94,524.39,670.91,649.16,1071.3,1306.22,1064.74,1163.36,1232.32,3316.26,352.93,679.95,728.72,1484.59,654.03
TUN,TUN,197.23,223.89,1325.98,282.61,550.61,302.56,797.78,674.96,877.61,343.83,2089.26,1381.57,1273.08,2289.04,1763.21
TUN,Commodity-Driven Deforestation,17.23,51.56,545.58,18.58,66.77,37.73,83.36,71.79,42.64,41.49,871.36,590.1,777.66,346.76,284.79
TUN,Forestry,114.51,91.86,409.07,217.6,315.11,176.89,415.37,410.6,516.71,213.33,579.77,397.62,257.57,1106.33,975.49
TUN,Shifting Agriculture,65.18,78.61,365.57,45.63,166.01,84.48,293.18,190.28,300.76,87.21,632.86,393.67,233.07,788.81,497.53
TUN,Urbanization,0.31,1.85,5.76,0.8,2.73,3.46,5.87,2.29,17.49,1.8,5.26,0.19,4.78,47.15,5.4
TUR,TUR,21257.89,23239.53,16723.18,25867.07,18938.63,24231.49,23268.63,27355.43,25904.78,15703.75,22067.45,26795.16,21385.51,20642.27,26093.54
TUR,Forestry,18408.03,20589.56,14473.74,22974.18,16858.25,21640.55,21824.75,26221.57,24492.86,14446.52,20309.01,24276.11,18937.36,17608.81,22161.69
TUR,Shifting Agriculture,129.92,132.13,77.16,228.3,76.48,257.43,207.38,186.92,208.26,97.97,184.54,127.63,226.34,120.04,139.68
TUR,Urbanization,2359.24,2209.49,1987.53,2273.78,1644.37,1915.56,753.49,629.52,715.64,689.78,955.66,1424.79,1278.44,1784.32,2403.46
TUR,Wildfire,360.7,308.36,184.76,390.81,359.52,417.95,483,317.41,488.03,469.47,618.24,966.62,943.37,1129.11,1388.7
TZA,TZA,80167.79,83983.89,82734.87,66289,89942.84,84355.16,120263.56,163300.54,142051.28,137219.33,136824.05,152936.08,179183.27,196849.6,110997.44
TZA,Commodity-Driven Deforestation,2428.1,887.28,1794.94,899.85,1452.34,1543.34,2838.89,2308.73,2380.74,1948.64,3193.8,2204.49,3656.65,3393.76,1756.89
TZA,Forestry,4681.42,11470.89,4799.86,5438.89,5654.71,4977.98,6250.44,10914.12,6715.75,6875.62,6377.62,8301.51,9966.26,9658.74,5633.09
TZA,Shifting Agriculture,72928.34,71509.6,75707.83,59604.87,82588.58,77069.99,110958.2,149200.94,132535.34,127216.1,126570.01,142139.68,165150.53,183348.76,103249.59
TZA,Urbanization,129.93,116.12,432.24,345.38,247.21,763.86,216.03,876.75,419.45,1178.97,682.61,290.4,409.83,448.35,357.87
UGA,UGA,29202.39,10641.09,11723.84,17833.36,28904.66,28169.86,36022.08,36599.43,22855.77,33883.07,64696.77,28696.56,47455.9,54633.33,53754.5
UGA,Commodity-Driven Deforestation,3540.68,855.2,767.16,1576.39,3609.01,2016.82,2581.83,2969.64,1257.75,2731.2,3438.02,1571.49,2682.49,2774.43,2739.4
UGA,Forestry,290.9,55.99,120.68,85.07,105.29,100.23,183.3,126.76,117.67,185.06,419.35,205.13,750.52,622.44,796.91
UGA,Shifting Agriculture,24731.27,9585.82,10510.67,15881.26,24722.78,25273.45,31871.3,32792.68,20843.29,29974.7,59263.1,26250.29,42402.53,50075.82,49486.73
UGA,Urbanization,639.54,144.08,325.32,290.63,467.58,779.37,1385.65,710.36,637.05,992.12,1576.3,669.65,1620.36,1160.64,731.45
UKR,UKR,27551.25,25836.65,37807.37,47831.66,35315.07,40519.14,62304.27,50953.32,46381.12,50849.64,58325.13,53000.34,36547.06,45640.75,46950.48
UKR,Forestry,27032.17,25678.12,37528.12,47561.43,35015.16,40230.85,61939.08,50092.39,45969,50473.66,57728.23,52616.38,36296.03,45409.01,46227.64
UKR,Wildfire,519.08,158.53,279.26,270.22,299.91,288.29,365.19,860.93,412.12,375.97,596.9,383.96,251.03,231.74,722.83
UMI,UMI,2.12,6.51,0,0,84.5,0.07,0,0,0.07,0,0.15,10.45,0,0,0
UMI,Shifting Agriculture,2.12,6.51,0,0,84.5,0.07,0,0,0.07,0,0.15,10.45,0,0,0
URY,URY,6764.08,6414.41,9952.45,14352.99,14948.23,20169.84,20769.43,22690.92,18321.68,17117.42,26902,29144.48,18587.01,24759.33,17295.55
URY,Commodity-Driven Deforestation,302.2,304.84,366.31,476.58,509.08,923.06,1505.5,1323.15,985.92,992.45,770.07,1146.43,1268.71,651.3,859.19
URY,Forestry,5965.11,5773.75,9041.66,13170.47,13568.61,18578.55,18539.11,20666.09,16308.4,15546.09,25365.42,26427.47,16636.14,22986.71,16015.28
URY,Shifting Agriculture,496.77,335.82,544.47,705.93,870.54,668.23,724.82,701.68,1027.36,578.89,766.51,1570.58,682.16,1121.32,421.09
USA,USA,1926560.76,2023416.07,1639622.58,2725953.8,2673667.03,2589714.53,2417426.66,2197441.89,1596012.76,2153056.43,1650771.45,1943517.43,1713572.02,1717549.47,2278267.49
USA,Commodity-Driven Deforestation,43306.56,27347.26,27004.96,52971.19,36424.2,33942.31,41504.88,38758.68,26085.53,24053.93,32326.96,43756.35,22987.09,29644.96,19256.39
USA,Forestry,1607762.84,1510657.93,1247625.02,1791031.62,1669789.4,1698775.4,1884791.58,1875546.75,1294025.07,1500414.43,1374297.95,1631408.77,1333221.18,1477581.67,1396247.89
USA,Shifting Agriculture,2491.48,3553.34,3884.86,4877.22,3719.49,4862.64,5346.04,3655.63,2274.07,2179.56,2269.4,2330.02,1549.06,1903.4,1675.79
USA,Urbanization,78108.96,83257.87,65429.96,96317.43,94491.72,98934.01,99133.83,79035.52,54924,61492.17,55352.29,71418.83,49844.95,65132.32,63237.61
USA,Wildfire,194890.92,398599.66,295677.79,780756.35,869242.23,753200.17,386650.33,200445.31,218704.08,564916.35,186524.84,194603.46,305969.73,143287.12,797849.81
UZB,UZB,19.85,18.38,1.7,0.81,0.63,6.52,4.7,5.96,13.98,6.83,2.55,2.75,17.14,82.38,0
UZB,Forestry,0,3.49,1.16,0.23,0.46,0.46,2.09,1.4,8.31,0.46,2.44,0.87,1.05,0,0
UZB,Shifting Agriculture,0.48,0.12,0.48,0.24,0,4.71,0.36,0.24,0.83,6.2,0,1.37,16.04,82.33,0
UZB,Wildfire,19.38,14.77,0.06,0.34,0.17,1.35,2.25,4.32,4.83,0.17,0.11,0.51,0.06,0.06,0
VCT,VCT,4.95,4.87,4.2,14.46,12.29,3.07,13.56,22.03,21.96,49.01,25.93,15.29,8.47,5.54,0
VCT,Shifting Agriculture,4.95,4.87,4.2,14.46,12.29,3.07,13.56,22.03,21.96,49.01,25.93,15.29,8.47,5.54,0
VEN,VEN,120398.02,87813.89,84464.97,88802.11,92900.99,83382.33,111536.33,118039.52,138842.06,97845.8,71754.27,100414.73,61574.91,97332.75,59235.27
VEN,Commodity-Driven Deforestation,12860.48,7331.63,12999.02,9737.37,10003.71,11028.74,12152.35,15446.04,21948.11,21607.95,13575.41,13053.1,10016.47,16777.35,11050.72
VEN,Forestry,10868.38,7830.96,7093.57,12392.57,9283.6,9089.31,7772.11,11275.03,8646.92,7124.3,4739.2,7921.71,8867.66,6593.23,3112.58
VEN,Shifting Agriculture,94626.13,71351.19,64194.59,66457.97,72367.58,60793.13,90551.82,89116.73,106230.77,67969.55,49191.61,73914.54,41950.29,72424.8,44412.07
VEN,Urbanization,174.33,115.97,96.51,102.82,99.31,136.14,155.78,167.33,373.9,70.76,80.94,182.06,66.32,77.08,77.06
VEN,Wildfire,1868.7,1184.13,81.28,111.38,1146.79,2335.01,904.27,2034.39,1642.35,1073.24,4167.1,5343.32,674.17,1460.28,582.85
VIR,VIR,117.67,19.8,33.14,20.69,15.91,54.56,17.6,34.6,72.92,19.37,43.12,23.48,19.8,16.93,0.15
VIR,Shifting Agriculture,117.67,19.8,33.14,20.69,15.91,54.56,17.6,34.6,72.92,19.37,43.12,23.48,19.8,16.93,0.15
VNM,VNM,46542.71,49177.04,42682.76,73525.65,101782.97,78448.99,79919.44,108051.95,137087.82,173490.37,130341.95,180757.66,132248.21,217018.61,217681.16
VNM,Commodity-Driven Deforestation,28154.11,34951.66,26363.14,47195.18,67427.86,51011.04,45067.5,76578.13,90586.02,125144.19,90528.06,119846.54,71886.29,125428.09,113510.46
VNM,Forestry,11515.84,7573.72,10742,16338.08,21472.81,17129.71,23072.37,19134.43,30490.85,28171.56,26899.62,43404.12,44954.83,67945.02,82314.56
VNM,Shifting Agriculture,6153.99,6290.46,5225.64,9042.07,12194.63,9517.47,10975.56,11777.57,14727.69,19060.32,11866.72,15387.26,14017.79,21617.81,19203.13
VNM,Urbanization,718.78,361.2,351.99,950.32,687.67,790.76,804.02,561.82,1283.26,1114.3,1047.55,2119.75,1389.3,2027.69,2653.01
VUT,VUT,33.29,55.11,407.89,218.41,143.9,118.9,81.2,110.58,1005.71,200.6,526.08,88,730.09,370.61,2890.59
VUT,Commodity-Driven Deforestation,4.64,7.21,21.74,48.99,68.88,23.49,4.55,11.47,9.95,24.11,7.28,22.8,234.88,70.2,570.09
VUT,Shifting Agriculture,2.58,1.18,1.11,5.19,1.77,1.4,0.37,1.1,1.84,0.96,6.76,9.6,59.81,7.06,552.06
VUT,Urbanization,0,0.07,0.07,0.22,0.59,0.07,0,0.22,0,1.63,0.37,0.81,17.46,3.85,14.13
VUT,Wildfire,26.07,46.65,384.97,164.01,72.66,93.94,76.28,97.78,993.92,173.9,511.67,54.79,417.94,289.5,1754.31
XAD,XAD,0.38,0.25,0,1.59,0.06,2.1,3.05,0.95,2.67,0,0.95,1.78,1.02,1.21,2.54
XAD,Forestry,0.38,0.25,0,1.59,0.06,2.1,3.05,0.95,2.67,0,0.95,1.78,1.02,1.21,2.54
XKO,XKO,1025.39,176.86,212.42,526.59,291.56,468.5,761.01,1094.02,735.53,439.43,769.91,1596.46,722.69,714.37,431.7
XKO,Forestry,1005.73,175.25,209.78,517.25,285.03,450.45,753.84,1080.95,721.02,414.77,752.7,1575.98,705.6,706.17,421.08
XKO,Shifting Agriculture,17.54,1.61,2.58,8.31,6.54,16.62,4.7,13.02,14.46,14.91,13.59,16.68,10.89,4.81,5.16
XKO,Wildfire,2.12,0,0.06,1.03,0,1.43,2.47,0.06,0.06,9.75,3.61,3.79,6.2,3.39,5.46
XNC,XNC,1.26,2.14,1.39,3.91,0.51,3.03,3.34,0.95,5.61,3.09,2.9,0.88,7.19,20.92,10.04
XNC,Shifting Agriculture,0.95,0.38,0.06,3.6,0.51,1.2,1.58,0.44,2.53,1.96,2.4,0.44,3.6,3.22,10.04
XNC,Wildfire,0.32,1.76,1.32,0.32,0,1.83,1.76,0.5,3.09,1.13,0.5,0.44,3.59,17.7,0
ZAF,ZAF,76151.17,47279.23,91912.25,71926.06,103966.04,104325.2,46241.45,80720.05,66565.06,61180.5,68997.84,84217.11,55270.52,68485.44,69637.02
ZAF,Commodity-Driven Deforestation,2765.7,2904.19,3788.69,6026.19,1179.04,3996.72,5198.06,2123.12,3828.9,1233.98,2380.25,3768.02,3173.08,2900.46,8878.08
ZAF,Forestry,65948.39,38411.47,79729.7,54160.7,94742.65,87796.92,32108.69,69499.3,53808.94,50795.04,57705.84,71532.42,40772.4,50536.05,45702.51
ZAF,Shifting Agriculture,7014.21,5592.59,7954.65,11201.8,7294.81,11783,8304.7,8744.32,8706.73,8679.08,8478.82,8513.66,10385.82,14517.26,14172.26
ZAF,Urbanization,370.12,331.11,398.03,501.65,674.01,735.82,439.64,326.26,173.5,419.55,398.77,358.63,866.31,455.13,647.91
ZAF,Wildfire,52.74,39.87,41.19,35.72,75.53,12.73,190.36,27.05,46.99,52.84,34.17,44.39,72.9,76.54,236.27
ZMB,ZMB,29286.44,45031.09,40993.12,27931.46,56498.25,39878.51,52891.32,65259.79,116557.81,172768.4,59099.69,128396.33,82251.26,113061.24,86638.55
ZMB,Commodity-Driven Deforestation,407.14,1118.94,1122.36,748.67,1116.48,497.17,1839.29,1731.16,2922.41,8233.39,373.01,3999.51,2561.31,2292.1,1837.32
ZMB,Forestry,15.86,71.84,32.92,10.6,65.67,63.48,27.21,41.38,82.55,583.71,92.4,981.32,528.91,641.96,321.45
ZMB,Shifting Agriculture,28852.3,43831.1,39826.23,27139.95,54927.24,39291.23,51019.99,63466.89,113522.51,163932.29,58624.49,123116.93,78645.15,109637.45,84226.73
ZMB,Urbanization,11.14,9.22,11.61,32.24,388.87,26.63,4.83,20.35,30.34,19.01,9.79,298.57,515.88,489.73,253.04
ZWE,ZWE,7728.52,7584.44,7157.74,8295.9,11254.14,14649.94,9000.41,5203.73,18930.64,6456.36,8830.62,13566.77,9520.23,9499.59,12173.11
ZWE,Commodity-Driven Deforestation,26.01,54.83,12.02,112.2,28.17,7.66,35.44,5.94,69.88,18.27,10.23,37.69,0.8,0.36,0.07
ZWE,Forestry,3517.62,2593.59,3748.12,4301.23,3844.36,9509.93,3208.61,1421.26,6539.28,1520.91,5165.41,5428.91,5726.32,5162.89,7906.93
ZWE,Shifting Agriculture,4174.04,4905.46,3372.11,3852.59,7250.75,5129.94,5656.36,3724.76,12273.66,4839.23,3598.84,7992.53,3737.77,4303.4,4220.3
ZWE,Urbanization,10.85,30.55,25.5,29.88,130.85,2.42,99.99,51.76,47.82,77.95,56.14,107.65,55.34,32.94,45.81
,Grand Total,13123406.17,16254527.8,14337746.15,19676840.61,17904111.57,17442021.57,18175710.55,18392133.85,16758742.73,18315999.26,17368382.48,23198497.87,20413748.73,23503652.7,19485149.11
,,,,,,,,,,,,,,,,
,,,,,,,,,,,,,,,,
,,,,,,,,,,,,,,,,
,Commodity Driven Deforestation,,,,,,,,,,,,,,,
,Forestry,,,,,,,,,,,,,,,
,Shifting Agriculture,,,,,,,,,,,,,,,
,Urbanization,,,,,,,,,,,,,,,
,Wildfire,,,,,,,,,,,,,,,
