"","ISO","Indicator","value.1991","value.1992","value.1993","value.1994","value.1995","value.1996","value.1997","value.1998","value.1999","value.2000","value.2001","value.2002","value.2003","value.2004","value.2005","value.2006","value.2007","value.2008","value.2009","value.2010","value.2011","value.2012","value.2013","value.2014","value.2015","value.2016","value.2017"
"1","ALB","AGDP",1203.855296,1369.703809,1566.806419,1742.56155,2013.160936,2178.470912,1837.832207,1936.243351,2119.566811,2322.724446,2466.530691,2536.915524,2653.365641,2896.498638,3015.122138,3190.936352,3519.365796,3850.505352,4269.080863,4638.517905,4518.234328,4346.751244,5065.87075,5401.267521,5374.47637,5442.40885,5446.587369
"2","DZA","AGDP",4735.860543,4933.551749,4525.545882,4044.922812,4721.636167,5544.23717,4635.200464,5135.599714,5127.895323,5111.858516,5483.972822,5307.445681,5881.199848,5710.426524,5934.915678,6077.300439,6476.685643,6237.836321,7631.431332,8234.969797,9444.286162,10764.90038,13006.61783,12825.10698,14065.12385,14368.55098,14207.26633
"3","ARG","AGDP",383558.4464,325206.1164,307463.2614,330683.0782,271609.7367,210457.7256,194733.7093,209294.0368,220054.0913,238670.0187,197488.5402,167275.2292,116625.0943,102599.5751,138112.9299,161677.0487,194966.3314,146852.4702,104234.0561,140425.135,264831.5086,236631.7683,258619.8179,301092.1853,337759.7792,304181.2416,321316.1485
"4","ARM","AGDP",1791.140106,1558.633016,1259.73759,1344.039554,1422.304321,1577.894642,1620.738634,1721.37311,1863.782847,1851.771968,2041.484809,2156.46381,2352.794777,2751.136596,3172.740433,3322.900634,4064.298521,4307.095672,4404.305409,3647.838143,4025.223567,4549.293269,4916.887755,5530.002025,6289.041997,6161.399717,5767.112673
"5","AUS","AGDP",36042.74274,35468.79033,37038.18936,39003.73821,32998.8509,38959.11822,40988.11564,42273.57025,45339.10791,47756.97266,49941.36832,54791.2722,47027.9254,60718.23614,63928.80376,66862.10209,57151.86303,60783.91874,72284.39111,70356.50288,82077.69049,82435.44252,86706.84849,81236.90156,85599.24915,79292.73719,92769.52265
"6","AUT","AGDP",16743.80339,16769.73991,16810.32469,16893.02945,16608.31644,16674.45629,18051.60929,20067.38777,21545.69178,21331.70219,21996.49245,21530.17507,21851.52179,27636.4522,24255.56291,23594.00268,23880.76184,26432.20179,24387.65733,23406.06802,27966.84908,27195.51625,26832.89059,26123.99142,27433.49038,28957.30769,29810.11854
"7","BHS","AGDP",21838.1188,18839.97492,18966.99814,18984.65925,21918.01267,20517.81332,23525.67483,22174.9284,17846.6212,18850.80471,18286.8956,22991.66483,30850.46079,18690.96574,20819.34484,24851.76008,24735.17319,19605.17674,21503.05758,18335.01404,14972.12766,15145.80748,12587.7971,10843.37566,10158.67474,10592.68967,12263.37517
"8","BGD","AGDP",408.0853268,406.5107722,411.5616608,405.9768759,395.0087919,406.5129418,408.582489,412.5464089,416.1010539,434.538906,461.4883939,483.7623391,541.3620015,572.4438028,608.0598869,626.1196089,653.7535136,676.0678555,699.7395023,728.4838087,733.6127131,760.3000609,807.1930469,838.8980791,888.6276233,930.9897105,990.661053
"9","BRB","AGDP",13363.39395,10474.18114,11292.26223,11411.03176,12267.37837,12039.43664,11882.20439,11870.93324,13063.10016,15458.03924,12359.40723,12287.58797,10489.28424,12921.86464,19290.47596,11905.83264,14355.95067,15595.98538,15510.11278,15221.13412,12379.91543,15144.44,15936.2851,14820.34387,14059.68615,13489.35292,NA
"10","BLR","AGDP",4178.896802,3655.959001,3807.260824,3276.157632,2972.772436,3135.666653,3238.284198,3400.39055,3160.05453,3548.258152,3840.669014,4060.719143,4708.53342,5706.103113,6022.004114,6791.426545,7591.920205,8789.380603,8865.332582,9339.250154,10780.59849,11503.11303,11339.04001,11674.68868,11422.45163,11630.90444,12170.9952
"11","BLZ","AGDP",3760.686937,4763.429193,5360.088646,5717.934488,4780.763213,4717.676885,4519.442665,5337.981147,5031.883865,5630.021466,5558.866588,5745.426364,8093.237613,8948.560686,9350.875015,8561.936126,6612.504169,7061.56173,7141.153365,7579.536212,7196.22905,7555.447958,7539.493666,7806.588145,6840.329318,5344.667961,5064.927374
"12","BEN","AGDP",639.2867269,628.9524918,666.623315,665.1202401,688.2167209,691.6512871,716.5911675,734.2878075,810.3022657,842.2925718,877.2288128,894.9937248,895.9809429,933.6202978,904.1404958,938.0104916,975.4649982,981.2955184,999.4347151,962.6405986,1009.68358,1022.101166,1069.337,1111.542754,983.1628384,1067.745746,1024.695032
"13","BTN","AGDP",1124.61586,1150.223346,1180.484594,1203.341505,1260.755259,1269.159711,1287.432622,1267.207657,1232.264499,1240.187924,1226.392694,1183.852638,1138.360879,1153.090181,1200.970918,1317.781943,1193.854169,1163.429914,1196.538753,1310.250939,1328.569076,1310.433919,1445.003983,1471.517305,1426.609581,1482.762903,1512.938843
"14","BOL","AGDP",1176.991751,1110.792823,1145.482122,1153.230436,1161.446056,1252.782421,1225.042054,1197.029194,1212.379287,1168.310241,1044.436254,1062.208396,1346.72833,1303.54815,1336.806925,1309.857893,1418.865236,1469.502342,1549.19608,1495.279836,1518.371835,1723.832928,1673.854089,1559.01607,1909.249473,1954.617005,2083.449933
"15","BWA","AGDP",2766.82177,2887.390386,2864.019745,2977.419497,3602.293002,3536.702315,2838.882171,2203.198102,2391.258191,1962.775244,3488.869862,2248.323093,1949.097076,1638.769171,1349.054169,1282.414962,1533.891059,1645.975252,1714.65176,1801.282176,1558.00948,1318.197066,1302.989501,1286.561141,1234.585283,1260.19628,1250.762593
"16","BRA","AGDP",2817.837238,2706.525544,2729.927455,2995.389132,3076.797573,3309.65642,3297.600097,3479.808514,3500.673563,4180.497596,4212.147644,4372.349386,4655.320026,4497.426933,4582.856469,4914.359605,5294.10673,5850.041395,5613.443547,6387.613273,6739.829776,8883.437778,9727.680762,10646.92075,11165.11065,11033.81485,12351.33772
"17","BRN","AGDP",24403.31702,24705.55594,25573.57589,25968.52482,27035.38072,27011.38949,30083.04119,30599.44533,34830.12032,37917.97355,41128.64573,46178.21388,56835.84861,64272.50906,67529.5525,67251.8865,67927.63132,71260.68144,80037.89492,77801.98256,79688.62464,88755.48451,88886.3166,100594.6631,101244.5013,94885.53484,103384.3992
"18","BGR","AGDP",8439.085907,7932.180236,5910.867708,6301.755263,6699.52189,4430.286093,5098.700517,6198.040576,6852.528476,7016.061609,9834.792306,9401.562967,8577.578644,8923.626655,9770.107895,10253.40106,7708.163715,9947.331462,9860.823053,10047.37839,10527.97887,10347.50266,10337.57276,10144.92987,9496.008272,10199.45901,10937.93512
"19","BFA","AGDP",343.9093545,346.018773,371.9686293,364.5977143,381.1966039,421.8045406,400.1431963,458.3054355,460.5997792,473.5888691,517.9970924,512.3188665,544.6509098,525.4250918,573.50937,579.0282458,591.5161603,734.2027426,706.7490908,852.2919878,904.3348306,1098.102925,1298.516079,1732.781086,1825.037893,1890.300341,1888.716168
"20","BDI","AGDP",431.6805745,441.1856948,418.3949332,377.1619799,349.4004999,351.9961628,365.3537808,371.9781022,364.6121293,341.1538756,319.6702826,321.6214126,298.5338484,286.6448924,257.7288523,256.2126041,226.4298311,213.6218144,212.69694,214.3391399,218.1373926,224.5631763,221.61799,224.0791237,209.4152818,197.3121549,NA
"21","CPV","AGDP",420.2841826,391.3011002,486.0797557,526.3950815,632.1926738,629.1191373,645.421163,658.4228411,923.7730906,996.0388961,889.3648381,843.7358178,839.3974657,873.6533773,829.4300802,821.4631419,1075.266519,1069.66669,1150.167887,1086.87206,1126.757022,1201.619195,1161.459835,1134.098729,1198.960672,1219.116155,948.7758686
"22","CMR","AGDP",538.8431439,550.196343,609.2512564,622.9892191,609.7840273,629.4285698,630.7947674,651.9930648,671.7673615,687.653182,719.988155,717.076083,679.234399,711.4401104,696.3768304,663.5135603,665.5798032,675.8930669,663.5772673,689.3406613,690.8337439,702.1630565,739.4777687,766.89477,791.5130889,825.7241703,850.1818539
"23","CAF","AGDP",605.0069497,592.7638033,590.3002917,579.6628884,592.6913554,598.4290397,619.8476085,628.9896949,643.1048309,629.5231072,680.1168944,682.4146321,659.3582852,692.6265441,658.3080329,675.7186144,681.1260024,683.0464427,669.1376518,676.354582,717.432444,738.2348047,405.9178357,382.276199,394.1931978,410.7907456,414.8953147
"24","CHL","AGDP",3375.233187,3812.641096,4111.742744,4501.58788,4911.893134,5155.522279,5609.467604,5772.995284,5770.104042,6163.28095,6700.06061,6936.215676,6826.34724,7552.342824,8490.926224,9174.01683,9328.243241,10224.42338,9094.126397,10163.69048,11147.04731,10786.76583,11137.63847,11119.24075,11682.91955,11633.19561,11451.18461
"25","CHN","AGDP",812.4680352,857.7671051,918.8267438,960.8367269,1018.472496,1075.674885,1125.785635,1171.193213,1221.446162,1272.137207,1331.004839,1396.938307,1488.488128,1619.384751,1786.923388,1987.897151,2190.264448,2441.206206,2684.891772,2966.03351,3301.347891,3644.300129,3993.887171,4394.084071,4839.156834,5325.81363,5805.094775
"26","COL","AGDP",6883.226916,6799.254123,6895.271167,5062.54771,5235.571669,5336.119363,5265.146434,5228.307854,5289.383847,5289.854514,4722.764988,5180.499961,4903.110819,5062.198857,4841.446537,5142.858894,5399.194126,5257.065375,5007.848567,4900.324114,4931.387845,5015.425813,5508.233391,5737.832489,5791.188822,5801.734756,6015.083849
"27","COM","AGDP",2342.454937,2309.704858,2293.112602,2079.062682,2190.778147,2099.882362,2200.225418,2132.775678,2160.422936,2390.301522,2464.152612,2466.549234,2453.380987,2446.771878,2442.280019,2443.038039,2414.309282,2540.87174,2393.27502,2295.848678,2329.261372,2359.312933,2398.935054,2376.785467,NA,NA,NA
"28","COD","AGDP",332.0025315,326.6949224,320.1584552,304.4413309,329.4233293,334.4745264,311.2989114,299.8242682,299.1419752,264.1094276,261.7986328,247.5149532,239.3258495,235.9176469,231.3478588,237.897993,237.520207,238.0184741,239.4283027,239.6237167,240.1063458,241.0916183,242.2837694,240.9067431,243.3872166,243.5638639,237.6896285
"29","COG","AGDP",943.3785197,969.0805474,855.7055309,771.0972727,792.6109448,774.2095909,735.9294166,744.1078445,648.464866,655.135483,706.1518374,759.6372732,780.6632487,786.3461381,800.5593204,810.6827791,800.712848,798.1777734,759.9932041,773.4852093,803.0342799,790.5840409,846.8994432,910.7035781,968.9446423,1005.145484,946.5241867
"30","CRI","AGDP",4445.801909,4801.03986,5083.999904,5470.898743,5735.291639,5919.703934,6109.361425,6355.23217,6623.668339,6203.072576,7793.28011,7322.459632,8036.297167,8351.621247,7857.422633,9070.83109,9569.955671,9791.335775,8480.468933,8594.284255,11671.20679,12823.92495,12927.8222,11222.70038,9880.278956,10777.35173,11164.60437
"31","CUB","AGDP",3473.017169,2833.510906,2045.472022,1899.015143,1984.24477,2281.175381,2303.284866,2276.887452,2001.712027,2144.11919,2651.992672,2540.769089,2547.342365,2572.584325,2325.722912,2164.196919,2671.995195,2667.519927,2578.12695,2468.439425,2441.113021,2512.374921,2711.316887,2711.652066,2857.972338,NA,NA
"32","CYP","AGDP",21644.94431,27799.64073,28628.91142,25989.39927,35776.00643,37223.63335,31676.36135,36524.32167,39191.72335,31810.65704,35977.45468,33578.20743,30300.12807,30732.46883,30592.14766,28996.05748,25443.69412,23709.02141,23222.7098,25825.049,26904.29782,32962.08972,30438.38264,19359.49579,21401.67073,21654.82713,NA
"33","DNK","AGDP",16293.87476,18437.16962,23600.70528,24814.49549,29178.98767,33786.54736,35424.11368,36256.62477,39548.84735,38297.01897,41294.40477,42915.66856,42700.24035,43580.14988,41839.14112,44113.49051,48863.8992,42224.45418,41445.76876,58958.96773,53162.90014,55124.34276,53704.8939,63773.44758,57577.40272,54398.98429,57447.26867
"34","DOM","AGDP",2381.36573,2724.319708,2872.467998,2770.86473,2986.583749,3155.019377,3049.926831,3632.30471,3380.773997,3701.546076,4377.313971,4060.091292,4996.074085,4131.601764,4379.95542,4715.918405,4905.025484,4920.549239,5156.362123,5496.782997,5697.457294,5869.96539,6000.713697,5869.388159,6219.24319,6946.115168,7378.746638
"35","ECU","AGDP",2608.048052,2772.046288,2512.921801,2593.772793,2601.614846,2838.828934,2908.203922,2801.840195,3078.790624,2811.0258,3106.466513,3082.99237,3296.975758,3287.10903,3508.125666,3525.923861,3479.20056,3663.983231,3664.597286,3761.628753,3992.443063,3882.311428,4293.557027,4806.511292,4517.578172,4257.702526,4375.807355
"36","EGY","AGDP",3462.859804,2791.062545,3099.838729,3084.632541,3290.137438,3526.353743,3556.247439,3805.860938,3844.425505,3799.893367,4029.935736,4287.530751,3971.626976,3653.042509,3777.21449,3709.316235,3544.957246,3552.218857,3790.917255,4047.340079,4083.351154,4478.720796,4387.866739,4564.898444,5000.607265,5099.777255,5282.575442
"37","SLV","AGDP",2386.476491,2615.773337,2831.034834,2820.88152,2915.228727,2742.038822,2801.869317,2661.833311,3072.548288,2924.804899,2702.955645,2831.061598,2888.35884,2753.292993,2652.045719,2807.303014,3074.733749,2909.963234,2473.070312,2521.305749,2269.050069,2379.782849,2311.349559,2424.393716,2422.101872,2540.392732,2499.403337
"38","SWZ","AGDP",2974.22162,2364.422669,2149.420895,2181.429752,2119.837765,2341.300889,2370.356249,2294.85995,2427.628436,2366.815819,2300.104036,2339.094279,2506.065419,2179.646929,2578.031575,2440.878928,2544.382183,2692.599661,2836.885001,2385.340304,2434.36803,2659.840828,2715.466923,2444.363976,2454.394839,2239.935172,2171.789392
"39","ETH","AGDP",300.2717127,283.4723328,293.3171846,277.2016115,280.851477,322.8061141,322.4441202,286.3224861,293.2749672,291.3136536,309.6248757,294.506337,254.6580523,289.7559039,320.8202624,346.0405898,369.9532173,386.6440397,400.7195716,415.7860374,447.4784799,456.999927,486.9482598,506.3078883,532.8828386,537.9016894,560.9243997
"40","FJI","AGDP",2238.766437,2321.787218,2335.892716,2567.881967,2449.815145,2589.678288,2344.601361,2165.398331,2499.249038,2507.847657,2393.559305,2505.774709,2397.693861,2450.686638,2469.429437,2679.464057,2600.051569,2539.136005,2259.831992,2177.032032,2346.338587,2267.774662,2371.296145,2417.04423,2625.980273,2428.44325,NA
"41","FIN","AGDP",23439.68009,23929.77515,27991.35689,29212.6254,32825.39928,30302.51821,32207.15599,30793.65125,33227.22503,36528.13286,37431.67029,39328.52694,39864.09389,41731.37324,44018.6846,45503.46616,48375.99397,47625.95424,51553.14388,54313.89118,58794.35955,58096.85477,64031.78225,61367.51729,62112.35033,69759.43526,71026.88634
"42","FRA","AGDP",24645.06903,25556.08021,26294.15321,28145.66006,30695.3094,32971.04499,34402.95999,36827.78698,39734.36707,39213.24505,37935.63813,39036.9423,31373.67122,41779.87616,41301.20444,40082.84552,42255.79797,54905.90451,55092.49039,53565.14979,55603.88383,50566.54087,47136.46306,58700.0682,61164.07863,52472.21108,54969.26457
"43","GAB","AGDP",4562.595297,4696.320857,4908.334657,4752.785729,4666.179274,4657.168379,4773.332984,4866.627037,4515.28978,4526.97494,4517.116606,4188.947042,4115.883423,3925.475197,3967.164348,4199.403504,4374.752417,3852.542899,3465.176589,3220.613362,3165.649721,3213.715745,3244.123634,3425.53833,3595.366277,3873.739147,NA
"44","GMB","AGDP",1506.518056,1454.09018,1351.172559,1356.018622,1237.24054,1226.818772,1310.281404,1263.773847,1565.634125,1645.138544,1742.965017,1363.537189,1568.685157,1606.626477,1491.335658,1304.420168,1274.285611,1495.977791,1615.488881,1719.216546,1106.504759,1239.029512,1207.214814,1138.010346,1154.612773,1173.41174,1169.687451
"45","DEU","AGDP",21313.91648,23069.1785,22462.8496,17623.12107,18534.64069,20909.0326,21136.50167,21821.18885,22616.46669,23328.64922,22549.53404,23576.5971,24986.61854,34684.66103,24519.45408,23693.51918,29129.07416,43720.95529,44922.47778,34356.75491,30702.92346,31849.34462,35732.74006,31581.77444,37052.8173,38593.33393,38501.16006
"46","GTM","AGDP",6485.520513,5761.632412,5048.334617,4418.571281,3872.456378,3306.852193,2808.335848,2358.550956,2272.69733,2191.243362,2131.235188,2210.860486,2367.375541,2331.805201,2367.493971,2435.812066,2510.598051,2439.172797,2390.554079,2304.066999,2355.50113,2558.80126,2955.816053,2858.683535,2841.361465,3066.784497,3059.43794
"47","GIN","AGDP",351.9429169,349.1209413,341.7112062,337.6537285,333.3860496,338.71854,351.1961834,360.2377223,379.593432,383.0692183,399.1139875,411.0112578,420.0224418,422.9938146,421.2454313,420.7830192,419.9816923,428.6390725,393.2159885,461.6169854,483.6822311,502.2608352,521.4729539,532.9883346,550.2216454,561.4549649,550.8092895
"48","GUY","AGDP",3065.495547,3954.010098,3643.868879,4224.57671,4644.489476,5254.616055,6029.079433,6054.472587,7143.415212,7142.742946,7725.20138,8399.974769,8297.854954,8634.102382,7169.107538,7417.370573,7901.225066,7608.557928,8152.054128,8690.878795,8925.58937,9312.91667,9614.855946,10562.19812,10559.7985,9919.021479,10475.37272
"49","HND","AGDP",1735.665194,1699.771285,1691.703351,1630.583516,1709.517864,1662.829156,1708.693493,1739.906523,1508.908859,1633.464735,1599.034473,1567.338926,1666.771349,1904.136101,1598.677684,1725.265946,1823.310088,1729.784651,1558.903763,1515.425348,1657.553132,1796.368085,1875.94688,2203.054316,2115.399308,2164.600965,2331.518956
"50","IND","AGDP",769.3653295,806.2884501,816.589515,841.8207034,832.4290301,895.9761479,860.8313763,897.9398952,916.6012051,913.1888116,931.8157851,862.9923206,922.4532311,925.3542169,963.0387021,1023.08216,1098.54568,1108.867126,1128.203341,1240.947086,1366.533057,1431.895355,1491.825327,1497.079964,1519.354766,1620.502083,1672.013854
"51","IDN","AGDP",1536.973245,1555.589055,1671.231787,1800.277148,1929.23533,1941.149924,2056.638004,1806.800034,1872.432742,1775.875788,1858.571556,1876.380557,1830.768936,1997.244199,2013.650747,2132.003759,2224.700652,2282.954019,2338.411436,2432.976672,2611.51687,2771.340283,2927.498508,3068.23505,3331.680344,3481.749064,3645.85495
"52","IRN","AGDP",5398.767378,5945.544546,5899.391618,6035.855568,6311.302066,6748.679678,6544.265331,6792.271605,6065.718021,6202.422464,5779.467831,5981.663825,5865.256038,5426.905123,5882.193892,6696.43938,6906.423808,6093.592069,6593.038471,7731.743167,8241.140829,8749.238603,8621.03712,9564.21826,9609.67995,9738.443265,10641.51904
"53","IRQ","AGDP",3889.841071,5233.746129,5818.080998,5693.921526,5984.024175,6941.465082,6771.058546,8850.053371,10884.85075,9061.932412,9042.042369,9372.873025,5061.52856,8465.19952,7438.665828,5612.341333,7181.465182,3856.586779,3846.417633,4156.741649,4526.54981,4570.55656,5075.179219,4598.016602,2306.751217,3973.014396,3665.015667
"54","ITA","AGDP",18671.75164,20638.66871,23569.33598,25024.61042,27020.27694,29256.99712,31173.03223,32452.65911,36129.91273,36541.00078,34878.01861,34748.70395,34340.29879,42404.64404,40027.2911,38644.11902,41421.5392,44669.173,44921.95171,44564.95146,46526.2716,45360.13688,47776.25226,45752.88333,46202.5327,44242.47526,41986.29652
"55","JAM","AGDP",3204.033676,3065.192147,3381.736911,3569.865873,3841.807762,4050.449582,3714.252693,3625.09628,3771.915482,3218.597073,3393.204981,3207.502025,3279.25549,3126.212336,2885.737891,3327.585225,3110.426229,2690.473974,2911.907333,2867.449796,3600.794762,3551.449635,3519.047434,3368.410183,3296.724129,3673.656537,3426.479114
"56","JOR","AGDP",10485.49743,16122.9862,11485.81746,9113.480612,8255.194087,8301.457263,7613.079193,8751.552182,6312.035615,6792.015672,7081.725423,9437.570346,10122.41092,10646.66015,10935.24137,12329.10022,11650.66098,12358.48917,13284.04319,12798.90225,13138.24458,11536.68026,10831.31907,10781.61404,11072.80362,11480.31305,11404.03495
"57","KAZ","AGDP",1997.134004,2740.50087,2790.178685,2339.19732,1848.748658,1782.184273,1819.53637,1552.86655,1910.128598,1933.031509,2237.042584,2272.359788,2308.574615,2403.353578,2604.699297,2780.227798,2986.286288,2826.934234,3249.458001,2873.475749,3832.512319,3245.708199,3774.787826,4555.111309,5214.575793,5498.020453,5561.586738
"58","KEN","AGDP",1729.28312,1592.27686,1468.132787,1452.736083,1496.271266,1531.539449,1434.307947,1513.306502,1558.632174,1492.155778,1674.020399,1619.750607,1655.055408,1712.198965,1867.657865,1945.693987,2018.597149,1812.279985,1736.617458,1866.381269,1859.969289,1870.832987,1940.366897,1969.239536,2002.479172,2012.594882,1987.133887
"59","KOR","AGDP",5637.279133,7034.113656,6947.830542,7241.106005,8036.192795,8695.548668,9228.278049,8128.096236,8896.956575,9231.527302,9781.869689,9940.010294,9995.516716,11653.49692,11958.73963,12356.85116,13285.96692,14301.1485,15191.66656,15308.23217,15226.78007,15241.66606,15827.13783,17132.0403,18455.13565,18795.70142,18805.3955
"60","KGZ","AGDP",895.407874,812.0552677,658.5860199,564.4395242,490.8608184,528.8966803,614.7117063,661.7587241,706.3111318,720.7545102,763.8993416,817.1703458,913.2614158,1020.01884,943.9732722,990.782069,1051.149427,1072.131338,1282.863921,1251.126459,1274.716766,1250.624805,1226.065721,1202.4334,1346.6263,1507.241493,1523.966374
"61","LSO","AGDP",349.5646184,399.1146274,445.8753983,430.5348548,452.9980406,399.6658451,425.3824461,481.5536169,343.7354916,353.2769075,502.9361301,473.8702742,524.8614997,725.2041728,856.8811994,900.875741,1106.334181,1829.762493,1877.474983,1479.290697,1659.034692,1505.371192,1922.160105,2013.422212,1996.838438,2200.647054,NA
"62","MKD","AGDP",8511.804467,8005.064373,6733.676419,6627.548372,6578.481732,6418.590547,6604.027759,6542.520917,6438.776239,6030.975253,5191.552215,5095.436844,6581.375724,9611.800353,8070.435367,7416.560418,8082.358759,8929.766898,8922.440882,7665.721624,7969.48351,7217.767276,6910.31679,7099.796749,7305.719082,7885.193515,8248.102473
"63","MDG","AGDP",367.9442349,363.3166362,363.706138,352.7683409,346.1336895,343.5234638,337.9508509,335.4106139,336.6558337,330.9702848,334.0137258,311.8750923,308.0606211,293.8242144,283.838788,284.7607582,288.9147917,292.9570013,309.2734024,297.2891084,294.782026,297.3028178,262.2714249,257.7117923,246.9011564,243.7380509,NA
"64","MWI","AGDP",317.1154464,238.6408197,356.0226493,257.7803835,351.7309243,430.795701,420.7796804,451.1464568,482.0751521,492.2526498,450.1991243,466.756878,472.3427506,473.8972155,416.9116606,387.8289166,406.0901208,402.3704418,401.9322606,413.2988138,414.4987002,397.4382399,407.8318556,417.6359593,396.8200082,375.9344123,380.9544353
"65","MYS","AGDP",9574.602111,12109.33377,11693.42831,11470.31868,11199.10533,11655.02494,12740.20889,11067.81949,11063.00159,11352.60876,13458.13307,13659.10283,14769.07742,14741.29535,14631.82269,15119.24346,15923.72974,16055.76555,14509.96834,15310.93809,16283.09779,16880.12628,16044.4205,16844.11593,16332.1047,16734.65388,18123.6813
"66","MLI","AGDP",1575.657424,1352.867627,1418.20165,1554.790816,1454.324201,1487.629711,1457.724839,1632.728347,1740.500376,1552.964896,1772.110178,1673.810192,1960.756831,1868.529389,1743.089098,1656.695695,1512.951355,1470.508719,1345.106822,1297.78672,1145.295785,1116.062829,1015.412403,1019.134563,1150.021086,1213.039789,1312.456012
"67","MRT","AGDP",1342.243797,1418.145936,1514.339116,1224.610025,1483.661271,1564.562407,1177.105353,1162.359842,1211.186001,1157.389976,1138.282225,1074.694976,1089.350007,1031.717008,1090.638507,1057.418457,1127.823198,1185.603432,1175.760634,1202.906428,1141.384897,1204.162584,1154.743931,1149.23695,1177.686728,1173.849391,1180.157315
"68","MUS","AGDP",4231.178498,4429.302193,4328.120203,4149.071735,4447.662118,4796.848103,5060.370149,5097.754549,4177.568302,5388.586886,5938.27905,5093.854903,5354.340914,6173.046031,5835.08546,6904.41552,7074.397123,7269.767477,7990.511569,8203.239102,9492.124434,9602.343932,8921.803081,9322.845828,9386.886927,10172.75402,8026.203082
"69","MEX","AGDP",3166.637721,2976.190474,2897.313022,3044.524007,3272.716108,3497.391093,3091.341912,3768.951058,3572.47837,4129.538156,4314.817274,4229.926031,4672.294433,4729.462459,4792.548301,5123.929171,5536.286326,5569.490527,5229.384475,5135.355325,4989.718258,5082.597462,5132.307755,5203.376689,5208.332006,5532.744864,5509.917016
"70","MNG","AGDP",2534.840339,2152.674482,2019.131633,2046.935225,1875.298561,1834.473016,1947.171546,1993.45005,1983.538392,1643.32586,1345.464925,1247.704541,1336.198181,1475.195149,1627.735944,1737.608615,2180.898201,2253.93301,2331.210951,2302.274446,2213.500331,2495.119919,3431.573594,4101.95286,4409.014261,4538.482632,4567.884532
"71","MAR","AGDP",3062.919839,1968.308446,1801.963447,2949.470441,1677.115722,2633.706739,1964.417262,2500.474445,1925.235644,1628.797963,1869.646726,1895.175467,2252.48622,2179.617975,1929.255798,2387.331744,1932.680592,2329.766534,2851.841959,2853.87199,3021.735648,2817.074568,3368.572409,3325.069953,3535.774353,3149.641983,3532.367881
"72","MOZ","AGDP",233.9561259,172.4168035,207.1962326,198.135877,221.6972968,251.0476506,268.6617027,284.0679556,293.3811588,249.8326104,270.4920704,293.0300086,300.1474449,309.7549302,325.4940494,353.916191,378.3183019,398.246014,412.5867168,429.6174153,446.0935433,454.7787623,457.3149612,478.603463,482.3603905,480.6342754,486.8311586
"73","NAM","AGDP",3656.96094,3582.70533,3837.14929,4150.4412,4228.638816,4573.273161,4482.816188,4941.42487,5375.568334,6136.907537,5474.903469,5883.507115,6106.151152,6460.077335,7438.199489,8587.839696,8738.220752,8251.553884,6933.164332,4966.80892,4931.59375,5068.253355,3883.354574,4206.562465,4713.669377,6109.254017,6327.452086
"74","NPL","AGDP",413.4301485,397.5494159,384.0821834,400.6667157,389.9313237,400.2110389,408.8608713,409.3779004,416.8031842,452.5108103,507.8215382,459.4706985,459.3763163,469.2573094,476.1611503,477.5968135,477.2871509,508.2972375,513.1806235,512.196676,521.0581945,537.6699574,535.0132468,548.5358291,544.440838,530.710282,549.0588951
"75","NLD","AGDP",38482.56237,43126.9866,42390.01936,44142.25597,46406.1186,43836.76457,46287.22104,45367.77201,51195.6879,48927.63322,47470.87903,50233.30025,50079.015,48656.17473,48178.05908,48242.68906,53341.20514,57878.32743,59548.29348,55090.74093,60385.95854,60514.30133,80326.94215,76910.07704,76140.52259,78713.84401,79544.73099
"76","NZL","AGDP",65040.66801,56391.95278,66256.33062,64976.20328,71349.72237,77149.1674,84301.30686,82118.87017,76800.97044,84454.48873,76977.20939,76649.15437,89721.22087,90877.66705,98211.65707,95752.66497,79484.991,88910.59522,95531.13582,84491.2763,92901.23117,99190.94034,100493.2856,105875.6907,110619.8513,99610.6387,NA
"77","NGA","AGDP",1432.872442,1423.057902,1399.038097,1384.925619,1394.412986,1419.98804,1447.207221,1461.086066,1495.347128,1547.92992,1560.070016,2246.747182,2445.255366,2853.723802,3018.717094,3262.710789,3474.365077,3967.601851,4450.320598,6057.859555,5599.704343,5360.708056,5041.112118,5372.601338,5464.50911,5710.844674,5706.398083
"78","NOR","AGDP",32766.34808,32737.19139,37305.16484,39683.12045,40466.65351,39388.23009,39876.25582,42324.08829,43292.52413,44861.61919,45865.11116,51272.78924,52635.39407,62301.3624,69023.37608,70965.37215,83589.59278,91821.27861,91599.98452,104903.0168,115888.2174,127168.8048,122228.8682,127060.417,133621.5925,127064.8813,130127.7783
"79","PAK","AGDP",1527.811261,1590.962404,1487.872025,1438.533085,1642.545394,1768.503161,1809.459372,1715.823295,1692.073827,1709.410641,1640.946373,1834.992416,1843.727915,1756.008533,1786.670572,1765.952444,1760.333859,1708.062995,1715.290388,1707.198667,1697.326539,1780.353351,1782.20169,1766.151203,1812.889723,1689.838261,1699.768976
"80","PAN","AGDP",3123.337528,3347.833554,3412.331779,3964.417351,3749.041185,3927.011889,4272.487561,4644.908925,4558.729617,5094.394079,5023.548569,5213.646316,5468.52402,5789.471765,5764.768029,5741.608713,5947.509593,6140.783473,4012.491175,3842.151694,4020.410994,3835.952231,4104.944787,4149.012422,4004.390618,3973.026089,4031.238123
"81","PRY","AGDP",3383.27643,3548.293319,3644.138617,3522.715412,3861.366965,3984.681842,4141.970017,3945.205375,3828.520735,3238.401064,3513.203509,3411.40802,3669.551773,3596.39642,3535.295074,3733.613044,4369.660613,5186.876303,3955.371836,5789.086504,5890.860853,4292.163959,6912.857195,7559.758808,8693.6621,8083.874297,8409.018026
"82","PER","AGDP",1594.84679,1411.517564,1464.822779,1654.868421,1674.283967,1665.117504,1694.01668,1612.48585,1753.391879,1940.369326,1777.747378,1817.34103,1789.684935,1771.69292,1740.3347,1906.337387,2151.482358,2301.589349,2280.813755,2293.772826,2402.165478,2470.478511,2514.429061,2408.496348,2478.647644,2477.950876,2491.956428
"83","PHL","AGDP",1505.15736,1457.149084,1434.507408,1469.138836,1461.34635,1563.993589,1624.384576,1543.557017,1642.017537,1734.071063,1740.86549,1765.486501,1823.184292,1900.855141,1897.573206,1928.629206,1994.767433,2004.198394,1980.372416,1989.287315,1986.306002,2061.974442,2126.297059,2130.558158,2197.244344,2295.375781,2432.786651
"84","ROU","AGDP",2733.611949,2187.769637,2386.074044,2546.601115,2573.298309,2697.060391,2459.261686,2151.568831,2107.92441,1723.260912,2308.274564,2895.466489,3105.166437,4325.432998,3707.142398,3985.529688,3050.370691,3937.877565,3898.658137,3360.406003,4271.441875,3017.320698,4133.787804,4425.107705,4405.416737,5153.427452,6178.567585
"85","RUS","AGDP",8521.71171,7814.358381,7156.04871,6266.467573,5618.541217,5259.105865,5656.769677,4913.548389,4243.237545,4766.946909,6391.157685,6818.8998,7012.584161,7486.016582,7359.731288,7669.572112,8375.852381,9172.68224,9777.953702,9277.058418,10534.57107,10815.80436,11891.14031,12540.7664,12995.43656,13422.35502,13667.77405
"86","RWA","AGDP",256.9501879,281.7626751,242.3799898,165.8122518,216.4902555,252.1807317,248.0981013,255.5252892,282.3296482,289.0977454,303.0897871,346.2956116,329.8909802,331.6482635,349.2254651,354.4401562,359.5087407,379.67794,403.4500038,420.0372532,435.2834148,462.8334905,480.4086865,527.2109561,547.5282798,556.7957188,580.9477497
"87","SAU","AGDP",24778.09597,26091.7716,25567.47491,24930.40672,25189.51141,26463.63701,28042.97648,29263.94462,29588.95394,29913.6525,29572.18983,37446.00246,37747.00783,39913.90239,39784.15358,39143.92341,35388.53265,34323.39598,35491.38458,35048.22817,34989.50742,32868.47657,31037.60175,25759.08129,21297.27169,21013.88292,19712.98117
"88","SEN","AGDP",1259.257374,1154.724767,1187.162754,1157.325837,1230.835456,1161.037434,1130.668047,1134.976274,1284.23822,1285.741614,1291.542025,995.1228059,1162.87458,1210.773491,1335.19943,1226.405489,994.2311363,1030.489947,1039.947776,1017.966749,829.0209207,852.9666801,828.2027894,809.0412681,868.6941802,903.9371401,946.9788528
"89","SLE","AGDP",1056.659655,695.1911115,682.3533925,719.9422788,642.124728,606.9622331,773.3976339,827.8457805,856.201986,905.7598894,535.1396435,694.021269,726.711295,729.972891,761.4614091,794.0254462,892.4137726,947.1895732,977.831022,1010.280784,1057.048118,1120.160523,1214.250833,1219.504046,1154.926061,1169.06163,1201.087483
"90","SGP","AGDP",36603.4021,30027.73027,35065.54966,28634.89832,32920.85153,40713.38847,39093.52043,11810.37983,10095.6007,41411.38842,7273.032263,6307.582931,5647.981353,5338.776478,4419.883211,3641.130603,3719.757206,3018.267327,23068.41969,25343.15853,3052.453695,2771.34351,2838.122058,3288.331968,3202.898698,24959.53746,22703.26385
"91","ZAF","AGDP",4780.499633,3403.868111,3522.28963,3359.321548,2505.07395,3403.46345,3576.589134,3487.89202,3723.687003,3762.075947,5476.105699,4904.392237,5757.637265,6371.791036,7676.642606,6182.993056,5994.700537,10742.82813,12152.63903,13037.78087,13816.60457,13067.13053,12865.14405,14476.11337,10835.54636,9799.838888,11606.3137
"92","LKA","AGDP",1183.564663,1124.717588,1272.917778,1180.617222,1369.026635,1375.669856,1298.620715,1101.357186,1191.27203,1211.530561,1168.603418,1336.723935,1366.844659,1405.191936,1445.014074,1492.015813,1543.294499,1598.276704,1713.491931,1830.780824,1927.632483,2152.254927,2239.094626,2459.014043,2596.236314,2508.969959,2532.906647
"93","LCA","AGDP",5496.943496,6927.167188,6910.644931,5294.574414,6267.985669,5937.472431,5959.876449,5174.811517,4400.064894,4521.648457,5272.645822,5729.360599,4820.562255,4234.429938,3659.110653,3702.311286,3443.057061,4230.892525,4047.43001,2978.89865,2517.488626,2733.232218,3047.504348,2603.843621,2811.412045,2701.521214,2421.141551
"94","VCT","AGDP",10775.15487,11866.21043,11933.35797,8056.124059,11317.09972,11341.62417,9742.302551,11279.3246,11192.15446,11778.33104,11620.43858,12974.37559,12844.17003,12687.16267,12940.94051,13812.58296,14885.29201,15078.30919,17046.4476,13384.80372,13163.28854,13375.17106,14072.78844,14682.29069,14699.23123,15941.06033,15946.56528
"95","SDN","AGDP",2378.407483,2830.543104,2762.537672,2563.398241,2577.78083,2990.939797,3480.269921,3530.410541,3488.555629,3378.749614,3461.596657,3519.813517,3508.798058,3402.377093,3455.218652,3809.09584,3840.617124,3944.996677,3834.83406,3834.169323,3915.846366,4220.011089,4285.852795,4031.46422,4079.992647,4204.082527,4122.394173
"96","SUR","AGDP",80382.43241,68218.9582,58416.51247,38688.76351,35901.89285,35374.15944,37717.82727,32540.69401,31233.42643,28390.92004,28058.08958,26489.22343,25280.1404,24337.2892,27544.0535,29665.72569,33965.28539,34943.5253,48369.15502,54306.40722,61759.50313,72168.03878,67824.68069,84557.69983,97488.66721,93718.99925,89676.05622
"97","SWE","AGDP",41547.71954,42483.04928,42833.70091,41585.18086,44797.97983,47408.59547,50627.91865,53115.65159,53738.53599,57718.80113,61236.50832,66377.3382,68583.61956,73488.02261,74836.1814,74816.29019,75925.15139,75010.60636,75591.0375,73491.30081,76007.66785,73729.55856,73405.6204,76244.00753,76404.30639,82161.04686,81689.35004
"98","CHE","AGDP",25792.87651,27364.62744,24593.1044,24251.57548,24397.6601,24875.00441,23287.95801,23932.75545,22439.00737,23558.81169,23885.24091,24157.58712,21898.91722,26943.85573,25761.49494,25382.27479,24449.11761,27020.65068,30236.11919,27766.4534,28823.25115,27314.04496,25519.46905,26549.03737,25708.98459,25269.80383,24184.21503
"99","TJK","AGDP",1167.549375,882.9000804,751.9987385,658.6278374,453.0425207,355.2344643,367.024432,400.0602071,405.3417253,449.138121,470.5654605,529.1384251,559.5387327,646.7003151,621.0882604,638.2152477,673.9511767,707.3357445,781.7078723,812.1923425,806.8080039,880.4078315,945.5949823,958.5147906,1002.403302,NA,NA
"100","TZA","AGDP",503.5278018,491.3803361,491.5720282,484.5273724,497.1128878,502.3794888,501.8298081,501.1799863,509.5180651,520.5153635,535.9934181,541.7258237,547.8306206,568.6073998,604.1088864,601.7428849,602.310293,624.4638404,633.2277211,638.8050393,652.7703511,656.0395313,662.3500475,674.1003677,672.1209812,669.3635565,675.0981421
"101","THA","AGDP",1412.416773,1424.513351,1299.55082,1384.530967,1477.429308,1576.025032,1524.519161,1531.739843,1678.60673,1735.451482,1861.736818,1822.462443,2065.530664,2133.651765,2088.306872,2178.124105,2206.833767,2210.528367,2396.07424,2403.392904,2338.643612,2332.839709,2532.522925,2998.258635,2956.267007,2797.807464,3011.237763
"102","TGO","AGDP",1046.076705,995.9143504,909.0737804,980.1496124,1010.300663,1144.856064,1193.959854,1161.907769,1168.063177,1082.506657,1077.759282,1033.780937,1022.752916,1025.843371,1068.438966,1015.290672,1020.829898,1118.617085,869.695347,889.9873208,948.2763308,913.5960854,917.4012932,1013.465133,994.6762674,1058.068939,1138.016151
"103","TON","AGDP",4371.173199,4562.622155,4561.659559,5270.407983,5458.739845,5532.698526,5967.109432,5922.254269,5926.909733,6084.823235,6065.09832,6114.980429,6085.123159,5937.086224,5831.426814,5354.499222,5147.062741,4962.016459,4916.347704,4963.901337,5092.313668,5149.121829,5133.140984,5339.917798,5268.255714,5486.117298,NA
"104","TTO","AGDP",3100.027294,3018.643045,3230.225961,3032.535663,3410.661023,3880.119591,4279.198023,4502.371626,4489.392921,4796.514738,4648.36805,5633.684795,5400.824416,4275.60581,4183.038763,3598.216143,5008.349621,5274.738541,3552.21697,4948.83545,4709.35848,4220.49629,4074.818085,3876.895284,4787.312199,3986.505809,4009.957393
"105","TUN","AGDP",4043.017109,4354.104562,4135.755709,3820.423866,3011.722859,3762.075237,3980.157882,4095.208036,4514.723012,4530.230665,4464.384828,4058.097048,4709.41446,5375.406365,4931.195183,5301.167122,5464.139877,5770.944273,6192.664784,5656.247613,7066.517901,6926.208089,7224.448978,7692.8328,9668.474605,8526.336825,8664.948415
"106","TUR","AGDP",5549.232248,6171.535542,6806.138292,6063.730622,6057.769256,6244.760894,6436.822855,6839.860205,6315.602326,7915.371811,6936.741681,8177.958117,8377.449151,10192.1196,12188.18477,12978.69712,12278.21066,12444.37878,13317.00308,13046.0942,12448.74143,12722.86604,12957.54535,13934.02049,15236.23535,15107.66896,15706.89364
"107","UGA","AGDP",623.9484781,601.4189264,642.8112385,640.6589514,664.1591896,687.3279508,683.4789646,679.2800344,708.9237656,693.1724321,727.8119414,769.0175636,756.2539857,707.2800019,656.3201482,646.2088995,630.3002652,624.706366,620.9807262,636.4706366,657.4564181,653.7282954,580.4813704,577.7304946,574.4531631,575.354281,574.7300578
"108","UKR","AGDP",2855.996275,2569.148157,2387.637298,2219.365285,1996.923163,1777.970828,1648.745308,1488.659919,1640.06266,1605.397843,1985.702831,2032.435156,1854.461601,2300.684371,2326.870692,2616.418325,2626.928689,3240.354671,2571.350866,2503.328014,2984.680022,2948.702277,3273.728442,4782.801903,4423.502455,4811.835486,4784.45292
"109","GBR","AGDP",26738.49356,28947.32713,29299.62104,28443.00747,28061.59811,28090.05452,29783.92173,32896.74509,38249.56834,38711.62122,39968.35725,44990.07277,47278.86872,44694.69812,44114.46793,41919.97998,39665.46097,53148.95958,49409.2828,44845.21789,49389.13663,46474.72588,51755.63747,47801.21275,52530.27628,49138.94193,48990.93392
"110","URY","AGDP",33576.1354,38232.60179,41325.14996,41375.37497,38596.49151,46420.24281,50391.97479,52730.74135,51346.77301,48034.89435,42151.00271,44520.89021,45068.20289,39041.07346,37187.66651,31230.24064,23952.94296,20775.47146,17081.14531,15776.90133,20656.96757,23382.61736,22129.36266,22267.0906,23018.48287,25382.60285,25307.61235
"111","UZB","AGDP",1474.399459,1383.752745,1348.785891,1106.466263,1153.066125,1164.090227,1080.911794,1100.697611,1100.836295,1096.865616,1113.646931,1150.335337,1224.123343,1370.09456,1513.177734,1572.936165,1701.350016,1901.980014,2051.840935,2184.728301,2324.072595,2512.103017,2706.147104,2909.674713,3179.070812,3438.810755,3437.670116
"112","VUT","AGDP",2510.10583,2326.954909,2399.319461,2412.893623,2417.140253,2482.74231,2552.010582,2618.676917,2441.521779,2561.318463,2423.252873,2312.483271,2346.259994,2363.568403,2373.693197,2372.628713,2400.797538,2425.331951,2395.590921,2433.511962,2483.080119,2443.988931,2484.059577,2507.965611,NA,NA,NA
"113","VEN","AGDP",16209.07197,16807.48249,17327.66414,13796.39544,13903.79838,13983.11068,16562.89051,18012.66824,18234.26692,17819.48971,19304.50521,18871.45988,16986.39294,16928.26917,18780.29514,19166.51804,19929.19112,20582.86406,19008.97892,19147.13445,20346.16547,21110.14237,22014.49077,19481.75972,NA,NA,NA
"114","VNM","AGDP",408.0054926,434.5621576,444.5870431,454.7092247,470.5082483,484.6820628,533.9028022,540.2463526,552.8043242,562.4788674,579.797993,605.3965898,640.5839308,675.2920332,731.4711632,789.6043787,822.2793549,842.4145286,861.4773954,862.4988703,882.5171821,900.7567923,929.9047327,954.6632733,1023.036173,1080.254564,1126.207178
"115","YEM","AGDP",887.8558712,930.1200344,900.3948754,859.0250675,843.6694242,841.354676,899.6626817,990.5943605,944.7643796,1067.092069,1222.465771,1370.666448,1537.802275,1691.842141,1740.469746,1835.479373,1949.76522,2028.108235,2091.960921,2371.405894,1747.475318,1776.532504,1768.208421,1663.18279,866.5755327,553.4386366,NA
"116","ZMB","AGDP",1024.767185,652.0653377,1036.841993,803.6550356,1015.687605,957.1441601,856.2254621,809.4515493,859.9565138,843.2688423,778.9534539,721.0885029,714.7321068,702.8207112,659.2255586,633.553441,598.7553462,568.4750144,607.5550303,615.1930776,650.9529863,693.3120354,649.1877184,643.6880384,584.557209,590.0200504,664.2408591
"117","ZWE","AGDP",807.708654,624.4640383,729.0091434,763.9336956,707.9026767,824.2543203,855.5018612,881.6080345,913.9011732,853.676341,892.0599655,623.7417693,477.4725477,405.9069589,379.8821196,356.0916132,325.5445672,193.0112947,239.7990973,260.2543011,270.290578,285.6543701,269.8638747,317.4877019,293.4789216,274.7428423,300.9991336
"124","AZE","AGDP",NA,2036.903379,1512.581791,1165.396183,1058.853683,1086.75537,1035.071651,1139.321842,1182.587722,1444.745693,1595.283965,1685.952055,1781.569528,1774.652434,1768.4091,1772.495021,1842.89818,1833.08168,1905.259951,1803.38525,1892.453697,1986.999475,2077.181373,2003.621079,2122.569987,2139.264045,2161.381671
"269","CZE","AGDP",NA,NA,9130.096212,11965.94565,11211.35748,10979.08261,11170.51232,12452.64153,13520.14814,14088.1437,14652.21043,14327.78077,16013.7426,18813.07044,22204.04981,21192.92482,16267.37015,19735.49411,24603.98818,20953.4496,22024.46212,22381.31613,21753.89966,25676.45402,25103.89251,27112.04749,28569.67422
"377","KHM","AGDP",NA,NA,NA,511.3146633,548.6644725,549.0710075,552.2905873,573.7749592,566.3292787,577.812767,565.1175773,534.4483259,576.4332198,569.75664,628.3350357,636.5952572,635.7800536,632.8724536,737.3047788,866.0345562,1079.659986,1455.215877,1500.959851,1555.808476,1620.994801,1696.544631,1737.292151
"413","JPN","AGDP",NA,NA,NA,20673.34665,19535.39061,21401.05218,21351.75744,22213.69115,22611.86211,24953.59477,23894.88671,26629.05595,24210.62324,22183.39574,22495.20351,22613.90931,24292.91391,26363.22871,24873.67744,24267.95882,25489.91963,26334.45662,27031.52795,26456.98132,25365.13941,22653.38461,NA
"419","LBN","AGDP",NA,NA,NA,40827.97575,45731.57796,45836.87118,46690.3204,46023.09907,45095.34368,44028.33476,39543.45777,36395.28975,33150.55038,36539.91816,33479.36373,30720.54155,33895.8458,34545.1305,40041.12917,42355.3316,40928.03813,33743.12013,28945.58269,29848.16547,23934.28956,23592.25006,23597.80256
"436","NIC","AGDP",NA,NA,NA,1775.698619,1922.582107,1974.937071,1880.012338,1829.04836,1888.070276,2012.317027,2067.942429,2049.666846,1931.474322,1977.747959,2092.835728,2064.862068,2194.72217,2318.517178,2280.109159,2018.967949,2007.945481,1968.990646,1891.36606,1883.502693,1890.844963,1993.568257,2180.887812
"447","WSM","AGDP",NA,NA,NA,19056.66308,24519.68597,26628.9294,23687.37942,23723.5049,24207.3116,26765.77208,28612.52523,30205.00444,30051.63161,28463.67939,31530.83524,29761.89585,40071.28469,37497.61774,32438.98851,32096.37595,34395.75899,34547.30547,32055.06583,36055.46799,35774.42481,40341.11109,NA
"476","PSE","AGDP",NA,NA,NA,8635.826391,8786.428473,9746.021905,9310.507432,11299.52536,10798.6446,8278.452153,9240.578566,7208.396382,6401.264614,6532.01797,5143.149713,4519.577624,4901.195273,5071.800334,6187.157486,5705.373995,6097.76185,5783.745111,5214.594946,5337.885819,5359.75748,4948.84395,3685.460416
"491","BEL","AGDP",NA,NA,NA,NA,29999.64132,30914.08837,32811.54053,33935.44623,39577.59182,45213.06527,55332.37865,46980.85759,47310.08555,38459.75885,39847.147,44996.2707,45970.27055,54485.67879,52143.68887,60835.09345,63174.08669,69321.42077,50940.28294,56866.57235,67003.27067,56860.36653,50970.74119
"513","HRV","AGDP",NA,NA,NA,NA,5480.89129,5944.365235,6693.599391,7901.368504,7789.143818,9622.363016,9173.310583,9651.80696,8138.349023,8624.990002,8229.527905,10736.87104,11691.90418,11677.93401,11033.69092,10040.05255,10134.15791,10664.80479,12428.77643,13148.52207,13537.94969,16470.29367,16047.4761
"522","EST","AGDP",NA,NA,NA,NA,4728.976266,5091.190819,5982.961832,7953.432285,7925.668716,12761.28036,11762.79968,11242.24464,12584.48285,14123.45053,13403.5672,12875.54134,15568.05738,19238.46191,20422.73282,22661.70898,23194.84174,23612.08655,23573.04697,29014.5009,28910.80174,24137.30062,23981.41521
"531","GRC","AGDP",NA,NA,NA,NA,11983.33369,11683.32686,11991.72077,13317.32035,14039.75981,13433.27966,14690.73677,14717.22938,14647.40039,17945.9793,18855.62126,16543.65025,14808.40571,15087.75291,15228.47683,15498.88159,16382.06317,18890.69988,17577.05799,19207.76027,19285.78436,18025.94463,18221.44106
"536","HUN","AGDP",NA,NA,NA,NA,12192.15395,12778.80405,12983.18124,13533.53348,14894.29709,14294.44088,16746.74169,14192.68566,16394.21792,25290.76406,25715.84215,24441.04035,19998.75972,33445.07827,28431.02604,22539.53679,24046.09318,18113.43482,21663.11482,24597.54248,21845.9277,22572.62591,20736.22391
"541","IRL","AGDP",NA,NA,NA,NA,17287.11819,17920.35346,16887.15148,18763.24589,17194.83947,17312.96447,18407.15821,20509.51063,20934.25051,26296.67327,22570.86061,19282.09068,20368.03863,23244.218,22406.47015,24530.27493,28599.97383,23449.8462,20336.19662,24855.40832,25791.98538,28288.19387,29837.50022
"542","ISR","AGDP",NA,NA,NA,NA,31742.74801,39598.72313,41629.42155,48054.23619,43122.28365,49859.10665,56679.91688,60854.69495,59657.38718,60671.4326,63694.95647,69856.71553,71332.43865,64557.47616,76364.43794,68776.11421,84355.1581,70958.28309,83544.23777,87840.47879,85944.93832,84612.48229,NA
"551","LVA","AGDP",NA,NA,NA,NA,4010.920764,3901.574301,3159.545773,3472.790653,3647.01962,5011.608426,5235.86215,5243.334938,5811.211422,6385.096018,7520.708803,7167.675337,8517.32406,10235.16554,12199.08775,12698.00948,11910.36831,13334.88474,14242.45037,15347.17391,16086.51147,16500.62729,17286.4272
"554","LTU","AGDP",NA,NA,NA,NA,3595.377852,4011.070496,4457.95038,4405.172132,3606.234287,4097.508027,4336.375943,4194.27833,4248.458686,4856.48848,5636.786538,5182.445819,6996.745809,10228.46191,10103.25077,10172.40692,11045.40428,11737.14896,11719.70535,10954.86776,11526.37067,12168.13591,12245.96217
"555","LUX","AGDP",NA,NA,NA,NA,56026.73973,80462.40612,77699.68241,64042.53747,103036.3306,71814.11965,93740.68645,97442.99875,38569.2402,57565.0184,48005.18521,41592.73677,42389.89792,33714.65709,46305.10648,52419.50016,38337.66812,43081.4636,25982.25465,31081.3442,52355.83172,50865.07806,52278.75328
"560","MDV","AGDP",NA,NA,NA,NA,7495.246142,7111.116441,7648.473064,8611.007375,9171.366508,9199.443881,11876.9226,10905.9859,8688.928982,9603.060112,10221.256,11586.18329,10749.52736,8819.222835,7131.634135,5659.840548,6408.974518,6982.632414,8370.798157,9657.406356,9628.643135,10087.4753,11300.25444
"565","MDA","AGDP",NA,NA,NA,NA,1182.188606,1067.064973,1201.615299,1089.523027,1052.340997,1000.897363,1054.136801,1127.772782,1167.06651,1484.530509,1515.184404,1827.189256,1222.004265,1848.236737,1940.36524,2200.090181,2271.083808,1933.377414,2540.188149,2580.882211,1864.519666,2314.720756,2560.918324
"581","POL","AGDP",NA,NA,NA,NA,4270.732173,4231.772322,4171.432387,3855.056395,3725.502363,3739.760579,3987.106192,4157.295708,4491.242303,4984.437357,4923.841875,4944.175479,5269.619217,5228.934874,6066.434569,5781.122446,5945.109344,5511.8091,6306.572535,6489.564902,5843.134083,6429.076203,6003.830437
"582","PRT","AGDP",NA,NA,NA,NA,9707.72741,9482.428289,7806.822654,6881.714549,7802.760245,7265.921488,6747.418707,7209.663396,6957.688868,7806.434185,7550.411164,7825.769505,7531.777406,8045.990218,8007.754985,8362.955407,9552.567276,9345.583276,10411.37796,11920.38505,14214.10024,14152.83159,14527.78448
"589","SRB","AGDP",NA,NA,NA,NA,3499.479427,3565.709929,3906.396443,3972.275614,3817.260845,3350.475739,4081.239652,4234.283051,4264.429446,5360.81288,5435.630497,6192.720428,5443.158244,4725.267111,5034.690954,5994.961053,6813.34767,5751.273357,6600.838011,6938.159737,6509.066656,6907.364378,6098.206035
"592","SVK","AGDP",NA,NA,NA,NA,7705.459901,7553.944133,8375.617024,9138.750646,8927.144986,10822.98929,14028.28707,15543.58881,16142.37937,19103.88449,19192.49959,21670.88757,25204.85201,28907.06561,31812.61716,30774.85181,37928.86147,36930.01513,42871.4124,47853.59104,44485.22205,50221.1827,48446.99076
"593","SVN","AGDP",NA,NA,NA,NA,8814.274418,9405.063129,8218.218883,8041.636372,8542.645083,9775.638929,9235.741458,10845.95636,9351.925574,9774.888376,9871.981988,9195.582995,9154.162713,10581.83196,9109.091411,9718.866704,10967.64408,10441.24043,10406.12267,10571.59184,15031.91919,20789.95036,19152.00267
"595","ESP","AGDP",NA,NA,NA,NA,21333.11315,27101.48609,28953.24302,29948.26846,29992.40742,33067.91535,32077.64819,34060.36166,34228.80565,33497.38775,30064.87789,33822.95481,37477.82499,40929.86499,41322.91036,42164.8308,45893.87854,42152.12658,48245.13098,47705.45314,46607.41705,47281.07183,48755.25865
"823","ISL","AGDP",NA,NA,NA,NA,NA,NA,83138.42254,75838.83055,68047.59593,69602.15533,74116.31947,81606.46291,84980.35283,95056.92923,89449.2964,86747.41842,87376.23212,113775.0894,115451.9932,89016.76973,85199.67467,91719.94623,113131.5789,106287.7862,115464.8845,120752.0998,NA
"901","USA","AGDP",NA,NA,NA,NA,NA,NA,31002.91936,30667.80142,34433.12615,52772.75926,53708.98581,53452.35623,60288.7571,63895.48431,70682.7163,71638.19541,64296.16306,65764.11435,76627.66888,74064.04882,68423.12788,64826.64189,79271.74891,76396.3072,76344.99929,83735.80746,NA
"966","HTI","AGDP",NA,NA,NA,NA,NA,NA,NA,1254.470778,1193.490834,1151.911758,1158.666483,1115.960086,1113.548486,1054.249711,1073.01026,1090.89493,1114.81408,1028.197403,1052.263335,1014.824253,973.0498495,962.7893805,995.1550923,980.3860102,920.2392943,950.8771175,943.2428483
"1257","GNB","AGDP",NA,NA,NA,NA,NA,NA,NA,NA,NA,766.9436628,765.4752192,741.4189264,755.6441287,724.1829169,795.5339529,773.2967938,768.8666531,768.4433697,776.7078475,759.1635109,810.4860817,785.6623039,795.6010146,726.1938818,723.5760528,741.9391502,720.3088966
"1261","HKG","AGDP",NA,NA,NA,NA,NA,NA,NA,NA,NA,18501.79445,24389.17926,18421.4621,22727.1759,18757.07878,18302.35757,18775.13364,22982.88533,14759.06789,13634.64882,15430.07791,15485.54976,293407.4623,15141.96055,14190.54403,13049.89802,12944.86781,NA
"1278","LAO","AGDP",NA,NA,NA,NA,NA,NA,NA,NA,NA,576.77811,588.6807972,604.6036481,610.8538123,623.7021908,627.426838,640.4249074,676.853922,692.3113664,707.5128348,730.7648854,727.1323713,767.9858549,792.5716842,824.0379429,851.9345947,873.2979848,888.3344112
"1282","LBR","AGDP",NA,NA,NA,NA,NA,NA,NA,NA,NA,1590.559003,1607.955667,1526.426727,949.688497,838.0166578,828.3705028,932.3012684,916.7125088,975.3396885,938.7325064,992.8368207,1033.80285,1017.025151,1055.033791,1046.372131,1019.802855,964.6456666,993.6678475
"1296","MNE","AGDP",NA,NA,NA,NA,NA,NA,NA,NA,NA,14936.40303,15602.55851,17280.05033,17976.1014,19336.05195,20515.85737,20300.53444,16389.35241,20317.27081,25733.67476,25886.75487,32069.43219,27185.63269,38203.54881,26963.79351,22882.55182,24238.06729,25070.11932
"1299","MMR","AGDP",NA,NA,NA,NA,NA,NA,NA,NA,NA,544.1777675,589.688505,628.3461189,710.3339743,801.0183648,912.764997,985.1132674,1088.957439,1190.817526,1294.562,1283.002168,1294.819321,1343.735435,1419.401485,1490.492617,1593.762675,1584.514586,1647.477331
"1314","QAT","AGDP",NA,NA,NA,NA,NA,NA,NA,NA,NA,10339.03662,10996.05851,7330.577021,6828.507335,5719.912481,5168.956137,5089.767125,5688.55167,9600.695325,6739.579397,7349.707494,7879.480636,7680.447139,7466.647557,9122.000521,10144.32085,10789.90514,NA
"1338","TLS","AGDP",NA,NA,NA,NA,NA,NA,NA,NA,NA,1341.272754,1486.075237,1473.825206,1341.701447,1280.48125,1321.629481,1334.357208,1376.144022,1524.26853,1699.732178,1837.809932,1701.780041,2060.394102,2034.009184,1998.084055,1915.726247,3047.491947,NA
"1473","STP","AGDP",NA,NA,NA,NA,NA,NA,NA,NA,NA,NA,1486.518841,1512.01124,1553.220917,1556.311694,1619.877037,1770.558386,1732.146097,1947.91118,2002.885387,1940.743695,2023.783586,2018.821255,2080.127316,2318.309251,2380.936568,2367.21417,2490.456274
"1512","AFG","AGDP",NA,NA,NA,NA,NA,NA,NA,NA,NA,NA,NA,872.8466844,856.6253614,657.0388028,724.391297,686.9185245,776.617707,677.0894078,940.0943503,900.0477437,820.4024916,933.9693845,890.8340835,842.6396932,761.4615128,768.5198599,NA
"2153","BIH","AGDP",NA,NA,NA,NA,NA,NA,NA,NA,NA,NA,NA,NA,NA,NA,NA,4590.718191,4761.437846,4754.82278,5214.676237,5396.669183,5609.931663,5032.810371,6009.581061,5903.971473,6121.115771,6036.94173,5877.455347
"2180","GNQ","AGDP",NA,NA,NA,NA,NA,NA,NA,NA,NA,NA,NA,NA,NA,NA,NA,1282.215557,1347.663455,1060.334063,943.1248452,968.1026686,1053.884591,1109.655553,1114.431559,1117.567096,1143.997023,1169.743822,1180.368647
"2190","GHA","AGDP",NA,NA,NA,NA,NA,NA,NA,NA,NA,NA,NA,NA,NA,NA,NA,1751.253726,1706.62806,1803.719594,1894.171886,2011.613758,1981.092104,1884.535213,1800.277127,1863.199457,1963.102385,2035.808931,2180.399792
"2242","NER","AGDP",NA,NA,NA,NA,NA,NA,NA,NA,NA,NA,NA,NA,NA,NA,NA,431.0234738,433.9330049,483.8899367,422.525322,466.5562142,435.855201,486.6566168,470.3659472,492.6409417,483.1587166,519.0941788,529.111831
"2247","PNG","AGDP",NA,NA,NA,NA,NA,NA,NA,NA,NA,NA,NA,NA,NA,NA,NA,1929.866028,2110.732242,2363.672351,2814.486871,3523.276172,3664.914698,3951.467308,4136.372321,4269.567569,NA,NA,NA
"2306","BHR","AGDP",NA,NA,NA,NA,NA,NA,NA,NA,NA,NA,NA,NA,NA,NA,NA,NA,12210.93227,11241.59707,12032.76599,9963.970139,9659.53069,10109.85974,10472.55672,12147.05471,12068.13381,11846.78306,10446.30169
"2325","CAN","AGDP",NA,NA,NA,NA,NA,NA,NA,NA,NA,NA,NA,NA,NA,NA,NA,NA,48988.10548,54568.51474,52193.80013,53397.14426,56494.4512,57753.5798,68830.87283,65106.08379,68786.27919,73169.05013,72147.48352
"2327","TCD","AGDP",NA,NA,NA,NA,NA,NA,NA,NA,NA,NA,NA,NA,NA,NA,NA,NA,1587.219825,1457.14101,1374.639688,1539.964166,1375.155497,1485.640881,1412.825689,1461.67345,1545.468252,1385.375218,1382.019177
"2353","GEO","AGDP",NA,NA,NA,NA,NA,NA,NA,NA,NA,NA,NA,NA,NA,NA,NA,NA,960.1348565,1019.583697,1028.414127,1006.332433,1090.272558,1097.919986,1211.057437,1241.123236,1322.153491,1355.803187,1328.948267
"2500","CIV","AGDP",NA,NA,NA,NA,NA,NA,NA,NA,NA,NA,NA,NA,NA,NA,NA,NA,NA,2008.414068,1964.680574,1827.140791,1878.949974,1881.269677,1847.932343,2094.007674,2124.668403,2109.222966,2303.544623
"2877","KWT","AGDP",NA,NA,NA,NA,NA,NA,NA,NA,NA,NA,NA,NA,NA,NA,NA,NA,NA,NA,NA,10480.36596,11264.83591,10290.15051,9385.033391,9205.556629,8160.260608,7994.910104,NA
"2892","MLT","AGDP",NA,NA,NA,NA,NA,NA,NA,NA,NA,NA,NA,NA,NA,NA,NA,NA,NA,NA,NA,58019.43518,NA,NA,NA,NA,NA,NA,NA
"2910","OMN","AGDP",NA,NA,NA,NA,NA,NA,NA,NA,NA,NA,NA,NA,NA,NA,NA,NA,NA,NA,NA,13747.82493,11249.62691,10518.54329,10360.23476,9121.4642,8819.154498,NA,NA
"2919","PRI","AGDP",NA,NA,NA,NA,NA,NA,NA,NA,NA,NA,NA,NA,NA,NA,NA,NA,NA,NA,NA,47660.70777,NA,NA,NA,NA,NA,NA,NA
"2951","TKM","AGDP",NA,NA,NA,NA,NA,NA,NA,NA,NA,NA,NA,NA,NA,NA,NA,NA,NA,NA,NA,9169.301641,NA,NA,NA,NA,NA,NA,NA
"2954","ARE","AGDP",NA,NA,NA,NA,NA,NA,NA,NA,NA,NA,NA,NA,NA,NA,NA,NA,NA,NA,NA,51165.30078,72241.64352,96349.29737,128339.5001,159203.6873,194226.9682,238458.0585,115402.5724
