"","ISO","Indicator","value.2002","value.2003","value.2004","value.2005","value.2006","value.2007","value.2008","value.2009","value.2010","value.2011","value.2012","value.2013","value.2014","value.2015","value.2016","value.2017","value.1980","value.1981","value.1982","value.1983","value.1984","value.1985","value.1986","value.1987","value.1988","value.1989","value.1990","value.1991","value.1992","value.1993","value.1994","value.1995","value.1996","value.1997","value.1998","value.1999","value.2000","value.2001","value.1965","value.1966","value.1967","value.1968","value.1969","value.1970","value.1971","value.1972","value.1973","value.1974","value.1975","value.1976","value.1977","value.1978","value.1979","value.1960","value.1961","value.1962","value.1963","value.1964"
"1","AFG","AEXP",NA,9.4096805951132,34.503038960757,10.75154924378,8.61218569817627,11.3191033542335,15.3336942075806,23.8353682405404,17.0069552262811,22.4415570491598,NA,NA,NA,NA,NA,NA,NA,NA,NA,NA,NA,NA,NA,NA,NA,NA,NA,NA,NA,NA,NA,NA,NA,NA,NA,NA,NA,NA,NA,NA,NA,NA,NA,NA,NA,NA,NA,NA,NA,NA,NA,NA,NA,NA,NA,NA,NA,NA
"17","AGO","AEXP",NA,NA,NA,NA,NA,NA,NA,NA,NA,NA,NA,NA,NA,NA,NA,NA,NA,NA,NA,NA,NA,NA,NA,NA,NA,NA,NA,NA,NA,NA,NA,NA,NA,NA,NA,NA,NA,NA,NA,NA,NA,NA,NA,NA,NA,NA,NA,NA,NA,NA,NA,NA,NA,NA,NA,NA,NA,NA
"33","ALB","AEXP",127.964277384373,85.0920823659856,81.7226743005013,86.9172366119227,98.0790482399172,NA,NA,NA,NA,NA,NA,NA,NA,NA,NA,NA,NA,NA,NA,NA,NA,NA,NA,NA,NA,NA,NA,NA,NA,NA,NA,77.2380564218727,80.7990553432655,75.3854215944566,96.2072381711491,105.815519835911,112.334272857742,120.867997492977,NA,NA,NA,NA,NA,NA,NA,NA,NA,NA,NA,NA,NA,NA,NA,NA,NA,NA,NA,NA
"71","AND","AEXP",NA,NA,NA,NA,NA,NA,NA,NA,NA,NA,NA,NA,NA,NA,NA,NA,NA,NA,NA,NA,NA,NA,NA,NA,NA,NA,NA,NA,NA,NA,NA,NA,NA,NA,NA,NA,NA,NA,NA,NA,NA,NA,NA,NA,NA,NA,NA,NA,NA,NA,NA,NA,NA,NA,NA,NA,NA,NA
"72","ARE","AEXP",NA,NA,NA,NA,NA,NA,NA,NA,1086.96397515763,1402.86266878076,1958.20309967409,NA,NA,NA,NA,NA,NA,NA,NA,NA,NA,NA,NA,NA,NA,NA,NA,NA,NA,NA,NA,NA,NA,NA,NA,NA,NA,NA,NA,NA,NA,NA,NA,NA,NA,NA,NA,NA,NA,NA,NA,NA,NA,NA,NA,NA,NA,NA
"80","ARG","AEXP",931.544178477271,605.455600839925,650.206687957742,844.275899262423,1181.90776667295,3667.40805824618,5709.08832640965,4328.7802017061,NA,NA,NA,NA,NA,NA,NA,NA,NA,NA,NA,NA,NA,NA,NA,NA,NA,NA,NA,1516.79368914394,1772.75389793237,2553.36644150017,2625.27219180705,1925.13544466337,1562.94454517682,1380.59233895256,1569.89388064953,1443.17525271501,1287.38077167855,1287.12844305088,NA,NA,NA,NA,NA,NA,NA,NA,NA,NA,NA,NA,NA,NA,NA,NA,NA,NA,NA,NA
"133","ATG","AEXP",NA,NA,NA,NA,NA,NA,NA,NA,NA,NA,NA,NA,NA,NA,NA,NA,NA,NA,NA,NA,NA,NA,NA,NA,NA,NA,NA,NA,NA,NA,NA,NA,NA,NA,NA,NA,NA,NA,NA,NA,NA,NA,NA,NA,NA,NA,NA,NA,NA,NA,NA,NA,NA,NA,NA,NA,NA,NA
"174","AUS","AEXP",4202.58159876177,4509.2710125651,3970.42903333375,5876.60788891648,5805.48085165978,7578.80124671591,5047.48809142453,5437.38639670987,4406.46946460022,5672.85184319073,4346.74474891779,NA,NA,NA,NA,NA,NA,NA,NA,NA,NA,NA,NA,NA,NA,NA,NA,3875.69785262279,5348.14475876128,2765.61543662258,2814.8089328394,4339.3354871554,2911.81441560308,3397.65199430371,3732.76296262055,6204.31124904764,3668.8459324413,3558.59243915999,NA,NA,NA,NA,NA,NA,NA,NA,NA,NA,NA,NA,NA,NA,NA,NA,NA,NA,NA,NA
"217","AUT","AEXP",8781.63977921361,9173.39493591993,10050.4613136654,8933.70558684096,8631.64998625964,7201.33816319608,7904.39493108762,8151.86806292169,7751.7089546592,7787.6958648648,8010.41223090605,NA,NA,NA,NA,NA,NA,NA,NA,NA,NA,NA,NA,NA,NA,NA,NA,9814.30386719948,11375.328824459,11472.3607489478,11120.7449754146,11806.010541358,8053.46901836529,7602.77699944281,8182.88744746656,7677.87683121644,7452.00097072882,8155.36446297084,NA,NA,NA,NA,NA,NA,NA,NA,NA,NA,NA,NA,NA,NA,NA,NA,NA,NA,NA,NA
"259","AZE","AEXP",49.7166286728954,55.3194369437277,56.0453107563739,69.0051835893471,84.6638036029862,131.879130499801,106.53068184443,183.538780862233,148.079126928024,141.336602466421,144.163126203773,NA,NA,NA,NA,NA,NA,NA,NA,NA,NA,NA,NA,NA,NA,NA,NA,NA,NA,NA,NA,64.4002135861995,34.6899939866975,39.9001444388938,44.1667497538986,44.2967614363457,40.294896500081,39.2962718059581,NA,NA,NA,NA,NA,NA,NA,NA,NA,NA,NA,NA,NA,NA,NA,NA,NA,NA,NA,NA
"285","BDI","AEXP",0.950107766590939,0.818900334522421,0.708735015638032,0.40919066592061,NA,NA,NA,NA,NA,NA,NA,NA,NA,NA,NA,NA,NA,NA,NA,NA,NA,NA,NA,NA,NA,NA,NA,8.24845658438737,9.50746080187597,9.58117141882462,9.48789572960085,4.84115986557869,2.43292891558954,2.08288594884219,1.55026967864044,1.72975192004831,1.242887449937,1.35883773544045,NA,NA,NA,NA,NA,NA,NA,NA,NA,NA,NA,NA,NA,NA,NA,NA,NA,NA,NA,NA
"338","BEL","AEXP",NA,NA,NA,NA,NA,NA,NA,NA,NA,NA,NA,NA,NA,NA,NA,NA,NA,NA,NA,NA,NA,NA,NA,NA,NA,NA,NA,NA,NA,NA,NA,NA,NA,NA,NA,NA,NA,NA,NA,NA,NA,NA,NA,NA,NA,NA,NA,NA,NA,NA,NA,NA,NA,NA,NA,NA,NA,NA
"361","BEN","AEXP",32.143603843415,37.4288745932631,31.2275955406455,33.907973196174,31.8194412558767,39.0496836361411,52.4556829293215,68.5691163022573,56.8557954530311,29.551364618644,46.0649175502227,NA,NA,NA,NA,NA,NA,NA,NA,NA,NA,NA,NA,NA,NA,NA,NA,NA,NA,NA,NA,34.1445583816388,31.4711066333439,31.4354081233162,33.2648763341668,40.5810501068858,42.721360216463,24.5952407468833,NA,NA,NA,NA,NA,NA,NA,NA,NA,NA,NA,NA,NA,NA,NA,NA,NA,NA,NA,NA
"409","BFA","AEXP",23.9101322528439,22.235385551607,25.5282424120573,26.0428567019038,33.7339908343772,53.9753246843204,42.4741949755766,52.1880058394608,44.1414319325689,59.2948972270139,75.348946631776,NA,NA,NA,NA,NA,NA,NA,NA,NA,NA,NA,NA,NA,NA,NA,NA,41.3274239966921,34.592859309555,33.4686002670678,29.603344087108,74.2895349276467,59.1689187946515,50.6641629433874,46.1899386673867,51.6740662011452,25.081338361364,18.9070741677483,NA,NA,NA,NA,NA,NA,NA,NA,NA,NA,NA,NA,NA,NA,NA,NA,NA,NA,NA,NA
"457","BGD","AEXP",6.19192221650666,6.51747891121196,7.32359741091311,13.6432662152387,14.473545969727,16.8921399487422,28.2589626062913,32.4537766646804,25.7984011856149,30.64220082885,NA,NA,NA,NA,NA,NA,NA,NA,NA,NA,NA,NA,NA,NA,NA,NA,NA,7.65958435136738,7.77011516551854,8.31860262227097,9.25038185137773,9.04880663900608,8.54445105275014,7.84723844627108,7.12766427962572,6.50715571644017,6.11162130763424,6.11542379786348,NA,NA,NA,NA,NA,NA,NA,NA,NA,NA,NA,NA,NA,NA,NA,NA,NA,NA,NA,NA
"515","BGR","AEXP",676.183550762829,687.785045244893,649.460282338463,804.851772702971,854.123878609095,809.714095125473,779.171998337712,602.044220613688,663.419457713152,344.879433769278,402.990290811461,NA,NA,NA,NA,NA,NA,NA,NA,NA,NA,NA,NA,NA,NA,NA,NA,154.38398022633,57.9526858554125,2.91361531207961,117.837577954454,35.5651527952314,19.2004917688254,112.528036580822,31.6695412208687,102.627246036471,322.969407070551,507.775486513781,NA,NA,NA,NA,NA,NA,NA,NA,NA,NA,NA,NA,NA,NA,NA,NA,NA,NA,NA,NA
"553","BHR","AEXP",NA,NA,NA,NA,NA,2111.99417637274,1928.19384551104,2437.88922823044,2422.13144438179,2169.45220929516,NA,NA,NA,NA,NA,NA,NA,NA,NA,NA,NA,NA,NA,NA,NA,NA,NA,NA,NA,NA,NA,NA,NA,NA,NA,NA,NA,NA,NA,NA,NA,NA,NA,NA,NA,NA,NA,NA,NA,NA,NA,NA,NA,NA,NA,NA,NA,NA
"565","BHS","AEXP",2289.22685514246,2951.77051672236,1990.92758770277,2629.95211264476,3133.55280981417,3328.8004017825,2635.17016350681,3063.25155965942,2399.14750871276,NA,NA,NA,NA,NA,NA,NA,NA,NA,NA,NA,NA,NA,NA,NA,NA,NA,NA,3145.06550285084,2786.80010102547,2194.48296441709,2359.342722387,2719.18272379087,2033.59914651071,2785.10465762253,2801.50141045038,2297.85918236382,2467.89950964808,2048.70338953732,NA,NA,NA,NA,NA,NA,NA,NA,NA,NA,NA,NA,NA,NA,NA,NA,NA,NA,NA,NA
"594","BIH","AEXP",NA,NA,NA,NA,NA,NA,NA,NA,NA,NA,NA,NA,NA,NA,NA,NA,NA,NA,NA,NA,NA,NA,NA,NA,NA,NA,NA,NA,NA,NA,NA,NA,NA,NA,NA,NA,NA,NA,NA,NA,NA,NA,NA,NA,NA,NA,NA,NA,NA,NA,NA,NA,NA,NA,NA,NA,NA,NA
"607","BLR","AEXP",449.259400382306,671.069671165639,1171.16346136051,1471.68243251892,1719.11632466332,1811.07592055517,1854.09548554316,2010.1951486685,1893.31902599688,1587.34550837394,1389.93642554826,NA,NA,NA,NA,NA,NA,NA,NA,NA,NA,NA,NA,NA,NA,NA,NA,NA,486.806136762509,133.61560049224,33.902316896898,116.581218873181,89.3582068133253,446.338557534196,504.748860910345,463.653471623279,569.068436320447,531.455824816527,NA,NA,NA,NA,NA,NA,NA,NA,NA,NA,NA,NA,NA,NA,NA,NA,NA,NA,NA,NA
"635","BLZ","AEXP",NA,NA,NA,NA,NA,NA,NA,NA,NA,NA,NA,NA,NA,NA,NA,NA,NA,NA,NA,NA,NA,NA,NA,NA,NA,NA,NA,1075.97017107295,945.474335338346,918.496169405653,684.624297936485,463.638822560039,425.698514327795,575.524206366307,NA,NA,NA,NA,NA,NA,NA,NA,NA,NA,NA,NA,NA,NA,NA,NA,NA,NA,NA,NA,NA,NA,NA,NA
"683","BMU","AEXP",NA,NA,NA,NA,NA,NA,NA,NA,NA,NA,NA,NA,NA,NA,NA,NA,NA,NA,NA,NA,NA,NA,NA,NA,NA,NA,NA,NA,NA,NA,NA,NA,NA,NA,NA,NA,NA,NA,NA,NA,NA,NA,NA,NA,NA,NA,NA,NA,NA,NA,NA,NA,NA,NA,NA,NA,NA,NA
"701","BOL","AEXP",30.4561268691507,33.5804632689392,32.1091193446952,24.5047573231266,16.5037374596172,22.0870653398834,NA,NA,NA,NA,NA,NA,NA,NA,NA,NA,NA,NA,NA,NA,NA,NA,NA,NA,NA,NA,NA,15.4667152424433,19.6534538330369,10.9484713806334,2.09146765272098,2.74237374564866,2.14350713155113,6.27867953305591,20.6382067405797,26.6500857160774,30.7893706691359,28.5035959715727,NA,NA,NA,NA,NA,NA,NA,NA,NA,NA,NA,NA,NA,NA,NA,NA,NA,NA,NA,NA
"759","BRA","AEXP",230.950835418557,230.216807524456,260.984458918264,285.265818105695,333.657420777028,370.245609518517,314.068171238876,401.127508410748,382.940054326168,378.222236410676,542.402044142752,NA,NA,NA,NA,NA,NA,NA,NA,NA,NA,NA,NA,NA,NA,NA,NA,151.944363222424,123.379276762807,124.389060032154,299.606116681142,425.825415055422,289.092581397502,358.056392525166,290.238819731801,305.52078433084,271.661816999365,263.357987066399,NA,NA,NA,NA,NA,NA,NA,NA,NA,NA,NA,NA,NA,NA,NA,NA,NA,NA,NA,NA
"812","BRB","AEXP",5839.00303731531,5289.12833993787,6302.15104181086,7697.7283147445,NA,NA,NA,NA,NA,NA,NA,NA,NA,NA,NA,NA,NA,NA,NA,NA,NA,NA,NA,NA,NA,NA,NA,4798.79743146349,4167.02298392591,4700.61603798081,4886.5480336153,5324.73142349269,4501.33361205075,4610.8411823099,5096.66551249093,5105.02127057362,6031.20428250227,5403.74349461752,NA,NA,NA,NA,NA,NA,NA,NA,NA,NA,NA,NA,NA,NA,NA,NA,NA,NA,NA,NA
"854","BRN","AEXP",NA,NA,NA,NA,NA,NA,NA,NA,NA,NA,NA,NA,NA,NA,NA,NA,NA,NA,NA,NA,NA,NA,NA,NA,NA,NA,NA,NA,NA,NA,NA,NA,NA,NA,NA,NA,NA,NA,NA,NA,NA,NA,NA,NA,NA,NA,NA,NA,NA,NA,NA,NA,NA,NA,NA,NA,NA,NA
"883","BTN","AEXP",114.66167768033,132.135311104207,111.960139057053,130.556170035643,172.621670312237,166.686488411725,167.151570696011,193.894254551018,NA,NA,NA,NA,NA,NA,NA,NA,NA,NA,NA,NA,NA,NA,NA,NA,NA,NA,NA,131.340968483006,141.34677360284,146.353053522213,189.838046572278,207.736690923029,203.118706854476,155.834462783739,82.5286398072398,115.915620523914,108.281133181454,109.228536151891,NA,NA,NA,NA,NA,NA,NA,NA,NA,NA,NA,NA,NA,NA,NA,NA,NA,NA,NA,NA
"921","BWA","AEXP",2016.56824049366,1389.64898491019,889.275611170798,959.26539285267,681.899544018864,809.935990459693,1393.01585190459,1042.73214072627,837.419679522433,720.857527830725,876.561669204091,NA,NA,NA,NA,NA,NA,NA,NA,NA,NA,NA,NA,NA,NA,NA,NA,1159.16641830167,1508.99876091423,1826.40880613064,1828.17907620015,1923.28101893688,3039.43403179419,1839.53743589166,1590.41629771961,1426.13223021067,1191.50886694748,2192.43267057368,NA,NA,NA,NA,NA,NA,NA,NA,NA,NA,NA,NA,NA,NA,NA,NA,NA,NA,NA,NA
"979","CAF","AEXP",NA,NA,NA,NA,NA,NA,NA,5.34477637324164,5.85752227341995,4.26048406409829,4.27447827497238,NA,NA,NA,NA,NA,NA,NA,NA,NA,NA,NA,NA,NA,NA,NA,NA,NA,NA,NA,NA,NA,NA,NA,NA,NA,NA,NA,NA,NA,NA,NA,NA,NA,NA,NA,NA,NA,NA,NA,NA,NA,NA,NA,NA,NA,NA,NA
"988","CAN","AEXP",NA,NA,NA,NA,NA,9439.85878298041,9460.15458452307,5811.77894017575,NA,NA,NA,NA,NA,NA,NA,NA,NA,NA,NA,NA,NA,NA,NA,NA,NA,NA,NA,NA,NA,NA,NA,NA,NA,NA,NA,NA,NA,NA,NA,NA,NA,NA,NA,NA,NA,NA,NA,NA,NA,NA,NA,NA,NA,NA,NA,NA,NA,NA
"999","CHE","AEXP",63130.1825902002,62092.8310618218,66447.0491583976,63573.0967884413,62208.193313291,51389.4918105109,50193.8126020516,69223.2446061736,64386.6926313345,60475.3223865626,60219.96752339,NA,NA,NA,NA,NA,NA,NA,NA,NA,NA,NA,NA,NA,NA,NA,NA,56936.8335931356,58720.9304214246,58338.5429360105,60677.6498026037,59811.7188710035,66871.0399904145,63902.0340997498,62712.6680520694,63655.2552772884,55038.650174882,62513.1526170719,NA,NA,NA,NA,NA,NA,NA,NA,NA,NA,NA,NA,NA,NA,NA,NA,NA,NA,NA,NA
"1027","CHL","AEXP",420.110069628129,385.96169863266,351.924157062061,425.352711101417,420.594243503046,452.985672432748,534.341900278685,544.912512726943,531.989140132873,535.493613137437,749.792868649738,NA,NA,NA,NA,NA,NA,NA,NA,NA,NA,NA,NA,NA,NA,NA,NA,156.866486235955,162.774002164012,176.933676102651,183.958474809581,197.48750261661,233.944713060632,295.34935625834,289.854424608639,336.101985760561,362.16742151914,410.912254615076,NA,NA,NA,NA,NA,NA,NA,NA,NA,NA,NA,NA,NA,NA,NA,NA,NA,NA,NA,NA
"1085","CHN","AEXP",77.3120091098312,86.6536839526678,110.592704323812,116.373966724207,151.774865371918,165.31857485537,216.284358805858,445.214377951227,469.462540987433,499.224070746935,613.134819306993,NA,NA,NA,NA,NA,NA,NA,NA,NA,NA,NA,NA,NA,NA,NA,NA,26.8794083775599,27.4605964476013,28.0004724333471,28.3443110337626,27.2221042275501,31.2626072899045,34.3586862423549,52.9864397270695,51.6782574821817,59.7107864399561,70.6141543930316,NA,NA,NA,NA,NA,NA,NA,NA,NA,NA,NA,NA,NA,NA,NA,NA,NA,NA,NA,NA
"1143","CIV","AEXP",NA,NA,NA,NA,NA,NA,26.7357926667317,33.1409275655641,36.6801631719659,33.3858022411786,82.8683301729912,NA,NA,NA,NA,NA,NA,NA,NA,NA,NA,NA,NA,NA,NA,NA,NA,NA,NA,NA,NA,NA,NA,NA,NA,NA,NA,NA,NA,NA,NA,NA,NA,NA,NA,NA,NA,NA,NA,NA,NA,NA,NA,NA,NA,NA,NA,NA
"1153","CMR","AEXP",19.477983767178,20.7912848084483,22.0158316268785,22.8869888845502,23.3756728851904,NA,NA,NA,NA,NA,NA,NA,NA,NA,NA,NA,NA,NA,NA,NA,NA,NA,NA,NA,NA,NA,NA,28.80164541961,31.4070987143283,23.3370414173453,19.1803941584349,15.2172253010934,20.154376455654,11.5994524863961,12.9674575400632,13.2012559737916,14.0752648019343,18.7977188843849,NA,NA,NA,NA,NA,NA,NA,NA,NA,NA,NA,NA,NA,NA,NA,NA,NA,NA,NA,NA
"1206","COD","AEXP",0.452471619843948,1.48588500168996,0.703517787346125,1.03098906438465,1.44665525223135,2.50559103880346,NA,NA,NA,NA,NA,NA,NA,NA,NA,NA,NA,NA,NA,NA,NA,NA,NA,NA,NA,NA,NA,NA,0.764731269426085,0.02473129129206,0.0560441947688691,0.0787869564215495,0.0247269783180959,0.170371058995665,19.2942096994495,5.24131290349799,1.28480038592737,0.40328089277417,NA,NA,NA,NA,NA,NA,NA,NA,NA,NA,NA,NA,NA,NA,NA,NA,NA,NA,NA,NA
"1256","COG","AEXP",28.2942133703003,33.9485649975532,48.7098604268788,53.2125628069265,NA,NA,NA,NA,NA,NA,NA,NA,NA,NA,NA,NA,NA,NA,NA,NA,NA,NA,NA,NA,NA,NA,NA,NA,0.227160365447914,0.618322374621723,0.222734069809012,14.087019161529,17.1091723798469,2.53226249655029,12.8314664760059,16.0353325072474,15.1060859767863,22.7870726586331,NA,NA,NA,NA,NA,NA,NA,NA,NA,NA,NA,NA,NA,NA,NA,NA,NA,NA,NA,NA
"1314","COL","AEXP",68.4053858387247,59.383410268446,60.0869050849855,57.7448132192164,79.3390609752723,140.388401025904,202.785080815423,136.391393803679,146.198177124541,143.410896032399,NA,NA,NA,NA,NA,NA,NA,NA,NA,NA,NA,NA,NA,NA,NA,NA,NA,178.63740493041,183.1301589495,217.400372176464,84.0668505620521,84.9614591491493,89.2753221042015,119.91104122098,104.679525595313,94.9610992138338,82.3340290015327,68.4474977396456,NA,NA,NA,NA,NA,NA,NA,NA,NA,NA,NA,NA,NA,NA,NA,NA,NA,NA,NA,NA
"1367","COM","AEXP",NA,NA,NA,NA,NA,NA,NA,NA,NA,NA,NA,NA,NA,NA,NA,NA,NA,NA,NA,NA,NA,NA,NA,NA,NA,NA,NA,NA,NA,NA,NA,NA,NA,NA,NA,NA,NA,NA,NA,NA,NA,NA,NA,NA,NA,NA,NA,NA,NA,NA,NA,NA,NA,NA,NA,NA,NA,NA
"1405","CPV","AEXP",104.110978510946,101.418323837956,104.827119896673,109.421451047353,109.826758489464,112.315655197176,111.442333240415,139.249052822446,NA,NA,NA,NA,NA,NA,NA,NA,NA,NA,NA,NA,NA,NA,NA,NA,NA,NA,NA,NA,NA,48.4679049187577,38.3757962363312,18.3189344619069,17.2606202156084,33.2818838194015,27.1252044800694,89.9367431390999,119.586259371562,101.389009983126,NA,NA,NA,NA,NA,NA,NA,NA,NA,NA,NA,NA,NA,NA,NA,NA,NA,NA,NA,NA
"1443","CRI","AEXP",109.169734978081,220.637362625415,311.705983371316,235.648350005012,309.464196445737,474.232241313897,681.747156378294,689.246246180227,1384.38540757579,1846.51749939686,2006.75019152781,NA,NA,NA,NA,NA,NA,NA,NA,NA,NA,NA,NA,NA,NA,NA,NA,219.732583213216,342.240276782714,389.303475278828,299.205029187301,137.001358816006,118.18950190526,126.729041424789,121.042397466832,183.627066817671,223.528089065749,157.643269087342,NA,NA,NA,NA,NA,NA,NA,NA,NA,NA,NA,NA,NA,NA,NA,NA,NA,NA,NA,NA
"1501","CUB","AEXP",NA,NA,NA,NA,NA,NA,NA,NA,NA,NA,NA,NA,NA,NA,NA,NA,NA,NA,NA,NA,NA,NA,NA,NA,NA,NA,NA,NA,NA,NA,NA,NA,NA,NA,NA,NA,NA,NA,NA,NA,NA,NA,NA,NA,NA,NA,NA,NA,NA,NA,NA,NA,NA,NA,NA,NA,NA,NA
"1549","CYP","AEXP",11000.1927162551,12503.2922700056,12161.1448756294,10172.6867876557,10045.969411343,8731.26740245686,9215.21055121186,7757.89141982347,8664.98188944723,7785.56336401113,9073.56604095137,NA,NA,NA,NA,NA,NA,NA,NA,NA,NA,NA,NA,NA,NA,NA,NA,4003.86239650074,4225.74015134356,4528.83391915084,4450.94281109721,9310.15776363488,10524.8700109027,9318.03638629428,11850.0382527338,9767.90258595687,12532.3819150539,14131.7916665316,NA,NA,NA,NA,NA,NA,NA,NA,NA,NA,NA,NA,NA,NA,NA,NA,NA,NA,NA,NA
"1592","CZE","AEXP",6151.62822101677,6081.81865388125,5103.61403846876,4104.32892642683,5057.26092248723,5311.44175985469,5657.78328447634,7170.14356459,5874.42376842581,5445.83120724313,4389.12538645803,NA,NA,NA,NA,NA,NA,NA,NA,NA,NA,NA,NA,NA,NA,NA,NA,NA,NA,3954.29131454305,3389.0006114611,8475.5641397052,3597.75286689747,4726.64210705062,5500.10186007454,5467.542692536,4957.81268665346,6940.06103430897,NA,NA,NA,NA,NA,NA,NA,NA,NA,NA,NA,NA,NA,NA,NA,NA,NA,NA,NA,NA
"1617","DEU","AEXP",9053.47834163827,9056.53923339914,9186.02275523542,8561.02612218421,8401.81417337996,7677.64487741363,9538.88306800522,9848.78299856345,10465.8251117651,10628.1675665933,10323.8448786812,NA,NA,NA,NA,NA,NA,NA,NA,NA,NA,NA,NA,NA,NA,NA,NA,15393.2208035819,15893.0850375461,13520.8851509584,12720.8368670267,12920.054460912,10363.032684197,10037.5813726304,10189.6912379241,9384.81403138161,9808.43880209384,9674.39579935896,NA,NA,NA,NA,NA,NA,NA,NA,NA,NA,NA,NA,NA,NA,NA,NA,NA,NA,NA,NA
"1644","DMA","AEXP",NA,NA,NA,NA,NA,NA,NA,NA,NA,NA,NA,NA,NA,NA,NA,NA,NA,NA,NA,NA,NA,NA,NA,NA,NA,NA,NA,NA,NA,NA,NA,NA,NA,NA,NA,NA,NA,NA,NA,NA,NA,NA,NA,NA,NA,NA,NA,NA,NA,NA,NA,NA,NA,NA,NA,NA,NA,NA
"1685","DNK","AEXP",4429.24621348982,4461.44399494816,3398.17516467555,3525.85551901955,3786.15992781001,3471.08386435224,5180.74000884785,6647.65801495551,5343.99180236704,6502.31640194558,6336.71096171925,NA,NA,NA,NA,NA,NA,NA,NA,NA,NA,NA,NA,NA,NA,NA,NA,2758.29564702218,3190.30843878851,3879.99826513025,2334.53086493429,2086.08872037843,2972.45071849165,3390.11941035355,3428.89784521766,3492.25936192624,3536.11688081975,2523.72475447746,NA,NA,NA,NA,NA,NA,NA,NA,NA,NA,NA,NA,NA,NA,NA,NA,NA,NA,NA,NA
"1733","DOM","AEXP",592.283406426078,416.177859027805,258.980159907545,247.988224418153,240.788231828358,227.772298734132,NA,NA,NA,NA,NA,NA,NA,NA,NA,NA,NA,NA,NA,NA,NA,NA,NA,NA,NA,NA,NA,482.546085183028,375.438943100082,483.196137511686,363.377065021476,302.831688045498,390.022445985196,443.749282575586,533.896876146293,625.705081655844,533.275829319751,612.152921437018,NA,NA,NA,NA,NA,NA,NA,NA,NA,NA,NA,NA,NA,NA,NA,NA,NA,NA,NA,NA
"1783","DZA","AEXP",658.382884651847,680.863934021649,675.096896065984,713.559783571325,737.567626802198,478.76616012727,1263.73016940338,1008.47747667713,981.78316375342,1120.13607283478,NA,NA,NA,NA,NA,NA,NA,NA,NA,NA,NA,NA,NA,NA,NA,NA,NA,NA,NA,NA,NA,NA,NA,NA,NA,474.445807731958,488.238647623224,559.20740052765,NA,NA,NA,NA,NA,NA,NA,NA,NA,NA,NA,NA,NA,NA,NA,NA,NA,NA,NA,NA
"1802","ECU","AEXP",101.887031479202,101.863215899727,70.6816192933236,95.9181456944603,62.0763268531705,57.4592771616341,103.751232752283,102.304507562386,107.421219223593,NA,NA,NA,NA,NA,NA,NA,NA,NA,NA,NA,NA,NA,NA,NA,NA,NA,NA,NA,NA,NA,NA,NA,NA,NA,NA,NA,156.599049967722,208.454041234634,NA,NA,NA,NA,NA,NA,NA,NA,NA,NA,NA,NA,NA,NA,NA,NA,NA,NA,NA,NA
"1860","EGY","AEXP",223.552082942456,183.54609873076,154.669915525242,147.645952602568,130.189718576971,118.433636563747,NA,NA,NA,NA,NA,NA,NA,NA,NA,NA,NA,NA,NA,NA,NA,NA,NA,NA,NA,NA,NA,135.851643099743,127.271441348844,147.725924577217,157.408016231085,154.939040647083,167.804436223751,193.78041165843,209.563961610779,226.109144060441,255.006409515056,272.278279331711,NA,NA,NA,NA,NA,NA,NA,NA,NA,NA,NA,NA,NA,NA,NA,NA,NA,NA,NA,NA
"1917","ESP","AEXP",6238.20732197868,6403.79194943432,6807.32482249556,6802.66647704878,7301.21360481489,8015.8248591565,9423.40201598198,8583.12916030886,7654.9200704578,7453.71239427758,9157.89820706339,NA,NA,NA,NA,NA,NA,NA,NA,NA,NA,NA,NA,NA,NA,NA,NA,NA,NA,NA,NA,4117.16837958759,4040.97969894813,4004.18311143302,4609.86039802661,5078.03328878882,5358.91875116743,6069.26776731668,NA,NA,NA,NA,NA,NA,NA,NA,NA,NA,NA,NA,NA,NA,NA,NA,NA,NA,NA,NA
"1940","EST","AEXP",2342.18709589576,2766.43237410521,3137.00952429142,2472.72714232818,2719.4155185365,4187.84774903689,4716.49683803344,6536.05133108283,3618.20111211925,4082.61474180373,3945.15636796669,NA,NA,NA,NA,NA,NA,NA,NA,NA,NA,NA,NA,NA,NA,NA,NA,NA,NA,NA,NA,687.669361515063,849.647839796229,949.505042750484,2001.83589000182,1801.1163726657,2205.90691841274,2079.38959616514,NA,NA,NA,NA,NA,NA,NA,NA,NA,NA,NA,NA,NA,NA,NA,NA,NA,NA,NA,NA
"1963","ETH","AEXP",7.93894639863112,5.34828630131233,4.96526177027105,17.9733223613571,23.5394291325383,20.9847072624687,21.3159382586735,19.0688256738631,6.94115932621257,7.57735140744916,NA,NA,NA,NA,NA,NA,NA,NA,NA,NA,NA,NA,NA,NA,NA,NA,NA,3.9635283449123,4.82985750118584,5.66203843492182,6.69840541328602,5.77821254055296,6.56634982194139,5.51223615861221,6.13704023366321,9.76233274765417,6.70920182132904,5.18708609229783,NA,NA,NA,NA,NA,NA,NA,NA,NA,NA,NA,NA,NA,NA,NA,NA,NA,NA,NA,NA
"2000","FIN","AEXP",16567.2800526279,17883.9986477341,19176.5876292661,20767.821122802,21742.9172883174,20440.2515719056,19062.5556657317,19115.3889712465,20266.4523806955,21142.5169175313,19831.3609095486,NA,NA,NA,NA,NA,NA,NA,NA,NA,NA,NA,NA,NA,NA,NA,NA,32304.1970683089,33059.0806664083,31586.8387116498,30358.6821679807,41437.4797862746,36876.2329974209,36823.8373257878,31260.2353440703,28997.8424757248,24340.8632432473,20320.0687821796,NA,NA,NA,NA,NA,NA,NA,NA,NA,NA,NA,NA,NA,NA,NA,NA,NA,NA,NA,NA
"2043","FJI","AEXP",233.549952110072,232.858282281757,222.420945909728,198.404604675596,210.97758400706,166.902872319582,134.653969310057,87.2423737660849,75.7178286178238,67.3734788606278,NA,NA,NA,NA,NA,NA,NA,NA,NA,NA,NA,NA,NA,NA,NA,NA,NA,277.570596052301,274.867196206044,235.063467039391,298.583162934503,187.316223068295,185.254387717321,203.970965456694,196.416938942627,185.338050249245,231.973519938767,231.669671140245,NA,NA,NA,NA,NA,NA,NA,NA,NA,NA,NA,NA,NA,NA,NA,NA,NA,NA,NA,NA
"2096","FRA","AEXP",7095.99860288362,7060.94783539404,7889.20194490955,8678.08307713504,8564.8956548968,9127.83871681173,11252.9787295092,11473.6994591026,12177.2640302673,10956.5667136615,11469.853686003,NA,NA,NA,NA,NA,NA,NA,NA,NA,NA,NA,NA,NA,NA,NA,NA,NA,NA,NA,NA,7276.90414749499,7683.7633596767,7745.15525051916,7854.94696430885,7988.01268654376,8033.47495331778,6896.49972079555,NA,NA,NA,NA,NA,NA,NA,NA,NA,NA,NA,NA,NA,NA,NA,NA,NA,NA,NA,NA
"2154","FRO","AEXP",NA,NA,NA,NA,NA,NA,NA,NA,NA,NA,NA,NA,NA,NA,NA,NA,NA,NA,NA,NA,NA,NA,NA,NA,NA,NA,NA,NA,NA,NA,NA,NA,NA,NA,NA,NA,NA,NA,NA,NA,NA,NA,NA,NA,NA,NA,NA,NA,NA,NA,NA,NA,NA,NA,NA,NA,NA,NA
"2155","FSM","AEXP",NA,NA,NA,NA,NA,NA,NA,NA,NA,NA,NA,NA,NA,NA,NA,NA,NA,NA,NA,NA,NA,NA,NA,NA,NA,NA,NA,NA,NA,NA,NA,NA,NA,NA,NA,NA,NA,NA,NA,NA,NA,NA,NA,NA,NA,NA,NA,NA,NA,NA,NA,NA,NA,NA,NA,NA,NA,NA
"2177","GAB","AEXP",NA,NA,NA,NA,NA,NA,NA,NA,NA,NA,NA,NA,NA,NA,NA,NA,NA,NA,NA,NA,NA,NA,NA,NA,NA,NA,NA,NA,NA,NA,NA,NA,NA,NA,NA,NA,NA,NA,NA,NA,NA,NA,NA,NA,NA,NA,NA,NA,NA,NA,NA,NA,NA,NA,NA,NA,NA,NA
"2215","GBR","AEXP",9496.53215714284,11192.2047240934,13530.3976805998,14227.1167025973,13771.7950053509,12609.3454183221,13775.5556329252,13091.5450305668,11934.8456575338,12151.1146653981,10839.4644452416,NA,NA,NA,NA,NA,NA,NA,NA,NA,NA,NA,NA,NA,NA,NA,NA,2956.12221301699,2957.26561589831,3146.29492044734,3011.23324034729,2918.05122675748,2933.29847811871,8842.2770955294,7734.52065185002,9463.44292115674,11958.3797307696,17596.0593662635,NA,NA,NA,NA,NA,NA,NA,NA,NA,NA,NA,NA,NA,NA,NA,NA,NA,NA,NA,NA
"2243","GEO","AEXP",NA,NA,NA,NA,NA,34.4335046104561,37.2218555602993,33.3002945362455,12.7886991125597,13.295739164022,94.6978573443704,NA,NA,NA,NA,NA,NA,NA,NA,NA,NA,NA,NA,NA,NA,NA,NA,NA,NA,NA,NA,NA,NA,NA,NA,NA,NA,NA,NA,NA,NA,NA,NA,NA,NA,NA,NA,NA,NA,NA,NA,NA,NA,NA,NA,NA,NA,NA
"2258","GHA","AEXP",NA,NA,NA,NA,4.52812619493336,4.88630257374874,NA,NA,NA,NA,NA,NA,NA,NA,NA,NA,NA,NA,NA,NA,NA,NA,NA,NA,NA,NA,NA,NA,NA,NA,NA,NA,NA,NA,NA,NA,NA,NA,NA,NA,NA,NA,NA,NA,NA,NA,NA,NA,NA,NA,NA,NA,NA,NA,NA,NA,NA,NA
"2270","GIN","AEXP",NA,NA,NA,NA,NA,NA,NA,NA,NA,NA,NA,NA,NA,NA,NA,NA,NA,NA,NA,NA,NA,NA,NA,NA,NA,NA,NA,NA,NA,NA,NA,NA,NA,NA,NA,NA,NA,NA,NA,NA,NA,NA,NA,NA,NA,NA,NA,NA,NA,NA,NA,NA,NA,NA,NA,NA,NA,NA
"2302","GMB","AEXP",NA,NA,NA,NA,NA,NA,NA,NA,NA,NA,NA,NA,NA,NA,NA,NA,NA,NA,NA,NA,NA,NA,NA,NA,NA,NA,NA,NA,NA,NA,NA,NA,NA,NA,NA,NA,NA,NA,NA,NA,NA,NA,NA,NA,NA,NA,NA,NA,NA,NA,NA,NA,NA,NA,NA,NA,NA,NA
"2353","GNB","AEXP",1.85220431898363,1.5404069435128,1.9396588578647,2.24649028336477,2.3129053992402,2.18848851554475,1.98260560551625,1.97959255155482,1.96574544161004,1.88533417961423,1.993472139693,NA,NA,NA,NA,NA,NA,NA,NA,NA,NA,NA,NA,NA,NA,NA,NA,NA,NA,NA,NA,NA,NA,NA,NA,NA,2.20920924776427,1.86103510449655,NA,NA,NA,NA,NA,NA,NA,NA,NA,NA,NA,NA,NA,NA,NA,NA,NA,NA,NA,NA
"2371","GNQ","AEXP",NA,NA,NA,NA,186.637468712068,260.069436845896,154.962266130722,349.11339969668,NA,NA,NA,NA,NA,NA,NA,NA,NA,NA,NA,NA,NA,NA,NA,NA,NA,NA,NA,NA,NA,NA,NA,NA,NA,NA,NA,NA,NA,NA,NA,NA,NA,NA,NA,NA,NA,NA,NA,NA,NA,NA,NA,NA,NA,NA,NA,NA,NA,NA
"2383","GRC","AEXP",67.6141009738895,58.9537790574421,80.532813155296,107.831599034345,135.263652571607,443.620343327304,249.943060420686,1652.67436611468,140.18985810526,143.642752506951,478.326532066427,NA,NA,NA,NA,NA,NA,NA,NA,NA,NA,NA,NA,NA,NA,NA,NA,NA,NA,NA,NA,2845.04790370792,2859.3665556598,3475.08653691647,3751.62135893825,2504.86044610258,1230.10966322984,70.2610938376996,NA,NA,NA,NA,NA,NA,NA,NA,NA,NA,NA,NA,NA,NA,NA,NA,NA,NA,NA,NA
"2406","GRD","AEXP",NA,NA,NA,NA,NA,NA,NA,NA,NA,NA,NA,NA,NA,NA,NA,NA,NA,NA,NA,NA,NA,NA,NA,NA,NA,NA,NA,NA,NA,NA,NA,NA,NA,NA,NA,NA,NA,NA,NA,NA,NA,NA,NA,NA,NA,NA,NA,NA,NA,NA,NA,NA,NA,NA,NA,NA,NA,NA
"2447","GRL","AEXP",NA,NA,NA,NA,NA,NA,NA,NA,NA,NA,NA,NA,NA,NA,NA,NA,NA,NA,NA,NA,NA,NA,NA,NA,NA,NA,NA,NA,NA,NA,NA,NA,NA,NA,NA,NA,NA,NA,NA,NA,NA,NA,NA,NA,NA,NA,NA,NA,NA,NA,NA,NA,NA,NA,NA,NA,NA,NA
"2462","GTM","AEXP",75.5904897125717,83.5712459611128,77.4944531733916,68.3734620369692,70.149154910617,59.9793917060647,58.9821468136569,34.3104111509806,49.1400750513392,50.530874444765,69.1067897814702,NA,NA,NA,NA,NA,NA,NA,NA,NA,NA,NA,NA,NA,NA,NA,NA,145.249615856256,130.288756341613,136.999062228037,128.771089018562,66.4202188040814,75.3041923776468,76.0335898224886,69.8814608623131,75.38025337971,51.0072275067029,85.855713870141,NA,NA,NA,NA,NA,NA,NA,NA,NA,NA,NA,NA,NA,NA,NA,NA,NA,NA,NA,NA
"2520","GUY","AEXP",NA,NA,NA,NA,NA,NA,NA,NA,NA,NA,NA,NA,NA,NA,NA,NA,NA,NA,NA,NA,NA,NA,NA,NA,NA,NA,NA,NA,NA,NA,NA,NA,NA,NA,NA,NA,NA,NA,NA,NA,NA,NA,NA,NA,NA,NA,NA,NA,NA,NA,NA,NA,NA,NA,NA,NA,NA,NA
"2578","HKG","AEXP",NA,NA,NA,NA,NA,NA,NA,NA,NA,NA,NA,NA,NA,NA,NA,NA,NA,NA,NA,NA,NA,NA,NA,NA,NA,NA,NA,NA,NA,NA,NA,NA,NA,NA,NA,NA,NA,NA,NA,NA,NA,NA,NA,NA,NA,NA,NA,NA,NA,NA,NA,NA,NA,NA,NA,NA,NA,NA
"2596","HND","AEXP",NA,NA,NA,NA,NA,NA,NA,NA,NA,NA,NA,NA,NA,NA,NA,NA,NA,NA,NA,NA,NA,NA,NA,NA,NA,NA,NA,NA,NA,NA,NA,NA,NA,NA,NA,NA,NA,NA,NA,NA,NA,NA,NA,NA,NA,NA,NA,NA,NA,NA,NA,NA,NA,NA,NA,NA,NA,NA
"2654","HRV","AEXP",1326.71545848189,1339.83857616059,1467.39712323104,1282.31167282913,1602.81946240636,2213.75709807014,2625.19996416101,2721.31231756488,2810.87220021602,3178.46403640292,NA,NA,NA,NA,NA,NA,NA,NA,NA,NA,NA,NA,NA,NA,NA,NA,NA,NA,NA,NA,NA,454.429747201813,367.274043150835,407.241439281391,464.309748994411,823.249058776438,1149.52295383938,1431.84727898841,NA,NA,NA,NA,NA,NA,NA,NA,NA,NA,NA,NA,NA,NA,NA,NA,NA,NA,NA,NA
"2677","HTI","AEXP",NA,NA,NA,NA,NA,NA,NA,NA,NA,NA,NA,NA,NA,NA,NA,NA,NA,NA,NA,NA,NA,NA,NA,NA,NA,NA,NA,NA,NA,NA,NA,NA,NA,NA,NA,NA,NA,NA,NA,NA,NA,NA,NA,NA,NA,NA,NA,NA,NA,NA,NA,NA,NA,NA,NA,NA,NA,NA
"2707","HUN","AEXP",9317.5625177249,7967.37200886901,7664.51075933265,7344.46165848063,7587.41037093205,7552.12477698795,4920.28252743801,5047.31213193724,3032.51526826467,3116.16092343581,2880.11845438872,NA,NA,NA,NA,NA,NA,NA,NA,NA,NA,NA,NA,NA,NA,NA,NA,NA,NA,NA,NA,5239.45722233103,5243.59559759795,4147.28749768338,5012.02043426589,5358.55403243061,5683.17462814536,6614.01208863486,NA,NA,NA,NA,NA,NA,NA,NA,NA,NA,NA,NA,NA,NA,NA,NA,NA,NA,NA,NA
"2730","IDN","AEXP",23.2589656783569,32.3455775403528,30.231797031567,29.2736602595117,31.5273951790521,37.1225696086259,NA,NA,NA,NA,NA,NA,NA,NA,NA,NA,NA,NA,NA,NA,NA,NA,NA,NA,NA,NA,NA,48.7318771571426,50.6180507623669,48.0675202441877,63.7555939353079,44.9964357134745,65.4643077527203,55.5281399676842,52.6788150413643,39.2881226655152,25.6948915233509,15.9870969301335,NA,NA,NA,NA,NA,NA,NA,NA,NA,NA,NA,NA,NA,NA,NA,NA,NA,NA,NA,NA
"2788","IMN","AEXP",NA,NA,NA,NA,NA,NA,NA,NA,NA,NA,NA,NA,NA,NA,NA,NA,NA,NA,NA,NA,NA,NA,NA,NA,NA,NA,NA,NA,NA,NA,NA,NA,NA,NA,NA,NA,NA,NA,NA,NA,NA,NA,NA,NA,NA,NA,NA,NA,NA,NA,NA,NA,NA,NA,NA,NA,NA,NA
"2797","IND","AEXP",18.1599396048596,17.8586623234249,22.2293303712165,25.2884393003689,34.9840659682248,42.1689915398278,77.6456663104689,62.6048304334611,56.4099687304695,60.3808725333988,NA,NA,NA,NA,NA,NA,NA,NA,NA,NA,NA,NA,NA,NA,NA,NA,NA,21.3945079869006,22.6720538211013,15.8137637282328,15.6601133640257,15.7896948106803,15.9554161047317,18.2872519672317,19.6101012446745,21.8076319619291,22.7921909183859,20.5351178092621,NA,NA,NA,NA,NA,NA,NA,NA,NA,NA,NA,NA,NA,NA,NA,NA,NA,NA,NA,NA
"2855","IRL","AEXP",13824.9816427544,11970.4072447286,11954.1227498274,13762.2374539091,13456.9662025445,15365.5986369842,30206.3347039461,17878.0785245652,14113.8435051739,12823.4538710417,13178.2061005626,NA,NA,NA,NA,NA,NA,NA,NA,NA,NA,NA,NA,NA,NA,NA,NA,NA,NA,NA,NA,6860.5446317877,8841.78894709541,8693.04168746839,8614.29909445879,9325.36066204282,10887.5179173075,14197.5872954515,NA,NA,NA,NA,NA,NA,NA,NA,NA,NA,NA,NA,NA,NA,NA,NA,NA,NA,NA,NA
"2878","IRN","AEXP",450.649699386258,238.482395039622,224.839131244313,472.006787011388,451.460235498448,354.962297796121,351.654966907297,170.851745007794,NA,NA,NA,NA,NA,NA,NA,NA,NA,NA,NA,NA,NA,NA,NA,NA,NA,NA,NA,216.124675416051,239.582202230824,383.546993835233,379.355446631084,319.565284574537,214.272703458178,209.402814040883,180.091423903245,114.686380470733,156.305988115499,381.253516301789,NA,NA,NA,NA,NA,NA,NA,NA,NA,NA,NA,NA,NA,NA,NA,NA,NA,NA,NA,NA
"2936","IRQ","AEXP",NA,NA,NA,NA,NA,NA,NA,NA,NA,NA,NA,NA,NA,NA,NA,NA,NA,NA,NA,NA,NA,NA,NA,NA,NA,NA,NA,NA,NA,NA,NA,NA,NA,NA,NA,NA,NA,NA,NA,NA,NA,NA,NA,NA,NA,NA,NA,NA,NA,NA,NA,NA,NA,NA,NA,NA,NA,NA
"2986","ISL","AEXP",16187.0271609266,18106.7869155536,18580.1333399222,17887.0620321985,17488.7934099154,18408.0890608927,25133.7535575962,24025.8171627651,19766.7309015189,20052.5990423189,20050.3571917506,NA,NA,NA,NA,NA,NA,NA,NA,NA,NA,NA,NA,NA,NA,NA,NA,NA,NA,NA,NA,NA,NA,19316.2228491356,13663.0827192299,13030.939688322,13408.1312314143,15226.6840866518,NA,NA,NA,NA,NA,NA,NA,NA,NA,NA,NA,NA,NA,NA,NA,NA,NA,NA,NA,NA
"3006","ISR","AEXP",5420.31418241174,5936.84693168453,4896.29282398173,4385.73309915657,4612.73532363325,4563.40503051114,NA,NA,NA,NA,NA,NA,NA,NA,NA,NA,NA,NA,NA,NA,NA,NA,NA,NA,NA,NA,NA,NA,NA,NA,NA,8999.79112937849,10684.3379721284,9435.43239621788,7610.24823054218,7276.88808800483,5905.51194870816,6303.66540636581,NA,NA,NA,NA,NA,NA,NA,NA,NA,NA,NA,NA,NA,NA,NA,NA,NA,NA,NA,NA
"3029","ITA","AEXP",10094.6721346749,8160.26250259347,8619.67860598724,8002.4278913173,9726.23719682909,8252.63581622756,7987.9422034388,8559.30293807632,8334.9773562537,8255.79156768977,6880.44287509941,NA,NA,NA,NA,NA,NA,NA,NA,NA,NA,NA,NA,NA,NA,NA,NA,5957.40907734264,5724.31334945244,6422.98396047575,5691.56938076894,5553.88146782375,6439.27573682698,6412.7869251452,6882.5793129071,7619.94118086691,7518.04088807591,10113.1383505763,NA,NA,NA,NA,NA,NA,NA,NA,NA,NA,NA,NA,NA,NA,NA,NA,NA,NA,NA,NA
"3057","JAM","AEXP",298.065786035598,247.300350689616,358.092872010444,263.984788553156,283.150821958992,373.703328836119,394.928716208034,370.148754308422,312.336782045701,521.010052381919,381.149947000344,NA,NA,NA,NA,NA,NA,NA,NA,NA,NA,NA,NA,NA,NA,NA,NA,NA,247.872016661996,291.685083391712,317.221326680131,300.345712783249,317.478587427266,405.081036653745,302.503995211366,336.573224207499,259.515110170227,266.047322165885,NA,NA,NA,NA,NA,NA,NA,NA,NA,NA,NA,NA,NA,NA,NA,NA,NA,NA,NA,NA
"3109","JOR","AEXP",614.790111529125,566.562237658748,1516.24364947257,1432.60087258068,1389.41122922176,1117.11908910384,624.795357207679,584.487743608062,490.34319346188,492.080234594769,432.995737179757,NA,NA,NA,NA,NA,NA,NA,NA,NA,NA,NA,NA,NA,NA,NA,NA,983.317546670029,1250.51665322413,1031.59213718267,1446.51204209302,1547.09216786317,1599.25828118751,1415.2963513676,1113.38004706757,1406.08940782029,1354.20420540526,1606.8502902286,NA,NA,NA,NA,NA,NA,NA,NA,NA,NA,NA,NA,NA,NA,NA,NA,NA,NA,NA,NA
"3152","JPN","AEXP",3314.33976648088,3331.51337130916,3564.04311440898,3600.95324068312,3511.76707162691,4587.47045464194,5213.66328950515,5975.35065874695,5873.41820691777,7484.91501496826,7767.76635533065,NA,NA,NA,NA,NA,NA,NA,NA,NA,NA,NA,NA,NA,NA,NA,NA,NA,NA,NA,2748.03587837616,2856.36366085413,3015.75648296606,2820.03596985079,2985.98440625291,3020.66800667224,3145.21929454875,3106.42626876806,NA,NA,NA,NA,NA,NA,NA,NA,NA,NA,NA,NA,NA,NA,NA,NA,NA,NA,NA,NA
"3176","KAZ","AEXP",118.754752254133,176.496654413653,236.625311476729,177.127856856491,172.214652826949,188.754451887239,229.426138310591,273.553283278994,279.529362647271,279.453442401784,254.838586150275,NA,NA,NA,NA,NA,NA,NA,NA,NA,NA,NA,NA,NA,NA,NA,NA,NA,NA,NA,NA,NA,NA,73.9939466907478,41.3845376036226,43.1789718929946,49.7432858489342,99.6730482239601,NA,NA,NA,NA,NA,NA,NA,NA,NA,NA,NA,NA,NA,NA,NA,NA,NA,NA,NA,NA
"3204","KEN","AEXP",33.4563268385027,30.8865970883117,34.1200077801153,29.4997373416015,25.6251502043225,34.1452402842554,33.8366067561162,43.1664451787253,55.1391939796017,58.6444421282586,75.1401640330927,NA,NA,NA,NA,NA,NA,NA,NA,NA,NA,NA,NA,NA,NA,NA,NA,39.2858251338659,39.0285744178568,32.1883326894213,37.6962951078092,48.5328386673151,35.1030355369038,31.8032440293591,31.4237304921756,36.085337208224,30.0614805306364,30.1045164130693,NA,NA,NA,NA,NA,NA,NA,NA,NA,NA,NA,NA,NA,NA,NA,NA,NA,NA,NA,NA
"3258","KGZ","AEXP",23.1515914407951,25.4107383535148,27.1676656426802,25.5984883232497,25.1986017935778,21.0700263730186,NA,NA,NA,NA,NA,NA,NA,NA,NA,NA,NA,NA,NA,NA,NA,NA,NA,NA,NA,NA,NA,NA,NA,58.162938363908,14.2381233810591,16.3398703178453,12.9030961009078,14.7336925892677,20.788859234335,16.5376883328585,15.8268141778279,18.5716382197574,NA,NA,NA,NA,NA,NA,NA,NA,NA,NA,NA,NA,NA,NA,NA,NA,NA,NA,NA,NA
"3289","KHM","AEXP",NA,NA,NA,NA,NA,NA,NA,NA,NA,NA,NA,NA,NA,NA,NA,NA,NA,NA,NA,NA,NA,NA,NA,NA,NA,NA,NA,NA,NA,NA,NA,NA,NA,NA,NA,NA,NA,NA,NA,NA,NA,NA,NA,NA,NA,NA,NA,NA,NA,NA,NA,NA,NA,NA,NA,NA,NA,NA
"3313","KIR","AEXP",NA,NA,NA,NA,NA,NA,NA,NA,NA,NA,NA,NA,NA,NA,NA,NA,NA,NA,NA,NA,NA,NA,NA,NA,NA,NA,NA,NA,NA,NA,NA,NA,NA,NA,NA,NA,NA,NA,NA,NA,NA,NA,NA,NA,NA,NA,NA,NA,NA,NA,NA,NA,NA,NA,NA,NA,NA,NA
"3349","KNA","AEXP",NA,NA,NA,NA,NA,NA,NA,NA,NA,NA,NA,NA,NA,NA,NA,NA,NA,NA,NA,NA,NA,NA,NA,NA,NA,NA,NA,NA,NA,NA,NA,NA,NA,NA,NA,NA,NA,NA,NA,NA,NA,NA,NA,NA,NA,NA,NA,NA,NA,NA,NA,NA,NA,NA,NA,NA,NA,NA
"3390","KOR","AEXP",3546.77871067835,4529.22038788294,6655.76180547448,4503.24227269218,5739.62775708468,6518.80828000161,6620.34206764114,6748.41245218861,6858.90467076039,6250.19927972701,8876.08948920284,NA,NA,NA,NA,NA,NA,NA,NA,NA,NA,NA,NA,NA,NA,NA,NA,1538.42792998937,1610.87374330461,1798.5862556821,2920.04626023268,3254.89974116803,3296.8579874364,3170.2005666905,2956.05543157404,3190.77520415825,3331.434143498,3435.92241678521,NA,NA,NA,NA,NA,NA,NA,NA,NA,NA,NA,NA,NA,NA,NA,NA,NA,NA,NA,NA
"3448","KWT","AEXP",NA,NA,NA,NA,NA,NA,NA,NA,3361.96409440842,3215.04681039998,2397.81799271468,NA,NA,NA,NA,NA,NA,NA,NA,NA,NA,NA,NA,NA,NA,NA,NA,NA,NA,NA,NA,NA,NA,NA,NA,NA,NA,NA,NA,NA,NA,NA,NA,NA,NA,NA,NA,NA,NA,NA,NA,NA,NA,NA,NA,NA,NA,NA
"3456","LAO","AEXP",NA,NA,NA,NA,NA,NA,NA,NA,NA,NA,NA,NA,NA,NA,NA,NA,NA,NA,NA,NA,NA,NA,NA,NA,NA,NA,NA,NA,NA,NA,NA,NA,NA,NA,NA,NA,NA,NA,NA,NA,NA,NA,NA,NA,NA,NA,NA,NA,NA,NA,NA,NA,NA,NA,NA,NA,NA,NA
"3474","LBN","AEXP",617.549279222281,462.942706507313,622.915898036978,456.118957625715,345.347542442064,475.678658164574,503.11994755989,580.810043548065,577.304949179803,540.475800517211,481.433257896518,NA,NA,NA,NA,NA,NA,NA,NA,NA,NA,NA,NA,NA,NA,NA,NA,NA,NA,NA,1590.3106776765,953.642055251276,1457.3322614441,1226.24682670947,1361.94158196565,329.015993411732,525.181971651283,484.87538006133,NA,NA,NA,NA,NA,NA,NA,NA,NA,NA,NA,NA,NA,NA,NA,NA,NA,NA,NA,NA
"3501","LBR","AEXP",5.86113685025954,4.01806805115531,3.03291960772383,2.29286762637594,2.36902229846566,8.55771865440197,12.9753740458309,7.78820817782724,9.6772885967724,11.3823850415265,7.79314919806987,NA,NA,NA,NA,NA,NA,NA,NA,NA,NA,NA,NA,NA,NA,NA,NA,NA,NA,NA,NA,NA,NA,NA,NA,NA,8.45966063960544,7.27831754465315,NA,NA,NA,NA,NA,NA,NA,NA,NA,NA,NA,NA,NA,NA,NA,NA,NA,NA,NA,NA
"3519","LCA","AEXP",NA,NA,NA,NA,NA,NA,NA,NA,NA,NA,NA,NA,NA,NA,NA,NA,NA,NA,NA,NA,NA,NA,NA,NA,NA,NA,NA,NA,NA,NA,NA,NA,NA,NA,NA,NA,NA,NA,NA,NA,NA,NA,NA,NA,NA,NA,NA,NA,NA,NA,NA,NA,NA,NA,NA,NA,NA,NA
"3560","LKA","AEXP",74.1768645952733,74.9945850356666,76.4190047505668,91.6516518109694,117.548228533774,112.038297441601,146.250005538584,159.960650197976,155.409529458662,157.456461962862,NA,NA,NA,NA,NA,NA,NA,NA,NA,NA,NA,NA,NA,NA,NA,NA,NA,76.2829765507692,77.7349753220242,73.8695571075662,72.5496365001525,95.4186848503476,78.6060386901117,59.7263619443378,68.448593063884,67.2881003173093,72.3486762709656,69.4093893120255,NA,NA,NA,NA,NA,NA,NA,NA,NA,NA,NA,NA,NA,NA,NA,NA,NA,NA,NA,NA
"3618","LSO","AEXP",106.008138709527,123.855704943058,163.732795019588,193.238264980909,186.436890759799,291.712904969608,460.011849774348,539.9678205478,384.020175513541,479.668381140048,452.93531251273,NA,NA,NA,NA,NA,NA,NA,NA,NA,NA,NA,NA,NA,NA,NA,NA,190.801703788211,124.470798899237,209.318423252502,183.582034407934,251.760828221163,227.808805183073,235.369992898073,111.783672648874,82.698716341436,60.9967061785873,101.042596160036,NA,NA,NA,NA,NA,NA,NA,NA,NA,NA,NA,NA,NA,NA,NA,NA,NA,NA,NA,NA
"3666","LTU","AEXP",967.077046521659,1250.79068752303,1169.69635631664,1290.76995946312,1557.95228725108,2283.91194758228,3057.01638778166,2862.92655865543,2474.60537885614,2098.1743239984,1990.78156030253,NA,NA,NA,NA,NA,NA,NA,NA,NA,NA,NA,NA,NA,NA,NA,NA,NA,NA,NA,NA,877.15639352235,871.205576695694,896.532145696771,868.636994034886,749.225573888152,1046.47373747843,984.882867609285,NA,NA,NA,NA,NA,NA,NA,NA,NA,NA,NA,NA,NA,NA,NA,NA,NA,NA,NA,NA
"3689","LUX","AEXP",46817.5282198924,37503.0998564886,49690.9369047862,48416.9064204244,42638.9834958883,40921.9021072722,43268.9838690836,64344.1002176068,73689.1049882182,65597.5130642232,53372.9203699392,NA,NA,NA,NA,NA,NA,NA,NA,NA,NA,NA,NA,NA,NA,NA,NA,NA,NA,NA,NA,22547.1106516207,32483.8719774073,36878.3075143192,28767.716997684,40501.6323943774,32002.9646423193,57462.1844511566,NA,NA,NA,NA,NA,NA,NA,NA,NA,NA,NA,NA,NA,NA,NA,NA,NA,NA,NA,NA
"3712","LVA","AEXP",1081.79832025799,1620.10501856017,2454.74320783196,4334.78760948042,4021.72590045058,3645.1408187258,4598.80633554665,5381.42146303496,3919.6145138061,4447.79560214543,4477.64882607949,NA,NA,NA,NA,NA,NA,NA,NA,NA,NA,NA,NA,NA,NA,NA,NA,NA,NA,NA,NA,745.805679382191,720.508082047255,549.70256918761,867.877146305899,1074.50390631625,1017.92290117057,941.231174557146,NA,NA,NA,NA,NA,NA,NA,NA,NA,NA,NA,NA,NA,NA,NA,NA,NA,NA,NA,NA
"3735","MAR","AEXP",138.6238767675,118.616376512679,100.140030340918,97.6347140022235,98.2723645754826,94.9291771575295,NA,NA,NA,NA,NA,NA,NA,NA,NA,NA,NA,NA,NA,NA,NA,NA,NA,NA,NA,NA,NA,188.430959304071,187.293793262784,217.310684101355,222.685402951353,169.183763209863,158.044369446752,156.128144293564,174.437667375591,132.57406335058,123.604119962543,122.983452509225,NA,NA,NA,NA,NA,NA,NA,NA,NA,NA,NA,NA,NA,NA,NA,NA,NA,NA,NA,NA
"3788","MDA","AEXP",14.0913696453045,17.0373073111264,30.4955034169759,72.098493475761,90.8891358055794,148.89157379508,145.699481610909,147.721850732558,115.608320489714,104.502915218533,157.039965576891,NA,NA,NA,NA,NA,NA,NA,NA,NA,NA,NA,NA,NA,NA,NA,NA,NA,NA,NA,NA,17.2915527744605,17.0474682936645,24.594920782648,24.1984154937396,28.0862920387879,26.5490905777861,6.57206906393302,NA,NA,NA,NA,NA,NA,NA,NA,NA,NA,NA,NA,NA,NA,NA,NA,NA,NA,NA,NA
"3811","MDG","AEXP",4.21718357305007,9.13058081343214,13.1319236475832,14.5091663792436,9.88190958719258,9.76689592186309,11.6366141725765,NA,NA,NA,NA,NA,NA,NA,NA,NA,NA,NA,NA,NA,NA,NA,NA,NA,NA,NA,NA,14.6621475628104,19.3129812165826,6.01659699256074,9.6680549278108,8.41603626925933,15.8551304188449,16.4131808365064,15.8207669733109,15.0453062989613,14.6841803209306,14.2832788034457,NA,NA,NA,NA,NA,NA,NA,NA,NA,NA,NA,NA,NA,NA,NA,NA,NA,NA,NA,NA
"3859","MDV","AEXP",89.0256360961233,102.070690493601,107.148384975072,249.702962828325,456.281493582653,776.936970535633,556.362204524932,157.466643707639,319.858878624687,NA,NA,NA,NA,NA,NA,NA,NA,NA,NA,NA,NA,NA,NA,NA,NA,NA,NA,NA,NA,NA,NA,1126.10855820594,405.042130541211,111.519298203355,121.502304122603,130.264188516106,266.873075511816,256.343374026718,NA,NA,NA,NA,NA,NA,NA,NA,NA,NA,NA,NA,NA,NA,NA,NA,NA,NA,NA,NA
"3882","MEX","AEXP",518.246548813719,556.45992101087,555.454139250455,618.878867890042,660.856902987389,724.232508309132,774.426374399305,752.073915399931,723.604504215347,NA,NA,NA,NA,NA,NA,NA,NA,NA,NA,NA,NA,NA,NA,NA,NA,NA,NA,341.271366894245,390.241898958634,364.831103976837,395.272701196251,346.899943920414,458.99604183005,508.523946559063,496.89557919124,385.446852294289,421.972765386119,486.50345678849,NA,NA,NA,NA,NA,NA,NA,NA,NA,NA,NA,NA,NA,NA,NA,NA,NA,NA,NA,NA
"3935","MHL","AEXP",NA,NA,NA,NA,NA,NA,NA,NA,NA,NA,NA,NA,NA,NA,NA,NA,NA,NA,NA,NA,NA,NA,NA,NA,NA,NA,NA,NA,NA,NA,NA,NA,NA,NA,NA,NA,NA,NA,NA,NA,NA,NA,NA,NA,NA,NA,NA,NA,NA,NA,NA,NA,NA,NA,NA,NA,NA,NA
"3949","MKD","AEXP",NA,NA,NA,NA,NA,NA,NA,NA,NA,NA,NA,NA,NA,NA,NA,NA,NA,NA,NA,NA,NA,NA,NA,NA,NA,NA,NA,NA,NA,NA,NA,NA,NA,NA,NA,NA,NA,NA,NA,NA,NA,NA,NA,NA,NA,NA,NA,NA,NA,NA,NA,NA,NA,NA,NA,NA,NA,NA
"3977","MLI","AEXP",83.215298981605,95.1011498942409,117.269216533684,160.941056822811,100.827415661926,92.7876787249075,85.5495435134001,68.0185398998655,70.3396908358909,39.3831776891328,33.6503277763747,NA,NA,NA,NA,NA,NA,NA,NA,NA,NA,NA,NA,NA,NA,NA,NA,112.480115527746,98.6248707754615,92.0766464232572,111.131638950371,109.358321746727,46.4226623749878,50.137428083474,48.764080088179,65.2207998527007,71.8814820934033,117.105138707751,NA,NA,NA,NA,NA,NA,NA,NA,NA,NA,NA,NA,NA,NA,NA,NA,NA,NA,NA,NA
"4028","MLT","AEXP",NA,NA,NA,NA,NA,NA,NA,NA,23047.2159131257,NA,NA,NA,NA,NA,NA,NA,NA,NA,NA,NA,NA,NA,NA,NA,NA,NA,NA,NA,NA,NA,NA,NA,NA,NA,NA,NA,NA,NA,NA,NA,NA,NA,NA,NA,NA,NA,NA,NA,NA,NA,NA,NA,NA,NA,NA,NA,NA,NA
"4029","MMR","AEXP",3.18497568029803,4.41357993904559,5.03566404306246,5.64372146292069,5.93061698939638,6.63994157995505,6.56595159688989,6.71001374314596,6.15909440120753,NA,NA,NA,NA,NA,NA,NA,NA,NA,NA,NA,NA,NA,NA,NA,NA,NA,NA,NA,NA,NA,NA,NA,NA,NA,NA,NA,5.83548488278318,3.14110596784017,NA,NA,NA,NA,NA,NA,NA,NA,NA,NA,NA,NA,NA,NA,NA,NA,NA,NA,NA,NA
"4047","MNE","AEXP",NA,NA,NA,NA,NA,NA,NA,NA,NA,NA,NA,NA,NA,NA,NA,NA,NA,NA,NA,NA,NA,NA,NA,NA,NA,NA,NA,NA,NA,NA,NA,NA,NA,NA,NA,NA,NA,NA,NA,NA,NA,NA,NA,NA,NA,NA,NA,NA,NA,NA,NA,NA,NA,NA,NA,NA,NA,NA
"4065","MNG","AEXP",39.0625906478698,33.9065020105759,27.3002177449216,25.6634089224743,34.1062099361593,47.3321221970263,54.2202654678065,50.1218110669192,151.176228845412,271.119640653142,83.4810629663039,NA,NA,NA,NA,NA,NA,NA,NA,NA,NA,NA,NA,NA,NA,NA,NA,NA,7.9318569695553,18.2515603399316,14.0683464898732,23.2691162866999,19.8800501139225,20.1844022499446,20.0387792559068,17.5001328301004,26.1669105238029,33.7326754331921,NA,NA,NA,NA,NA,NA,NA,NA,NA,NA,NA,NA,NA,NA,NA,NA,NA,NA,NA,NA
"4102","MOZ","AEXP",NA,NA,NA,NA,12.9028874980878,12.3076654700703,13.360282325334,18.6581227922329,17.0472233897106,16.8956124554287,10.3914130457746,NA,NA,NA,NA,NA,NA,NA,NA,NA,NA,NA,NA,NA,NA,NA,NA,NA,NA,NA,NA,NA,NA,NA,NA,NA,NA,NA,NA,NA,NA,NA,NA,NA,NA,NA,NA,NA,NA,NA,NA,NA,NA,NA,NA,NA,NA,NA
"4136","MRT","AEXP",NA,NA,NA,NA,NA,NA,NA,NA,NA,NA,NA,NA,NA,NA,NA,NA,NA,NA,NA,NA,NA,NA,NA,NA,NA,NA,NA,NA,NA,NA,NA,NA,NA,NA,NA,NA,NA,NA,NA,NA,NA,NA,NA,NA,NA,NA,NA,NA,NA,NA,NA,NA,NA,NA,NA,NA,NA,NA
"4194","MUS","AEXP",854.145670875069,823.513352664173,1000.07490743143,936.297202793472,958.062169515068,873.606149546323,2567.11903372445,1623.84346735996,1786.23990365881,1332.79041631103,1322.46076260583,NA,NA,NA,NA,NA,NA,NA,NA,NA,NA,NA,NA,NA,NA,NA,NA,643.15762724678,632.380940270426,606.518621602831,647.220437875755,714.568852146172,739.994112885044,678.306125517223,754.968012060638,992.38194306558,819.18069707251,831.025476345711,NA,NA,NA,NA,NA,NA,NA,NA,NA,NA,NA,NA,NA,NA,NA,NA,NA,NA,NA,NA
"4236","MWI","AEXP",7.97501369463134,10.3285211450798,17.3026603152458,13.2004133525544,32.4085162951288,39.445210011943,52.487845108286,43.5196710477214,36.8707617429592,31.5548351061103,NA,NA,NA,NA,NA,NA,NA,NA,NA,NA,NA,NA,NA,NA,NA,NA,NA,17.9595728062985,13.407873107224,11.668630338385,14.3032663768765,12.2084471807456,7.61867107157568,8.89766048522236,10.1557531173179,12.8973860886838,6.61656456463036,11.4898156343196,NA,NA,NA,NA,NA,NA,NA,NA,NA,NA,NA,NA,NA,NA,NA,NA,NA,NA,NA,NA
"4287","MYS","AEXP",586.580548041214,696.119302997248,839.31672038639,771.647163542789,929.040140245066,1093.68343845793,1088.5948087688,1810.91866229218,1721.47129774941,2141.55973247882,2506.59034202804,NA,NA,NA,NA,NA,NA,NA,NA,NA,NA,NA,NA,NA,NA,NA,NA,540.534971460505,636.394640920519,623.665449833857,623.045220341268,592.511907025347,596.997703224415,575.455591516561,409.825476140676,452.95885169738,453.162408259794,602.427758567426,NA,NA,NA,NA,NA,NA,NA,NA,NA,NA,NA,NA,NA,NA,NA,NA,NA,NA,NA,NA
"4335","NAM","AEXP",643.290934635124,651.921409176289,649.947730966697,762.626914739212,773.461784434811,990.016010212997,1240.67520390592,1121.33961355863,912.414165564906,1258.88158725592,NA,NA,NA,NA,NA,NA,NA,NA,NA,NA,NA,NA,NA,NA,NA,NA,NA,NA,NA,528.559453157945,410.554320567557,527.65893491414,620.636664434516,696.730686770866,766.417955497718,789.092368529598,689.46043668865,665.522426678049,NA,NA,NA,NA,NA,NA,NA,NA,NA,NA,NA,NA,NA,NA,NA,NA,NA,NA,NA,NA
"4373","NER","AEXP",NA,NA,NA,NA,26.6188184511607,33.1734081966623,16.3895617748393,11.1298597691065,16.6742511443358,18.6004949710221,20.566625825221,NA,NA,NA,NA,NA,NA,NA,NA,NA,NA,NA,NA,NA,NA,NA,NA,NA,NA,NA,NA,NA,NA,NA,NA,NA,NA,NA,NA,NA,NA,NA,NA,NA,NA,NA,NA,NA,NA,NA,NA,NA,NA,NA,NA,NA,NA,NA
"4385","NGA","AEXP",22.2129391561387,7.69316426313,25.8341058553326,34.9594441405414,10.0935329443113,15.8617228219493,47.9096384865616,49.931840011205,53.4719912535375,28.456684801827,23.3285461694161,NA,NA,NA,NA,NA,NA,NA,NA,NA,NA,NA,NA,NA,NA,NA,NA,7.58206313893769,7.02310713355037,15.9741511057274,12.9360910684954,9.18789186742132,5.99915712702854,8.79915901967872,12.8365692740118,60.0977527382713,8.16480964969123,44.0205032442733,NA,NA,NA,NA,NA,NA,NA,NA,NA,NA,NA,NA,NA,NA,NA,NA,NA,NA,NA,NA
"4422","NIC","AEXP",NA,NA,NA,NA,NA,NA,NA,NA,NA,NA,NA,NA,NA,NA,NA,NA,NA,NA,NA,NA,NA,NA,NA,NA,NA,NA,NA,NA,NA,NA,NA,NA,NA,NA,NA,NA,NA,NA,NA,NA,NA,NA,NA,NA,NA,NA,NA,NA,NA,NA,NA,NA,NA,NA,NA,NA,NA,NA
"4480","NLD","AEXP",6979.27602011156,7646.28061146733,5296.54989789188,4730.57432241077,5210.64753741579,5336.19714043684,5926.58985551377,6550.02792747323,6065.35807952292,6573.36218101884,5367.10328612073,NA,NA,NA,NA,NA,NA,NA,NA,NA,NA,NA,NA,NA,NA,NA,NA,12207.8900858596,12190.7660974108,10937.3488590427,11939.3959448789,5285.78726371237,5651.26951544707,9536.60904856682,6077.7036844147,7468.37387543418,7805.47357113665,7613.3766716287,NA,NA,NA,NA,NA,NA,NA,NA,NA,NA,NA,NA,NA,NA,NA,NA,NA,NA,NA,NA
"4529","NOR","AEXP",31600.2092723259,31248.944988839,29479.1887095119,28487.3124086923,26519.4573951074,26689.3807267466,27530.0760449518,29663.9836883254,31028.5246173092,31286.8418829611,32606.1763766127,NA,NA,NA,NA,NA,NA,NA,NA,NA,NA,NA,NA,NA,NA,NA,NA,33065.0343289227,36573.8623857878,34216.5882625125,33225.2634945926,30608.2469338802,28385.9854276239,27621.5855719857,31322.6629765894,31769.8396796993,28842.4774799268,29472.168179101,NA,NA,NA,NA,NA,NA,NA,NA,NA,NA,NA,NA,NA,NA,NA,NA,NA,NA,NA,NA
"4577","NPL","AEXP",7.69878604001998,6.02883454659722,5.9272666549112,10.4906699100026,5.98742915948794,6.07525755381809,6.57008798549179,13.4302461723717,16.7198845444785,16.5613158962663,17.7336924801218,NA,NA,NA,NA,NA,NA,NA,NA,NA,NA,NA,NA,NA,NA,NA,NA,9.63087577174193,8.52997386677933,10.3777306514054,9.83850354908474,9.78241183304232,8.0479017548784,6.6963568086899,7.06828497756781,6.54189378532717,7.0166926565318,7.88403722798795,NA,NA,NA,NA,NA,NA,NA,NA,NA,NA,NA,NA,NA,NA,NA,NA,NA,NA,NA,NA
"4630","NZL","AEXP",1221.41558282064,1839.70611704385,1685.22373107236,1842.35509873973,4059.13777201558,4159.25196627758,4407.62381814741,4722.66725337187,4643.55669966022,5522.53693388839,5147.93608782035,NA,NA,NA,NA,NA,NA,NA,NA,NA,NA,NA,NA,NA,NA,NA,NA,2782.22911657535,2419.45341563364,1555.53186842848,1525.72902183833,1640.33807127087,1569.61182329857,1924.18490548926,2316.49638792867,1606.90290046535,1301.03137902181,1250.95892699336,NA,NA,NA,NA,NA,NA,NA,NA,NA,NA,NA,NA,NA,NA,NA,NA,NA,NA,NA,NA
"4671","OMN","AEXP",NA,NA,NA,NA,NA,NA,NA,NA,1932.81104090634,1460.33178713527,1288.54845958837,NA,NA,NA,NA,NA,NA,NA,NA,NA,NA,NA,NA,NA,NA,NA,NA,NA,NA,NA,NA,NA,NA,NA,NA,NA,NA,NA,NA,NA,NA,NA,NA,NA,NA,NA,NA,NA,NA,NA,NA,NA,NA,NA,NA,NA,NA,NA
"4691","PAK","AEXP",6.878705678408,7.73217384172107,17.9479041961836,2.57132194829986,32.7272732436926,42.793562254352,83.1544769148107,45.7742079674971,34.5964602600006,11.2169117879027,36.7620672844328,NA,NA,NA,NA,NA,NA,NA,NA,NA,NA,NA,NA,NA,NA,NA,NA,10.2637026886904,6.10146878637937,6.14602994328113,5.51631270116654,4.06685925447818,17.325625999155,11.4887960822953,5.74343233510811,6.38071214076271,6.09856889840178,4.60718843628795,NA,NA,NA,NA,NA,NA,NA,NA,NA,NA,NA,NA,NA,NA,NA,NA,NA,NA,NA,NA
"4749","PAN","AEXP",328.161632871246,291.578614605746,278.324160939405,284.944949259238,420.641101591757,542.703092790581,427.32156179754,279.734160431885,322.761587513097,339.659130057373,337.847446683042,NA,NA,NA,NA,NA,NA,NA,NA,NA,NA,NA,NA,NA,NA,NA,NA,207.453206848951,192.575379563285,200.420631724642,213.33179489155,174.372824709677,183.592889165142,239.783125398118,303.816355065797,292.677666657616,241.152140010967,353.359658004568,NA,NA,NA,NA,NA,NA,NA,NA,NA,NA,NA,NA,NA,NA,NA,NA,NA,NA,NA,NA
"4797","PER","AEXP",NA,NA,43.4301304425099,33.6155950137452,49.1243813249711,51.6900917187529,44.9691332884542,61.9306790181834,49.2942260020487,38.880838993552,NA,NA,NA,NA,NA,NA,NA,NA,NA,NA,NA,NA,NA,NA,NA,NA,NA,NA,NA,NA,NA,NA,NA,NA,NA,NA,NA,NA,NA,NA,NA,NA,NA,NA,NA,NA,NA,NA,NA,NA,NA,NA,NA,NA,NA,NA,NA,NA
"4855","PHL","AEXP",70.4678613810416,58.6508534497822,48.0123777410057,40.3737172801318,40.0147400847762,83.6550407308751,54.2563565457172,91.9135033650678,105.178564613424,61.7824782208742,96.3782813168309,NA,NA,NA,NA,NA,NA,NA,NA,NA,NA,NA,NA,NA,NA,NA,NA,76.4438984917589,84.3694427384094,80.8886862502392,71.3244736501178,69.0971275389746,80.994289293665,80.7767756063638,76.5605886568051,71.6280397605895,79.5749666547852,76.3619302342097,NA,NA,NA,NA,NA,NA,NA,NA,NA,NA,NA,NA,NA,NA,NA,NA,NA,NA,NA,NA
"4913","PLW","AEXP",NA,NA,NA,NA,NA,NA,NA,NA,NA,NA,NA,NA,NA,NA,NA,NA,NA,NA,NA,NA,NA,NA,NA,NA,NA,NA,NA,NA,NA,NA,NA,NA,NA,NA,NA,NA,NA,NA,NA,NA,NA,NA,NA,NA,NA,NA,NA,NA,NA,NA,NA,NA,NA,NA,NA,NA,NA,NA
"4931","PNG","AEXP",NA,NA,NA,NA,20.245243711964,19.7560881870168,NA,NA,NA,NA,NA,NA,NA,NA,NA,NA,NA,NA,NA,NA,NA,NA,NA,NA,NA,NA,NA,NA,NA,NA,NA,NA,NA,NA,NA,NA,NA,NA,NA,NA,NA,NA,NA,NA,NA,NA,NA,NA,NA,NA,NA,NA,NA,NA,NA,NA,NA,NA
"4941","POL","AEXP",471.554826514294,456.419101227167,705.094968427985,864.956808764209,1274.72791599457,1462.65282838875,1631.83339174767,1436.39195627092,1371.06650652633,1156.98518721138,905.782371274781,NA,NA,NA,NA,NA,NA,NA,NA,NA,NA,NA,NA,NA,NA,NA,NA,NA,NA,NA,NA,609.425427115023,718.352536397218,850.202648494228,870.30257705005,875.162807672249,840.745257042473,526.372531121985,NA,NA,NA,NA,NA,NA,NA,NA,NA,NA,NA,NA,NA,NA,NA,NA,NA,NA,NA,NA
"4963","PRI","AEXP",NA,NA,NA,NA,NA,NA,NA,NA,NA,NA,NA,NA,NA,NA,NA,NA,NA,NA,NA,NA,NA,NA,NA,NA,NA,NA,NA,NA,NA,NA,NA,NA,NA,NA,NA,NA,NA,NA,NA,NA,NA,NA,NA,NA,NA,NA,NA,NA,NA,NA,NA,NA,NA,NA,NA,NA,NA,NA
"4964","PRT","AEXP",1762.44128633558,1501.79794967425,1789.60354325085,1581.06081109134,1531.76790665541,1223.03978181669,1177.74577299099,1302.58353661784,1311.65272869435,1432.73333268319,1109.78702983395,NA,NA,NA,NA,NA,NA,NA,NA,NA,NA,NA,NA,NA,NA,NA,NA,NA,NA,NA,NA,2650.19662577027,2116.13348028517,1867.70800913534,1696.34379189916,2347.02869447926,2016.94411978129,1879.00034355737,NA,NA,NA,NA,NA,NA,NA,NA,NA,NA,NA,NA,NA,NA,NA,NA,NA,NA,NA,NA
"4987","PRY","AEXP",NA,NA,NA,NA,NA,NA,NA,NA,NA,NA,NA,NA,NA,NA,NA,NA,NA,NA,NA,NA,NA,NA,NA,NA,NA,NA,NA,44.6184422610702,154.962147036678,133.512287720462,NA,NA,NA,NA,NA,NA,NA,NA,NA,NA,NA,NA,NA,NA,NA,NA,NA,NA,NA,NA,NA,NA,NA,NA,NA,NA,NA,NA
"5043","PSE","AEXP",NA,NA,NA,217.754214897166,185.733260661356,176.534883794029,196.389471853927,175.670231449515,191.857891031492,168.584575366963,183.779075975984,NA,NA,NA,NA,NA,NA,NA,NA,NA,NA,NA,NA,NA,NA,NA,NA,NA,NA,NA,NA,NA,NA,NA,NA,NA,NA,NA,NA,NA,NA,NA,NA,NA,NA,NA,NA,NA,NA,NA,NA,NA,NA,NA,NA,NA,NA,NA
"5067","QAT","AEXP",NA,NA,48429.823633638,16052.688487647,NA,NA,NA,NA,NA,NA,NA,NA,NA,NA,NA,NA,NA,NA,NA,NA,NA,NA,NA,NA,NA,NA,NA,NA,NA,NA,NA,NA,NA,NA,NA,NA,NA,NA,NA,NA,NA,NA,NA,NA,NA,NA,NA,NA,NA,NA,NA,NA,NA,NA,NA,NA,NA,NA
"5085","ROU","AEXP",231.016675928412,254.539597929596,470.610621447044,446.504973952175,597.167903708725,598.869676558734,416.411903181038,281.225636793805,150.420038883577,170.120389671302,231.700674525215,NA,NA,NA,NA,NA,NA,NA,NA,NA,NA,NA,NA,NA,NA,NA,NA,345.628687271144,533.87519949466,443.587490613036,407.895107118721,392.176607087795,444.82231063984,235.44153670226,195.945298172345,139.161345259781,175.431553851573,169.858279363147,NA,NA,NA,NA,NA,NA,NA,NA,NA,NA,NA,NA,NA,NA,NA,NA,NA,NA,NA,NA
"5113","RUS","AEXP",204.736884127858,219.100934247992,213.613797365384,146.28929399297,166.668390064188,132.068643720098,248.504980065025,326.953187908625,133.601781633041,542.568905549613,512.491058707294,NA,NA,NA,NA,NA,NA,NA,NA,NA,NA,NA,NA,NA,NA,NA,NA,NA,NA,NA,NA,27.5353620929461,69.5886195783924,131.059084862698,200.233980394573,97.9944073540614,176.200044293548,231.641198408605,NA,NA,NA,NA,NA,NA,NA,NA,NA,NA,NA,NA,NA,NA,NA,NA,NA,NA,NA,NA
"5141","RWA","AEXP",NA,NA,NA,NA,8.93746549715812,7.45569409986135,13.1473728880591,16.8427889198757,19.5764501230415,21.6614596679968,21.2590621502015,NA,NA,NA,NA,NA,NA,NA,NA,NA,NA,NA,NA,NA,NA,NA,NA,NA,NA,NA,NA,NA,NA,NA,NA,NA,NA,NA,NA,NA,NA,NA,NA,NA,NA,NA,NA,NA,NA,NA,NA,NA,NA,NA,NA,NA,NA,NA
"5194","SAU","AEXP",NA,NA,NA,NA,NA,NA,NA,NA,NA,NA,NA,NA,NA,NA,NA,NA,NA,NA,NA,NA,NA,NA,NA,NA,NA,NA,NA,NA,NA,NA,NA,NA,NA,NA,NA,NA,NA,NA,NA,NA,NA,NA,NA,NA,NA,NA,NA,NA,NA,NA,NA,NA,NA,NA,NA,NA,NA,NA
"5244","SDN","AEXP",NA,NA,NA,NA,NA,NA,NA,NA,NA,NA,NA,NA,NA,NA,NA,NA,NA,NA,NA,NA,NA,NA,NA,NA,NA,NA,NA,14.5592365666306,7.75728561721862,3.13855561521096,2.01507468474825,1.00689350888494,0.793996607278214,0.574120309467982,0.477148585468803,0.439022841000408,NA,NA,NA,NA,NA,NA,NA,NA,NA,NA,NA,NA,NA,NA,NA,NA,NA,NA,NA,NA,NA,NA
"5297","SEN","AEXP",72.6659057649831,86.0930477918821,69.1838933037365,115.610904004657,123.492234211531,128.496875760369,78.0962843027381,107.098324001296,84.7132733380707,85.6025562791253,104.748170196308,NA,NA,NA,NA,NA,NA,NA,NA,NA,NA,NA,NA,NA,NA,NA,NA,42.1150736587951,54.6390153174917,51.562717665595,37.6160739325514,40.2532457934856,42.9313753343527,54.7494340750118,53.8726043456379,62.9099771018405,69.4245707919332,50.24293800358,NA,NA,NA,NA,NA,NA,NA,NA,NA,NA,NA,NA,NA,NA,NA,NA,NA,NA,NA,NA
"5355","SGP","AEXP",3213.99029502054,3368.19236019954,2720.36440843558,2000.68352874037,1489.99431706933,2602.45872648625,2119.83090473711,15808.9089019987,18283.4928827861,2286.73388612235,2092.74883355319,NA,NA,NA,NA,NA,NA,NA,NA,NA,NA,NA,NA,NA,NA,NA,NA,8632.74427653654,6120.87002280599,6746.60545054027,5038.56238461581,6481.44574818132,8194.50829209466,9753.03351385941,2871.18175119051,2854.33575149248,42812.8717109361,2428.22643470241,NA,NA,NA,NA,NA,NA,NA,NA,NA,NA,NA,NA,NA,NA,NA,NA,NA,NA,NA,NA
"5413","SLE","AEXP",5.947829313558,7.27336509672681,6.45593125484372,5.02576981358281,6.51735533896505,3.94058583522091,NA,NA,NA,NA,NA,NA,NA,NA,NA,NA,NA,NA,NA,NA,NA,NA,NA,NA,NA,NA,NA,2.25673056575241,1.954048258041,2.26528152011437,2.81756140439,2.9949345789269,2.51432048515812,3.09013422643362,3.55238489651804,2.49741024850852,3.11366295990176,4.73330195923889,NA,NA,NA,NA,NA,NA,NA,NA,NA,NA,NA,NA,NA,NA,NA,NA,NA,NA,NA,NA
"5467","SLV","AEXP",119.794762237994,64.5678516053302,100.218420678611,93.6976841994174,66.2546238862694,94.2216070440288,46.1552151798788,102.308923901279,113.822299363901,73.734980617893,91.970746439629,NA,NA,NA,NA,NA,NA,NA,NA,NA,NA,NA,NA,NA,NA,NA,NA,82.4561439853674,49.8802639937932,84.2057324397107,58.8100500880731,55.9562525277127,93.8294900891498,71.1487186353705,63.271137269843,49.0592299312768,185.548221473557,116.262044145227,NA,NA,NA,NA,NA,NA,NA,NA,NA,NA,NA,NA,NA,NA,NA,NA,NA,NA,NA,NA
"5520","SRB","AEXP",NA,NA,NA,NA,NA,NA,435.692629900562,264.326383501517,511.030263161776,469.148664336541,659.952780791156,NA,NA,NA,NA,NA,NA,NA,NA,NA,NA,NA,NA,NA,NA,NA,NA,NA,NA,NA,NA,NA,NA,NA,NA,NA,NA,NA,NA,NA,NA,NA,NA,NA,NA,NA,NA,NA,NA,NA,NA,NA,NA,NA,NA,NA,NA,NA
"5543","SSD","AEXP",NA,NA,NA,NA,NA,NA,NA,NA,NA,NA,NA,NA,NA,NA,NA,NA,NA,NA,NA,NA,NA,NA,NA,NA,NA,NA,NA,NA,NA,NA,NA,NA,NA,NA,NA,NA,NA,NA,NA,NA,NA,NA,NA,NA,NA,NA,NA,NA,NA,NA,NA,NA,NA,NA,NA,NA,NA,NA
"5552","STP","AEXP",NA,NA,NA,NA,NA,NA,NA,NA,NA,NA,NA,NA,NA,NA,NA,NA,NA,NA,NA,NA,NA,NA,NA,NA,NA,NA,NA,NA,NA,NA,NA,NA,NA,NA,NA,NA,NA,NA,NA,NA,NA,NA,NA,NA,NA,NA,NA,NA,NA,NA,NA,NA,NA,NA,NA,NA,NA,NA
"5569","SUR","AEXP",NA,NA,NA,NA,NA,NA,NA,NA,NA,NA,NA,NA,NA,NA,NA,NA,NA,NA,NA,NA,NA,NA,NA,NA,NA,NA,NA,NA,NA,NA,NA,NA,NA,NA,NA,NA,NA,NA,NA,NA,NA,NA,NA,NA,NA,NA,NA,NA,NA,NA,NA,NA,NA,NA,NA,NA,NA,NA
"5612","SVK","AEXP",3452.71648083686,3088.91707736989,4026.74526101745,5961.54087047468,6100.01114939556,6282.46085682919,7629.03681989148,11198.626846789,12149.0932421557,11940.8892733459,11740.6811477689,NA,NA,NA,NA,NA,NA,NA,NA,NA,NA,NA,NA,NA,NA,NA,NA,NA,NA,NA,NA,NA,2351.51392821723,2500.4139203136,2620.77872937052,2842.60978410446,4968.9207458466,3339.28736251412,NA,NA,NA,NA,NA,NA,NA,NA,NA,NA,NA,NA,NA,NA,NA,NA,NA,NA,NA,NA
"5635","SVN","AEXP",3748.09918023198,4830.58108341562,3440.61251772908,2842.16656856436,2990.34836554156,2720.52521775274,3581.59420859202,2936.45399960764,2312.13495079891,2340.86970464141,2216.2993272797,NA,NA,NA,NA,NA,NA,NA,NA,NA,NA,NA,NA,NA,NA,NA,NA,NA,NA,NA,NA,4229.879371287,4349.13079623988,4297.07953271199,4646.70325981821,2424.57724904558,3173.36081020568,3454.63769325728,NA,NA,NA,NA,NA,NA,NA,NA,NA,NA,NA,NA,NA,NA,NA,NA,NA,NA,NA,NA
"5658","SWE","AEXP",7511.82661678169,7722.54997322277,6824.97870187219,9968.90197861415,8043.67773801537,6579.79484660258,7741.82058603106,7814.02094280145,8315.16555879684,8258.31742754656,7775.85009819049,NA,NA,NA,NA,NA,NA,NA,NA,NA,NA,NA,NA,NA,NA,NA,NA,13177.2593514802,20342.5585153106,12379.4697699085,9377.87045270507,14593.3968487083,17494.0805138647,21166.2402046085,26715.3361056724,27241.0268018062,3151.50045489491,6133.4007920258,NA,NA,NA,NA,NA,NA,NA,NA,NA,NA,NA,NA,NA,NA,NA,NA,NA,NA,NA,NA
"5696","SWZ","AEXP",176.460982012434,149.01874376676,176.372111610765,267.085407657886,240.166382749363,318.559590605141,547.810784721919,485.811753854619,290.400693860426,154.226927706987,200.008615645907,NA,NA,NA,NA,NA,NA,NA,NA,NA,NA,NA,NA,NA,NA,NA,NA,334.572418687997,270.247055247932,207.124355179002,172.835140016076,163.641568082967,200.251230819974,191.21450707081,182.100454566505,253.993572555469,246.391476873874,172.263925510361,NA,NA,NA,NA,NA,NA,NA,NA,NA,NA,NA,NA,NA,NA,NA,NA,NA,NA,NA,NA
"5743","SYC","AEXP",NA,NA,NA,NA,NA,NA,NA,NA,NA,NA,NA,NA,NA,NA,NA,NA,NA,NA,NA,NA,NA,NA,NA,NA,NA,NA,NA,NA,NA,NA,NA,NA,NA,NA,NA,NA,NA,NA,NA,NA,NA,NA,NA,NA,NA,NA,NA,NA,NA,NA,NA,NA,NA,NA,NA,NA,NA,NA
"5783","TCA","AEXP",NA,NA,NA,NA,NA,NA,NA,NA,NA,NA,NA,NA,NA,NA,NA,NA,NA,NA,NA,NA,NA,NA,NA,NA,NA,NA,NA,NA,NA,NA,NA,NA,NA,NA,NA,NA,NA,NA,NA,NA,NA,NA,NA,NA,NA,NA,NA,NA,NA,NA,NA,NA,NA,NA,NA,NA,NA,NA
"5784","TCD","AEXP",NA,NA,NA,NA,NA,NA,NA,NA,NA,NA,NA,NA,NA,NA,NA,NA,NA,NA,NA,NA,NA,NA,NA,NA,NA,NA,NA,NA,NA,NA,NA,NA,NA,NA,NA,NA,NA,NA,NA,NA,NA,NA,NA,NA,NA,NA,NA,NA,NA,NA,NA,NA,NA,NA,NA,NA,NA,NA
"5795","TGO","AEXP",12.3076411546805,14.0870627348187,12.6851953354065,13.3784898126202,16.4488820601009,29.5767140121233,33.1414016506668,25.0183098069904,35.1635367192452,38.0066893318195,42.4472645619443,NA,NA,NA,NA,NA,NA,NA,NA,NA,NA,NA,NA,NA,NA,NA,NA,27.8486519509813,18.9217434273883,13.7074775345047,24.126602641474,27.1962109375779,16.89265543739,18.5580362503623,16.9256665350859,12.9402618243113,23.1977126094825,9.62267667663458,NA,NA,NA,NA,NA,NA,NA,NA,NA,NA,NA,NA,NA,NA,NA,NA,NA,NA,NA,NA
"5848","THA","AEXP",180.528981875788,140.873719729596,127.995880173324,116.94070670357,106.44195400898,158.214882266749,134.223010328437,140.607314373589,172.132354213816,209.92103844426,134.587974227826,NA,NA,NA,NA,NA,NA,NA,NA,NA,NA,NA,NA,NA,NA,NA,NA,80.8037875598509,107.40973495414,109.467967644617,128.31729806848,148.684741703098,151.954538153753,150.430921143187,106.157264134787,127.182912229557,133.534271782669,133.568514512462,NA,NA,NA,NA,NA,NA,NA,NA,NA,NA,NA,NA,NA,NA,NA,NA,NA,NA,NA,NA
"5906","TJK","AEXP",NA,NA,NA,NA,NA,NA,NA,NA,NA,NA,NA,NA,NA,NA,NA,NA,NA,NA,NA,NA,NA,NA,NA,NA,NA,NA,NA,NA,NA,NA,NA,NA,NA,NA,NA,NA,NA,NA,NA,NA,NA,NA,NA,NA,NA,NA,NA,NA,NA,NA,NA,NA,NA,NA,NA,NA,NA,NA
"5939","TKM","AEXP",NA,NA,NA,NA,NA,NA,NA,NA,NA,NA,NA,NA,NA,NA,NA,NA,NA,NA,NA,NA,NA,NA,NA,NA,NA,NA,NA,NA,NA,NA,NA,NA,NA,NA,NA,NA,NA,NA,NA,NA,NA,NA,NA,NA,NA,NA,NA,NA,NA,NA,NA,NA,NA,NA,NA,NA,NA,NA
"5940","TLS","AEXP",NA,NA,NA,NA,NA,NA,NA,NA,NA,NA,NA,NA,NA,NA,NA,NA,NA,NA,NA,NA,NA,NA,NA,NA,NA,NA,NA,NA,NA,NA,NA,NA,NA,NA,NA,NA,NA,NA,NA,NA,NA,NA,NA,NA,NA,NA,NA,NA,NA,NA,NA,NA,NA,NA,NA,NA,NA,NA
"5958","TON","AEXP",480.560004835198,456.999553132297,397.480417717091,359.444312684229,392.814458146004,185.923689467637,199.091575611079,235.15804404799,364.00499633764,179.244824165316,278.792019373223,NA,NA,NA,NA,NA,NA,NA,NA,NA,NA,NA,NA,NA,NA,NA,NA,252.137105041119,299.933190019738,348.166071477078,528.901244893449,43.258458287055,397.630356035438,395.363092726468,369.733491545053,307.674134640165,577.12335921692,608.839397888848,NA,NA,NA,NA,NA,NA,NA,NA,NA,NA,NA,NA,NA,NA,NA,NA,NA,NA,NA,NA
"6000","TTO","AEXP",2804.52148435623,2951.75974265832,3995.4218992805,5142.86723307389,5066.78862075929,6721.61191674913,4338.9894203062,5477.83650293319,NA,NA,NA,NA,NA,NA,NA,NA,NA,NA,NA,NA,NA,NA,NA,NA,NA,NA,NA,2302.34534712622,2250.59315184985,2136.74686246385,1471.19419635357,2062.60341422366,2185.01903924435,2244.04703039974,2631.81280472436,2494.83692838036,2471.9298177263,2175.53611910267,NA,NA,NA,NA,NA,NA,NA,NA,NA,NA,NA,NA,NA,NA,NA,NA,NA,NA,NA,NA
"6034","TUN","AEXP",1025.09047387688,970.397466300523,884.434421473682,783.981216004595,810.138542556641,795.323115600709,838.983897664211,890.463103796466,867.659941617867,1114.51059115741,1141.76950825682,NA,NA,NA,NA,NA,NA,NA,NA,NA,NA,NA,NA,NA,NA,NA,NA,550.589353792278,602.317332503122,644.838465159739,694.782227210144,640.212691027192,607.499996541432,601.812220708041,628.220343515149,684.169938496735,917.099395187498,1035.29958870633,NA,NA,NA,NA,NA,NA,NA,NA,NA,NA,NA,NA,NA,NA,NA,NA,NA,NA,NA,NA
"6087","TUR","AEXP",381.047171698809,420.047186192794,571.319153117893,772.171905262389,967.422733852202,1200.11545353971,1182.70067323684,1250.34054982976,1140.61596877484,1162.75433839093,1269.98377787745,NA,NA,NA,NA,NA,NA,NA,NA,NA,NA,NA,NA,NA,NA,NA,NA,75.7863504146596,75.6659882656032,80.515164224428,54.8125357888261,50.7485249954895,51.1137796306672,500.828091975596,266.7619554075,367.03437190942,408.344978617308,369.551257991726,NA,NA,NA,NA,NA,NA,NA,NA,NA,NA,NA,NA,NA,NA,NA,NA,NA,NA,NA,NA
"6137","TUV","AEXP",NA,NA,NA,NA,NA,NA,NA,NA,NA,NA,NA,NA,NA,NA,NA,NA,NA,NA,NA,NA,NA,NA,NA,NA,NA,NA,NA,NA,NA,NA,NA,NA,NA,NA,NA,NA,NA,NA,NA,NA,NA,NA,NA,NA,NA,NA,NA,NA,NA,NA,NA,NA,NA,NA,NA,NA,NA,NA
"6163","TZA","AEXP",9.29708600080726,14.8345810438338,20.5813285173572,15.7429492219377,12.7960495081471,9.910925790067,17.8276083506009,33.2315341222316,NA,NA,NA,NA,NA,NA,NA,NA,NA,NA,NA,NA,NA,NA,NA,NA,NA,NA,NA,7.87186244001392,9.02738812641877,10.2057232262217,10.8675988217606,11.538335863189,3.25822128569494,4.68159028405489,7.22895984066586,11.273348837867,11.1686738350263,9.47020698896215,NA,NA,NA,NA,NA,NA,NA,NA,NA,NA,NA,NA,NA,NA,NA,NA,NA,NA,NA,NA
"6191","UGA","AEXP",13.7454567351959,13.0822297183755,6.34716180718309,7.42647661287419,8.20105034408821,10.0370155975291,8.79042568382501,9.10104649493003,14.7316691541782,12.5752162247735,10.6745060223223,NA,NA,NA,NA,NA,NA,NA,NA,NA,NA,NA,NA,NA,NA,NA,NA,2.47155998128653,1.66426549258456,1.39911661077272,1.81294033890149,1.58977360344849,1.44768706798908,1.26887604931767,1.30313801305512,2.29415253012747,13.4853105670242,12.1564891256973,NA,NA,NA,NA,NA,NA,NA,NA,NA,NA,NA,NA,NA,NA,NA,NA,NA,NA,NA,NA
"6227","UKR","AEXP",101.10177109468,183.703668710327,180.74452543165,183.295679380621,238.849845893203,273.710596632134,316.429429714674,147.682200701019,149.175820550462,135.306137495113,126.785381594023,NA,NA,NA,NA,NA,NA,NA,NA,NA,NA,NA,NA,NA,NA,NA,NA,NA,NA,NA,NA,NA,NA,NA,NA,76.4558176921535,41.2498202107983,75.8110239269132,NA,NA,NA,NA,NA,NA,NA,NA,NA,NA,NA,NA,NA,NA,NA,NA,NA,NA,NA,NA
"6255","URY","AEXP",1018.24891750952,856.098725396956,796.920996608883,1046.6263670074,610.860666803104,535.275428499698,NA,NA,NA,NA,NA,NA,NA,NA,NA,NA,NA,NA,NA,NA,NA,NA,NA,NA,NA,NA,NA,622.303091201247,834.125017846443,668.401765940696,608.46848694509,621.918081040878,749.816289596331,927.866987262744,1025.50034142415,1177.54420943372,1083.36605254994,1037.9779652616,NA,NA,NA,NA,NA,NA,NA,NA,NA,NA,NA,NA,NA,NA,NA,NA,NA,NA,NA,NA
"6290","USA","AEXP",9200.09549669592,9499.35916517594,6445.69162134838,10598.9365197809,10758.7487635142,7474.80505930618,7820.30234232181,9761.61055891725,9198.48953625978,8624.49124080192,7187.33869999603,NA,NA,NA,NA,NA,NA,NA,NA,NA,NA,NA,NA,NA,NA,NA,NA,NA,NA,NA,NA,NA,NA,2782.68167750123,3603.90853876613,6727.97337839299,14117.1977658081,10510.8310337081,NA,NA,NA,NA,NA,NA,NA,NA,NA,NA,NA,NA,NA,NA,NA,NA,NA,NA,NA,NA
"6311","UZB","AEXP",NA,NA,NA,NA,NA,NA,NA,NA,NA,NA,NA,NA,NA,NA,NA,NA,NA,NA,NA,NA,NA,NA,NA,NA,NA,NA,NA,NA,NA,NA,NA,NA,NA,NA,NA,NA,NA,NA,NA,NA,NA,NA,NA,NA,NA,NA,NA,NA,NA,NA,NA,NA,NA,NA,NA,NA,NA,NA
"6342","VCT","AEXP",1118.54307263822,975.830159878681,1212.65468349198,1130.79475769385,1087.5426793094,994.349769305565,NA,NA,NA,NA,NA,NA,NA,NA,NA,NA,NA,NA,NA,NA,NA,NA,NA,NA,NA,NA,NA,649.633701609753,681.225654142514,1097.40665276459,776.902640445836,796.093370967827,838.523295680547,1920.17783287473,1080.33368145235,1092.30253446983,1017.4465409005,1282.81140965634,NA,NA,NA,NA,NA,NA,NA,NA,NA,NA,NA,NA,NA,NA,NA,NA,NA,NA,NA,NA
"6383","VEN","AEXP",299.407279963197,337.91660540083,462.572507517738,235.832354694272,731.076299792553,502.580941296781,1276.2608694059,1409.08856941182,NA,NA,NA,NA,NA,NA,NA,NA,NA,NA,NA,NA,NA,NA,NA,NA,NA,NA,NA,NA,NA,NA,NA,NA,NA,NA,NA,306.20972668507,285.68267079153,208.960895370092,NA,NA,NA,NA,NA,NA,NA,NA,NA,NA,NA,NA,NA,NA,NA,NA,NA,NA,NA,NA
"6438","VNM","AEXP",31.6071202746104,35.9553449749684,37.3973390763141,38.0532601789715,39.8233809115275,41.1524149489227,41.2158981722871,39.5396278554381,38.8380000145662,NA,NA,NA,NA,NA,NA,NA,NA,NA,NA,NA,NA,NA,NA,NA,NA,NA,NA,6.29319951118345,8.56996623108528,11.1347872157047,12.8958119852122,17.8486038358772,19.849979658468,21.041994703722,22.9814565832694,25.3563410530329,29.9266508384497,29.3073822897437,NA,NA,NA,NA,NA,NA,NA,NA,NA,NA,NA,NA,NA,NA,NA,NA,NA,NA,NA,NA
"6471","VUT","AEXP",56.4479689276761,57.6925229803301,55.4329605808604,55.4155056428934,54.4889484714277,53.4564576913262,NA,NA,NA,NA,NA,NA,NA,NA,NA,NA,NA,NA,NA,NA,NA,NA,NA,NA,NA,NA,NA,105.937661858728,88.939290711728,73.9099553008534,66.1900047885672,63.112143187731,42.9950424801297,58.2113566088081,72.0028377782755,66.1582232749446,58.1532751387693,54.6438671595207,NA,NA,NA,NA,NA,NA,NA,NA,NA,NA,NA,NA,NA,NA,NA,NA,NA,NA,NA,NA
"6507","WSM","AEXP",NA,NA,NA,NA,NA,NA,NA,NA,NA,NA,NA,NA,NA,NA,NA,NA,NA,NA,NA,NA,NA,NA,NA,NA,NA,NA,NA,NA,NA,NA,NA,NA,NA,NA,NA,NA,NA,NA,NA,NA,NA,NA,NA,NA,NA,NA,NA,NA,NA,NA,NA,NA,NA,NA,NA,NA,NA,NA
"6531","XKX","AEXP",NA,NA,NA,NA,NA,NA,NA,NA,NA,NA,NA,NA,NA,NA,NA,NA,NA,NA,NA,NA,NA,NA,NA,NA,NA,NA,NA,NA,NA,NA,NA,NA,NA,NA,NA,NA,NA,NA,NA,NA,NA,NA,NA,NA,NA,NA,NA,NA,NA,NA,NA,NA,NA,NA,NA,NA,NA,NA
"6543","YEM","AEXP",45.5281390789968,50.202415552762,63.5514969309517,69.1692286558727,66.4011450154927,61.2369738996525,NA,NA,NA,NA,NA,NA,NA,NA,NA,NA,NA,NA,NA,NA,NA,NA,NA,NA,NA,NA,NA,31.0496902546422,31.9985071185703,33.7825456538652,24.3839434617971,17.8020454859448,32.8707468927217,51.9192005438171,38.5466032169965,12.3285633999554,39.5037202953407,42.9090670316529,NA,NA,NA,NA,NA,NA,NA,NA,NA,NA,NA,NA,NA,NA,NA,NA,NA,NA,NA,NA
"6571","ZAF","AEXP",207.292614381851,286.471294875551,194.541200956595,521.277221694519,549.463590804269,742.408772569746,888.561835122618,627.054078824162,606.888505115813,770.791913917466,793.396877665633,NA,NA,NA,NA,NA,NA,NA,NA,NA,NA,NA,NA,NA,NA,NA,NA,NA,NA,NA,123.75604349626,114.433257150381,127.021205378656,140.020793841169,172.933737218474,152.867453283163,106.094517465939,167.136320237261,NA,NA,NA,NA,NA,NA,NA,NA,NA,NA,NA,NA,NA,NA,NA,NA,NA,NA,NA,NA
"6629","ZMB","AEXP",0.0546593208071554,0.054475443690972,0.0544209243711317,0.053084716757001,5.23228069186324e-05,5.0838452680506e-05,0.066171484605659,0.0523435870303025,0.0362349297821078,0.0498422673560738,NA,NA,NA,NA,NA,NA,NA,NA,NA,NA,NA,NA,NA,NA,NA,NA,NA,0.0231930372173984,0.0128540657845023,0.0155699933858323,0.0162591879354739,0.0148097669539184,0.0126860602868556,0.0229805584234425,0.0252112362381974,0.0236675172639129,0.0413728033949027,0.0500577221005797,NA,NA,NA,NA,NA,NA,NA,NA,NA,NA,NA,NA,NA,NA,NA,NA,NA,NA,NA,NA
"6682","ZWE","AEXP",1.09406945105145,1.12778714665072,1.23675710426525,1.40636491744475,1.57423321548052,1.76865622054506,NA,NA,NA,NA,NA,NA,NA,NA,NA,NA,NA,NA,NA,NA,NA,NA,NA,NA,NA,NA,NA,0.249355110709715,0.330596800163611,0.365153430011653,0.179146552780656,0.288147010031826,0.196063158737523,0.254839584162957,0.556573045012626,0.614743076046508,0.957071698951886,1.02844746020732,NA,NA,NA,NA,NA,NA,NA,NA,NA,NA,NA,NA,NA,NA,NA,NA,NA,NA,NA,NA
