"","ISO","Indicator","value.1992","value.2008","value.1993","value.1996","value.1991","value.1998","value.2015","value.2006","value.1990","value.1995","value.2005","value.2014","value.1994","value.2013","value.2016","value.2004","value.2002","value.2009","value.2010","value.1997","value.2011","value.2012","value.2000","value.2007","value.1999","value.2003","value.2001"
"1","AFG","SUSI",1.68392679410377,1.74025405483292,1.73770381107676,1.73770381107676,1.62960657493913,1.73824701326841,1.73824701326841,1.74107369031988,1.5752863557745,1.73770381107676,1.74145802031644,1.73834523607288,1.73770381107676,1.73852846476822,1.73824701326841,1.74180761974745,1.74234941070992,1.73984535744396,1.73945514569229,1.73770381107676,1.73909672362864,1.73878339530371,1.73824701326841,1.74066793380846,1.73824701326841,1.74210918456218,1.73816957021442
"28","ALB","SUSI",1.0983872906509,0.744597822289964,1.01779909269553,1.01481434462311,1.17897548860626,1.01481434462311,0.499833930933771,0.88908283384859,1.26254843463405,1.01481434462311,0.932052267037689,0.5128128582926,1.01481434462311,0.511824070458516,0.499975366681065,0.956177348347311,1.0023117608103,0.676269248066691,0.612662596124095,1.01481434462311,0.571511505747128,0.533919636017937,1.01481434462311,0.816104708567197,1.01481434462311,0.991945341148127,1.01414544097914
"55","DZA","SUSI",0.814269519578821,1.21419024699147,0.814269519578821,0.820127573676511,0.727863221637903,0.8259856277742,1.18543391176839,1.25728505396429,0.639992410172563,0.817198546627666,1.28352466780209,1.20365859141847,0.814269519578821,1.16940256026533,1.18543391176839,1.16737669857164,0.930365215067077,1.16598335308073,1.21266712462196,0.823056600725355,1.16533052611711,1.16212980371942,0.831843681871889,1.26202424029969,0.828914654823044,1.09786735365238,0.827281381463822
"82","AGO","SUSI",0.0710821257011926,0.0735443438960801,0.0710821257011926,0.0710821257011926,0.0710821257011926,0.0710821257011926,0.0710821257011926,0.0745498643819769,0.0710821257011926,0.0710821257011926,0.0745851858386124,0.0712026244395316,0.0710821257011926,0.0714274075409193,0.0710821257011926,0.0745729131551431,0.0734597340806937,0.0730429580926668,0.0725642502812295,0.0710821257011926,0.0721245417359828,0.0717401537311412,0.0710821257011926,0.0740520864172549,0.0710821257011926,0.0749385679837063,0.0736557840079825
"109","ARG","SUSI",0.491927936515989,0.622075840318071,0.495174985601903,0.503942018133871,0.486083248161344,0.50589024758542,0.66024121449861,0.587092910819952,0.481537379441064,0.503292608316688,0.569607125837013,0.662638513232025,0.499396149413591,0.667110528886941,0.66024121449861,0.549277490251045,0.5155033044311,0.63851151528176,0.657579462645652,0.504916132859645,0.68011422439548,0.673332552918344,0.50816318194556,0.605027999703208,0.506539657402603,0.52751355498112,0.507554438141693
"136","ARM","SUSI",1.5047661670254,2.35137208621932,1.5102182183552,1.4993141156956,NA,1.55383462899362,3.08731493302265,2.05082780040157,NA,1.52657437234461,1.90990151527304,3.05129855368081,1.5047661670254,2.98411217844727,3.08731493302265,1.78171024856248,1.58304611008843,2.50123341706195,2.64431642662936,1.55383462899362,2.77574277999824,2.89063414224531,1.4938620643658,2.19961076902476,1.4938620643658,1.67113233519318,1.52232990817154
"163","AUS","SUSI",0.358289698708708,0.34556270208656,0.364870176500361,0.413877419001359,0.348418982021228,0.409548157296324,0.263748003758184,0.378974182591196,0.317248297744975,0.415609123683373,0.39448594039821,0.267751941324168,0.416994487428984,0.275221044455458,0.263748003758184,0.408731354270193,0.430808153624034,0.328902631773715,0.312996106811183,0.412145714319345,0.298385451241964,0.285612989109056,0.412838396192151,0.36243399370672,0.389806723921364,0.421019462356391,0.430850147152504
"190","AUT","SUSI",0.176576659723969,0.220515799228055,0.189496903118406,0.206723894310988,0.163656416329532,0.204570520411915,0.17534616035307,0.235488967288822,0.150736172935095,0.206723894310988,0.24276545215159,0.188200544727362,0.202417146512842,0.202215947140904,0.165090064181475,0.216636274490359,0.18066206989971,0.215023170921804,0.209778977612731,0.20736990648071,0.206713829241261,0.204182729816889,0.204570520411915,0.226078064703277,0.204570520411915,0.188805801330544,0.193001045941024
"217","AZE","SUSI",1.75939666551614,2.21538573634921,1.77685347155244,1.81176708362505,NA,1.79555719230562,2.58732953730538,2.06568525495564,NA,1.81301399834193,1.99512758282595,2.57697987958632,1.79555719230562,2.53684215945053,2.59508521315788,1.92690350730298,1.82253411351648,2.27680029377409,2.34963672129645,1.80802633947441,2.41405383468172,2.47695662729703,1.78308804513683,2.14017653888485,1.79555719230562,1.86642087901161,1.79731122366833
"244","BHS","SUSI",0,0,0,0,0,0,0,0,0,0,0,0,0,0,0,0,0,0,0,0,0,0,0,0,0,0,0
"271","BHR","SUSI",4.3677035692,8.7354071384,4.3677035692,10.919258923,4.3677035692,8.7354071384,8.7354071384,8.7354071384,4.3677035692,8.7354071384,8.7354071384,8.7354071384,6.5515553538,8.7354071384,8.7354071384,8.7354071384,8.7354071384,8.7354071384,8.7354071384,10.919258923,8.7354071384,8.7354071384,8.7354071384,8.7354071384,8.7354071384,8.7354071384,8.7354071384
"298","BGD","SUSI",0.561442105263559,0.797107620935504,0.588970879457127,0.685321589134615,0.561442105263559,0.697274872666033,0.758309062818878,0.824179657545309,0.505297894737203,0.679344947368906,0.82788099599085,0.763683943666815,0.595490852292446,0.773710458493797,0.758309062818878,0.83478620963779,0.821440135002242,0.784261823791904,0.77645342108085,0.691298230900324,0.770272821620223,0.759018388821929,0.758309062818878,0.811019264976037,0.721724770798478,0.833019345210366,0.797273961099014
"325","BRB","SUSI",0,0,0,0,0,0,0,0,0,0,0,0,0,0,0,0,0,0,0,0,0,0,0,0,0,0,0
"352","BLR","SUSI",0.656880635806894,1.05081582936714,0.66193356377464,0.66193356377464,NA,0.656880635806894,0.694777595564985,1.26774549958255,NA,0.66193356377464,1.10231041482628,0.682614236022545,0.66193356377464,0.659924225164913,0.694777595564985,0.941709476600031,0.722941064091573,0.847846464364914,1.00064940693587,0.66193356377464,0.581947093147934,0.628355061789158,0.631615995968168,1.19769467785112,0.631615995968168,0.803174948547443,0.643567178407178
"379","BEL","SUSI",NA,0,NA,NA,NA,NA,0,0,NA,NA,0,0,NA,0,0,0,0,0,0,NA,0,0,0,0,NA,0,0
"406","BLZ","SUSI",0,0,0,0,0,0,0,0,0,0,0,0,0,0,0,0,0,0,0,0,0,0,0,0,0,0,0
"433","BEN","SUSI",0.101358496063799,0.167669758153215,0.101358496063799,0.101358496063799,0.101358496063799,0.111494345670179,0.111494345670179,0.165748407812366,0.101358496063799,0.101358496063799,0.157592147251124,0.114243519705175,0.101358496063799,0.119371937432691,0.111494345670179,0.146888861907693,0.118078442232642,0.156230660522321,0.14530896039754,0.111494345670179,0.135277027016154,0.126507229615444,0.111494345670179,0.167563413353837,0.111494345670179,0.13366547818799,0.110455091908677
"460","BTN","SUSI",1.46854451084985,1.42299264177445,1.46854451084985,1.46854451084985,1.46854451084985,1.46854451084985,1.46854451084985,1.37521614080225,1.46854451084985,1.46854451084985,1.39883055662166,1.47592075749337,1.46854451084985,1.47613814723994,1.46854451084985,1.42031101978549,1.45360032113939,1.4441595499203,1.50729601383463,1.46854451084985,1.48592027636556,1.47681985616409,1.46854451084985,1.40029577756345,1.46854451084985,1.43884008854199,1.46377427582593
"487","BIH","SUSI",0.0634439125835513,0.0951658688753269,0.0634439125835513,0.0634439125835513,NA,0.0634439125835513,0.0951658688753269,0.0951658688753269,NA,0.0634439125835513,0.0951658688753269,0.0951658688753269,0.0634439125835513,0.0951658688753269,0.0951658688753269,0.0951658688753269,0.0951658688753269,0.0951658688753269,0.0951658688753269,0.0634439125835513,0.0951658688753269,0.0951658688753269,0.0951658688753269,0.0951658688753269,0.0951658688753269,0.0951658688753269,0.0951658688753269
"514","BWA","SUSI",Inf,Inf,Inf,Inf,Inf,Inf,Inf,Inf,Inf,Inf,Inf,Inf,Inf,Inf,Inf,Inf,Inf,Inf,Inf,Inf,Inf,Inf,Inf,Inf,Inf,Inf,Inf
"541","BRA","SUSI",0.22275234821246,0.355782237540182,0.229496600970535,0.249737359544594,0.216008095454384,0.275050308211915,0.425599462289901,0.341656593603944,0.216008095454384,0.242993106786518,0.344143912808577,0.411521594843828,0.236248854028443,0.399237630584999,0.442068907997427,0.337968619092805,0.321938683645154,0.361974051831725,0.367925061208414,0.262393833878255,0.377905661325714,0.388193202199553,0.300363256879236,0.349066088400394,0.287706782545576,0.330606422550854,0.311878610155502
"568","BGR","SUSI",0.201540211070775,0.0673845126966135,0.17237634867654,0.126756899121312,0.201540211070775,0.112908137649189,0.109135760089815,0.0472703240479986,0.205776302815189,0.12854909178241,0.0412346616803448,0.107092491688416,0.136206642243466,0.103729945568322,0.109135760089815,0.0359814427159193,0.122498272619761,0.0831450907239709,0.100439238386534,0.115514963338059,0.103389293581935,0.104793578010396,0.101340348654828,0.0534493317906212,0.105576440399242,0.0310467895000046,0.106713105117209
"595","BFA","SUSI",0.232691690924149,0.308228900566495,0.232691690924149,0.242387178045989,0.21330071668047,0.242387178045989,0.242387178045989,0.313879825308878,0.193909742436791,0.242387178045989,0.307644280750425,0.248961511349836,0.232691690924149,0.261225532118564,0.242387178045989,0.297165412830362,0.263185936440067,0.304903790258905,0.293864488601869,0.242387178045989,0.295451950507237,0.278288762176976,0.242387178045989,0.308834641066524,0.242387178045989,0.282321707395525,0.240025158105454
"622","BDI","SUSI",0.638610823914371,0.777817635668343,0.638610823914371,0.638610823914371,0.532175686595309,0.745045961233433,0.745045961233433,0.791200929671232,0.532175686595309,0.638610823914371,0.797476403854606,0.746649777430903,0.638610823914371,0.749641599452381,0.745045961233433,0.803184785254446,0.812031336989058,0.771144282206061,0.764772768674707,0.638610823914371,0.758920328252899,0.753804194119251,0.745045961233433,0.784575595882939,0.745045961233433,0.808108840692135,0.779311778315877
"649","KHM","SUSI",0.503382258632899,0.610357764894406,0.520807029124038,0.522743114734165,0.484021402531634,0.532423542784797,0.545976142055683,0.635930548859846,0.464660546430368,0.522743114734165,0.641645326383068,0.549126920626158,0.522743114734165,0.555004507301504,0.545976142055683,0.559485442120397,0.545503141369418,0.597247622276228,0.584730459569081,0.532423542784797,0.573233042411733,0.563182136442951,0.545976142055683,0.623634121784847,0.54210397083543,0.567683372282951,0.547850350081976
"676","CMR","SUSI",0.385235270655053,0.439578524239504,0.385235270655053,0.385235270655053,0.385235270655053,0.417338209876307,0.417338209876307,0.433189952457836,0.353132331433799,0.385235270655053,0.421683986914886,0.418426630807723,0.385235270655053,0.420457014162366,0.417338209876307,0.40953926811095,0.414921862589175,0.435049690073503,0.430725697895803,0.417338209876307,0.426753971793391,0.42328193585325,0.417338209876307,0.444164776306822,0.417338209876307,0.412535259589266,0.41656690379131
"703","CAN","SUSI",0.179964461146213,0.307331074416291,0.18167028542248,0.186787758251283,0.178258636869946,0.190199406803818,0.399016457961919,0.278864530893524,0.176552812593678,0.185081933975015,0.26087568080219,0.394554950344036,0.183376109698748,0.386232277982182,0.46518162357997,0.24190268207163,0.21141654735916,0.320340534047225,0.337734962613212,0.18849358252755,0.356761549585053,0.374652741720044,0.19531687963262,0.293454448156537,0.191905231080085,0.225100962840409,0.201336417416826
"730","CAF","SUSI",0,0,0,0,0,0,0,0,0,0,0,0,0,0,0,0,0,0,0,0,0,0,0,0,0,0,0
"757","TCD","SUSI",0.533421065337416,0.825244370292482,0.533421065337416,0.592690072597128,0.474152058077703,0.651959079856841,0.770497094376267,0.847602058817041,0.474152058077703,0.592690072597128,0.858085658527658,0.773176376695398,0.533421065337416,0.778174415658203,0.770497094376267,0.867621891781554,0.882400648652333,0.814096086611962,0.803452046741564,0.592690072597128,0.793675153247997,0.785128308697973,0.770497094376267,0.836533995216412,0.711228087116554,0.875847856012016,0.827789542660076
"784","CHL","SUSI",0.775725590413183,0.77898260946896,0.775725590413183,0.775725590413183,0.810985844522873,0.775725590413183,0.775725590413183,0.773282866431863,0.810985844522873,0.775725590413183,0.773900936797792,0.775884985989002,0.775725590413183,0.776182328785899,0.775725590413183,0.774463154293645,0.775334449642498,0.778319376974211,0.777686142898028,0.775725590413183,0.777104497000913,0.77659602904337,0.775725590413183,0.778951859404999,0.775725590413183,0.774948123661265,0.775600736979189
"811","CHN","SUSI",2.49957676730122,2.76925052783415,2.51568580078142,2.64321977968773,2.49169573246014,2.66582199281687,2.73481260383365,2.86785256381053,2.48609474543472,2.54651601254968,2.90071634435474,2.70227871841621,2.53055567784007,2.7151474164168,2.78304913333268,2.93971471701088,2.82668615410669,2.73056058668163,2.75646857387484,2.65397565742681,2.7496039895285,2.69493774080974,2.68654068818524,2.83019370088916,2.67667700306968,2.96684199980234,2.76317541024588
"838","COL","SUSI",0.830205573281063,1.1446638780192,0.884373446903928,0.994920127766919,0.773826766040937,0.994920127766919,1.28435143766275,1.13092589837403,0.718553425609442,0.994920127766919,1.01203569974773,1.28255694807334,0.939646787335424,1.27920943638254,1.28435143766275,1.00676200070811,0.998589097021583,1.15151408948508,1.21595718470357,0.994920127766919,1.26533539847111,1.27455196203703,0.994920127766919,1.13772681754283,0.994920127766919,1.00221290270398,0.996091274947152
"865","CRI","SUSI",0.607827584046064,0.961888847058575,0.638603664250928,0.738625924916736,0.600133563994848,0.792484065275248,1.12268575913994,0.898470078284685,0.592439543943632,0.707849844711872,0.868732791926332,1.11504839474105,0.65399170435336,1.10080135382035,1.12268575913994,0.841682760746304,0.811581176749746,0.993511544735215,1.02370392811239,0.792484065275248,1.05143660482064,1.07568018249053,0.792484065275248,0.929865227451916,0.792484065275248,0.830443210273372,0.79857992672885
"892","HRV","SUSI",0.0179447670907586,0.0831586064703502,0.0179447670907586,0.0179447670907586,NA,0.0269171506361379,0.0538343012722757,0.0821580856337064,NA,0.0269171506361379,0.0878327656571946,0.0562899608437818,0.0179447670907586,0.0619867279157257,0.0571622398963801,0.0924624580091837,0.0428988668839496,0.0907537271849247,0.0910517319936458,0.0179447670907586,0.0799014823076211,0.0677627594939279,0.0269171506361379,0.0756649971900645,0.0269171506361379,0.0901119569389983,0.0353882442987635
"919","CUB","SUSI",0.892694634102183,1.13660960526183,0.889668550596752,0.882607689084079,0.894712023105804,0.847303381520716,1.48649031034533,1.07707969187297,0.897738106611235,0.8846250780877,1.02125620234995,1.46565915416831,0.887651161593131,1.42679989343656,1.48649031034533,0.966432831665804,0.880644565782882,1.16800373287627,1.13074884271641,0.877564216575027,1.25064951738244,1.36685091389696,0.817042546466405,1.09469239828883,0.847303381520716,0.917672956077835,0.830477363775701
"946","CYP","SUSI",0.281531163598734,0.336813913234275,0.281531163598734,0.296348593261825,0.274122448767189,0.296348593261825,0.333392167419554,0.33453507591378,0.266713733935643,0.296348593261825,0.331499854942472,0.333559624574426,0.296348593261825,0.333872005758998,0.333392167419554,0.332082919680492,0.318187121975704,0.336117137141095,0.335451876664318,0.296348593261825,0.334840813486603,0.33430662929061,0.311166022924917,0.336052047073106,0.296348593261825,0.332585871899812,0.311045172080481
"973","COD","SUSI",NA,NA,NA,NA,NA,NA,NA,NA,NA,NA,NA,NA,NA,NA,NA,NA,NA,NA,NA,NA,NA,NA,NA,NA,NA,NA,NA
"1000","DNK","SUSI",0.248892151414026,0.351006324205374,0.254485233468274,0.269027246809318,0.243858377565203,0.258400390906247,0.222231793622111,0.323338381698577,0.23882460371638,0.269027246809318,0.305067696256194,0.331460540369393,0.260078315522521,0.434439878351484,0.309901216794137,0.288448069134162,0.262106778155717,0.369829605731202,0.387801498517062,0.266230705782194,0.404309260962954,0.418740151468881,0.250010767824875,0.331944395539577,0.250010767824875,0.27411196235179,0.253685101500708
"1027","DJI","SUSI",NA,NA,NA,NA,NA,NA,NA,NA,NA,NA,NA,NA,NA,NA,NA,NA,NA,NA,NA,NA,NA,NA,NA,NA,NA,NA,NA
"1054","DOM","SUSI",0.917377139611587,1.34435013896077,0.917377139611587,1.03304643112783,0.897434158315683,1.0609666049421,1.50549956841629,1.27101590568573,0.897434158315683,1.03304643112783,1.22599751069129,1.49914819059451,0.997149064795204,1.48730007977987,1.50549956841629,1.20464318030187,1.11095197261784,1.39986226881871,1.4273781431091,1.04900081616455,1.45055477666413,1.4708155153454,1.09686397127472,1.31819772012871,1.07692098997882,1.12486655619084,1.10136090812617
"1081","ECU","SUSI",1.34479139089929,1.64452581351783,1.3544894057375,1.38519978605852,1.33509337606107,1.39004879347763,1.37873444283304,1.57168191296321,1.32539536122286,1.37388543541394,1.51319397947008,1.40237167952521,1.36580375638209,1.44646551357808,1.37873444283304,1.43823049844885,1.318635616199,1.66345008393897,1.66947051184517,1.39489780089674,1.58321653854363,1.50781433618608,1.37873444283304,1.61482587143808,1.38519978605852,1.34642828350306,1.3552788879304
"1108","EGY","SUSI",1.41819570517312,1.66027755591388,1.56314541901254,1.58192627894523,1.2727644308226,1.58337096047851,1.6479523082346,1.66256579593327,1.27517223337807,1.58096315792304,1.65086757693505,1.62531026830403,1.57229506872334,1.63130206001521,1.64791681191125,1.6377907467663,1.64064956728971,1.65203664039119,1.63976518280543,1.58240783945632,1.62849345371689,1.62405623197012,1.58481564201179,1.65001756637216,1.5838525209896,1.63348831644567,1.60519141310277
"1135","SLV","SUSI",1.27810231173337,1.93154019468104,1.27810231173337,1.33754893088376,1.18893238300779,1.33754893088376,2.45217303995357,1.72335524568877,1.18893238300779,1.27810231173337,1.6257365822651,2.42711386166053,1.27810231173337,2.38036748163547,2.45217303995357,1.53693937805681,1.39932610278764,2.03534810249901,2.13446071403112,1.33754893088376,2.22549884040207,2.31532810737092,1.33754893088376,1.82641617945252,1.33754893088376,1.46034282193922,1.35726840947739
"1162","ERI","SUSI",NA,0.196626704123158,0.14675727034942,0.14675727034942,NA,0.14675727034942,0.24515134933369,0.176810213069939,NA,0.14675727034942,0.167518189896668,0.242776596950509,0.14675727034942,0.238346640147002,0.24515134933369,0.159065854551283,0.14596686612116,0.206507862614614,0.215942090156972,0.14675727034942,0.224607732055987,0.232183133617412,0.140086485333537,0.186620269376851,0.14675727034942,0.151774861728032,0.141963522424913
"1189","EST","SUSI",0,0,0,0,NA,0,0,0,NA,0,0,0,0,0,0,0,0,0,0,0,0,0,0,0,0,0,0
"1216","ETH","SUSI",NA,1.31632703342181,0.848605500989713,0.848605500989713,NA,0.848605500989713,1.57958251669372,1.23270178620782,NA,0.848605500989713,1.17608263304168,1.4924273669023,0.848605500989713,1.45258151678639,1.57958251669372,1.10845589984368,0.939879768053367,1.34409354358511,1.37133392957133,0.848605500989713,1.39617694259217,1.42196735386798,0.848605500989713,1.27903620643314,0.848605500989713,1.02961703213586,0.842982976193386
"1243","FJI","SUSI",0,0,0,0,0,0,0,0,0,0,0,0,0,0,0,0,0,0,0,0,0,0,0,0,0,0,0
"1270","FIN","SUSI",0,0,0,0,0,0,0,0,0,0,0,0,0,0,0,0,0,0,0,0,0,0,0,0,0,0,0
"1297","FRA","SUSI",0.222311204195567,0.218879914863332,0.23881163579586,0.257386971968645,0.207490457249196,0.264797345441831,0.190964362017827,0.235013033912905,0.194645809895674,0.24800049890261,0.242696087872091,0.19296817803642,0.243554274818699,0.195385533340525,0.190964362017826,0.250283416867451,0.259613218275038,0.213222655090221,0.207763803350786,0.266674640055038,0.202778772644348,0.198553717372784,0.260252316378277,0.226764030482729,0.263315270747194,0.256982568142695,0.260841317961524
"1324","GUF","SUSI",2.31937441038189,4.43516159016947,2.48504401112345,3.14772241408971,1.90520040852798,3.56189641594362,3.97607041779753,4.62264520948187,1.65669600741564,2.89921801297736,4.71055694575147,3.99853792582272,2.7335484122358,4.04044970186262,3.97607041779753,4.63084025726167,4.34110085641749,4.34167605067601,4.25241892032392,3.31339201483127,4.17043337088789,4.09876257414257,3.97607041779753,4.52983236702964,3.72756601668518,4.45454571159048,4.12694116125866
"1351","GAB","SUSI",0.275206288441674,0.275206288441674,0.275206288441674,0.275206288441674,0.275206288441674,0.275206288441674,0.275206288441674,0.275206288441674,0.275206288441674,0.275206288441674,0.275206288441674,0.275206288441674,0.275206288441674,0.275206288441674,0.275206288441674,0.275206288441674,0.275206288441674,0.275206288441674,0.275206288441674,0.275206288441674,0.275206288441674,0.275206288441674,0.275206288441674,0.275206288441674,0.275206288441674,0.275206288441674,0.275206288441674
"1378","GMB","SUSI",0.437455978258088,0.370258638853452,0.437455978258088,0.437455978258088,0.437455978258088,0.437455978258088,0.437455978258088,0.432140714477583,0.218727989129044,0.437455978258088,0.368925951959664,0.452287524990541,0.437455978258088,0.47995487751931,0.437455978258088,0.390041619860259,0.422765580543534,0.543043499609012,0.619882784340372,0.437455978258088,0.56576140574854,0.518449137290081,0.437455978258088,0.401506297686488,0.437455978258088,0.408256015862124,0.432766754482764
"1405","GEO","SUSI",1.30911932037197,1.29723688067287,1.33821086082468,1.36439324723212,NA,1.36439324723212,1.32948339868887,1.28406805000983,NA,1.36439324723212,1.27789313844969,1.32790528317302,1.36439324723212,1.32496140421719,1.32948339868887,1.27227623217847,1.2839986958054,1.3038032956138,1.31007270751968,1.36439324723212,1.31583136430953,1.32086551390236,1.32948339868887,1.29058721477788,1.36439324723212,1.26743108327713,1.2871193790563
"1432","DEU","SUSI",0.113667265552515,0.0754070710158352,0.114374738159688,0.114374738159688,0.113667265552515,0.114374738159688,0.0211805070666089,0.0847206762955744,0.113667265552515,0.114374738159688,0.0930161560952413,0.0245409977148561,0.114374738159688,0.0306831836557962,0.0210683749703739,0.0994252884893408,0.111062485972509,0.0680081376736249,0.0574087521795225,0.114374738159688,0.047327208551781,0.0382467449973301,0.114374738159688,0.0812962881144179,0.114374738159688,0.106527063960349,0.114226436920877
"1459","GHA","SUSI",0.0539273752124172,0.282748021174616,0.0539273752124172,0.0539273752124172,0.0539273752124172,0.152794229768515,0.278624771930822,0.282201683020355,0.0539273752124172,0.0539273752124172,0.285844960565875,0.279640526690378,0.0539273752124172,0.265894502606142,0.278624771930822,0.280396613611118,0.276458888011543,0.278756349470743,0.274945223562652,0.089878958687362,0.271444581649651,0.268384361931045,0.278624771930822,0.286790300474966,0.215709500849669,0.283168686734123,0.277933414585281
"1486","GRC","SUSI",1.164198852688,1.19242440504592,1.11362077995679,1.12897483775019,1.08562220398058,1.1669083922986,1.12185100652399,1.32895147776277,1.02110806585219,1.11569809365825,1.36875212390306,1.12772803625066,1.11362077995679,1.13869127941086,1.12185100652399,1.36106953225919,1.30028733326209,1.1005116613541,1.02243187313933,1.1533606942456,1.06385417834734,1.10492091128077,1.19337156249546,1.28740130930213,1.1804560903516,1.34551094474081,1.24939950542091
"1513","GLP","SUSI",2.87270388369456,8.94980421566691,2.87270388369456,2.87270388369456,2.87270388369456,5.74540776738912,8.61811165108369,10.0636735025038,2.87270388369456,2.87270388369456,10.9785322508472,8.63434438611574,2.87270388369456,8.6646255705896,8.61811165108369,10.4813067469688,9.58212559389817,8.88226107780646,8.81777295811368,4.30905582554184,8.75853854284339,8.70675651825042,8.61811165108369,9.15694528060082,7.1817597092364,10.1108272655097,9.18001924330269
"1540","GTM","SUSI",0.792383788706223,1.70879516285526,0.805061929325523,0.824079140254472,0.760688437157974,0.919165194899219,1.46349840627132,1.79249896274984,0.741671226229025,0.817740069944822,1.8315624312118,1.47884808414051,0.811400999635172,1.50748197893724,1.46349840627132,1.86454974337579,1.55665441562341,1.66258946008282,1.61807898962588,0.824079140254472,1.58211788658042,1.5450320760393,1.14103265573696,1.75463851623484,1.01425124954397,1.90866292507945,1.26063501018624
"1567","GIN","SUSI",0.0211023242982223,0.0222746756481236,0.0218057351081631,0.0220402053781433,0.0211023242982223,0.0220402053781433,0.0222746756481236,0.0222746756481236,0.0211023242982223,0.0218057351081631,0.0222746756481236,0.0222746756481236,0.0218057351081631,0.0222746756481236,0.0222746756481236,0.0222746756481236,0.0222746756481236,0.0222746756481236,0.0222746756481236,0.0220402053781433,0.0222746756481236,0.0222746756481236,0.0222746756481236,0.0222746756481236,0.0222746756481236,0.0222746756481236,0.0222746756481236
"1594","GNB","SUSI",0.496432562600365,0.730047886177008,0.496432562600365,0.671644055282847,0.496432562600365,0.671644055282847,0.730047886177008,0.730047886177008,0.496432562600365,0.584038308941606,0.730047886177008,0.730047886177008,0.496432562600365,0.730047886177008,0.730047886177008,0.730047886177008,0.730047886177008,0.730047886177008,0.730047886177008,0.671644055282847,0.730047886177008,0.730047886177008,0.730047886177008,0.730047886177008,0.671644055282847,0.730047886177008,0.730047886177008
"1621","GUY","SUSI",1.63067320993777,1.47592824570345,1.63067320993777,1.63067320993777,1.63067320993777,1.63067320993777,1.37060173901949,1.52153460770761,1.52196166260858,1.63067320993777,1.54341433606105,1.37476003918242,1.63067320993777,1.38251709639323,1.37060173901949,1.56389638594017,1.59827405591774,1.45335498368557,1.43169078645905,1.63067320993777,1.41149264641029,1.39330967855371,1.61980205520485,1.49884570275427,1.62523763257131,1.58238437809854,1.61095328540731
"1648","HTI","SUSI",1.49143393875127,1.55504211020937,1.50764517721596,1.50764517721596,1.49143393875127,1.52385641568065,1.54006765414533,1.54506297152548,1.4590114618219,1.50764517721596,1.54790088055735,1.54080049052303,1.50764517721596,1.54216755241976,1.54006765414533,1.55048233761679,1.53829041443605,1.55199283549443,1.54908148137286,1.52385641568065,1.54640730882981,1.5440695788504,1.54006765414534,1.54206684819718,1.52385641568065,1.53653505185041,1.53950035332332
"1675","HND","SUSI",0.652645234740577,0.739707479921026,0.652645234740577,0.652645234740577,0.652645234740577,0.670525926103333,0.715227654510222,0.730415932638645,0.634764543377822,0.652645234740577,0.720521608502808,0.717248416390547,0.652645234740577,0.721018025341535,0.715227654510222,0.722774145596201,0.710779808570918,0.74561707918852,0.740082859589669,0.652645234740577,0.732708954443977,0.726262773860305,0.715227654510222,0.746333019989909,0.697346963147466,0.724046381717094,0.713807887303586
"1702","HUN","SUSI",0.224648128705116,0.113082485300477,0.20659604693417,0.228659702431994,0.210607620661047,0.264763865973887,0.113958409204249,0.124181909954897,0.204590260070731,0.210607620661047,0.135150580060348,0.103626323708033,0.210607620661047,0.113703139242971,0.126620454671388,0.146466891673118,0.219954313751788,0.112482866587035,0.111519854901652,0.24671178420294,0.115654799187064,0.109508609930045,0.236682849885748,0.113077391672286,0.238688636749186,0.230521380294081,0.229801483590462
"1729","IND","SUSI",1.37070374188492,1.87864622189632,1.37622501347047,1.49785780242972,1.36520993931224,1.57891885938969,2.045277073835,1.82731276446748,1.35971613673955,1.4573135394433,1.80248434649462,2.04275780630349,1.41676927645689,2.03805826523973,2.045277073835,1.77526609231357,1.72491436466484,1.92741317661734,1.93703767964693,1.53840206541613,1.9487523617305,2.00554854731176,1.66000738536252,1.85278410676632,1.6194631223761,1.74930181150806,1.7023027160068
"1756","IDN","SUSI",0.39201926884338,0.539083012254316,0.392463735134586,0.393619347491721,0.39201926884338,0.445799690079264,0.488912920326211,0.559571470717412,0.39201926884338,0.392908201425792,0.569203983998357,0.491368199388092,0.392463735134586,0.495948373835639,0.488912920326211,0.558831293628098,0.527932788133286,0.528866788565885,0.519112651033973,0.424198628326669,0.510153161504408,0.50232088182302,0.488912920326211,0.549428760253434,0.46757853834834,0.544346695961215,0.509033148558223
"1783","IRQ","SUSI",1.52567602687689,1.52567602687689,1.52567602687689,1.52567602687689,1.52567602687689,1.52567602687689,1.52567602687689,1.52567602687689,1.52567602687689,1.52567602687689,1.52567602687689,1.52567602687689,1.52567602687689,1.52567602687689,1.52567602687689,1.52567602687689,1.52567602687689,1.52567602687689,1.52567602687689,1.52567602687689,1.52567602687689,1.52567602687689,1.52567602687689,1.52567602687689,1.52567602687689,1.52567602687689,1.52567602687689
"1810","ISR","SUSI",1.44780074998604,1.6558083485508,1.48651199998566,1.50199649998551,1.40908949998641,1.53296549998521,1.58183052047655,1.68601940855567,1.59490349998462,1.50199649998551,1.70018548210019,1.5854509286786,1.51748099998536,1.59220458100031,1.58183052047655,1.71307141683075,1.65601730559846,1.64074411385349,1.62636124386827,1.50199649998551,1.61315011447666,1.60160110156016,1.59490349998462,1.6710635720787,1.56393449998492,1.68587157382439,1.62320165403535
"1837","ITA","SUSI",0.929854308029891,0.771743292836592,0.912347637356924,0.910346874994299,0.947360978702859,0.927853545667266,0.621141576479785,0.858904321862296,0.964867649375826,0.910847065584955,0.895099138650797,0.629738863296479,0.91159735147094,0.645776581373983,0.621141576479785,0.925924194743871,0.963450571038757,0.723412863880994,0.677877727760027,0.910096779698971,0.664252359938197,0.653075109629446,0.96436745878517,0.821807509766568,0.945360216340234,0.952604295028207,0.967759974803903
"1864","JAM","SUSI",1.6006929652465,1.70382706857261,1.6006929652465,1.6006929652465,1.6006929652465,1.6006929652465,1.66472068385636,1.69684162521024,1.6006929652465,1.6006929652465,1.72111545615409,1.67152252860613,1.6006929652465,1.68421095820369,1.66472068385636,1.74319574539022,1.71393553212076,1.67709233437382,1.74838281536231,1.6006929652465,1.72356239565387,1.70186467857697,1.66472068385636,1.73090075365229,1.66472068385636,1.69930500239849,1.66016748927858
"1891","JPN","SUSI",2.23289035898034,2.05818050268987,2.21695252629668,2.17073281151407,2.25121886656654,2.13487268797585,2.04530655782403,2.06142119869907,2.26795359088438,2.18746753583191,2.06307706157703,2.05315777135041,2.20260847688139,2.05492099825024,2.03359997899756,2.07027325276267,2.08322972063091,2.05926079289744,2.05984998135126,2.15240430392787,2.04971201768171,2.05256438172874,2.1045908058769,2.06016513628926,2.11893485529219,2.07687343364921,2.09288564795575
"1918","JOR","SUSI",5.84562138517321,7.1779947581187,6.10351644628379,6.44737652776457,5.50176130369243,6.44737652776457,7.3452334071866,6.75098236276812,5.41579628332224,6.27544648702418,6.54278496666964,7.38323070898351,6.27544648702418,7.38312082870228,7.48514261494253,6.55112336026783,6.59284227219582,7.1899477813931,7.17270819191458,6.44737652776457,7.04540980538605,6.93412706288261,6.61071006646793,6.38878769925651,6.44737652776457,6.56634226625124,6.59728193416548
"1945","KAZ","SUSI",1.02417937977378,0.575161909414356,1.02417937977378,0.820379773005983,NA,0.719631379829809,0.620809558851606,0.554727126546814,NA,0.877950283392367,0.573860099592952,0.620219487857466,0.921128166182156,0.619118746140749,0.620809558851606,0.588684304093693,0.528930081453186,0.591682039650511,0.613551734110568,0.770005576417896,0.615704945521755,0.617587257446997,0.60449035905704,0.591886932149382,0.662060869443425,0.557690016819375,0.57615660460511
"1972","KEN","SUSI",0.0992967930621084,0.207868466679304,0.0992967930621084,0.108189043187073,0.0889225012496493,0.117081293312038,0.239349732530306,0.18994184683939,0.0800302511246844,0.103742918124591,0.173655529696472,0.23898460233683,0.100778834749603,0.238303474065853,0.239349732530306,0.154646123334176,0.1339240735657,0.224728915246352,0.23485866115376,0.111153126562062,0.236191047437733,0.237355803753959,0.125973543437003,0.198841545630525,0.121527418374521,0.153879418257921,0.129104350208983
"1999","KWT","SUSI",2.09291163791596,5.61848911791288,2.09291163791596,3.48818606319327,2.09291163791596,4.18582327583192,4.88346048847058,5.48619094537736,2.09291163791596,3.48818606319327,4.45606552994427,5.05691402253092,3.48818606319327,5.38048108945776,4.88346048847058,4.65466823025458,4.7164299790722,5.56544958665948,5.45760810351342,4.18582327583192,5.31998359061911,5.18281583196365,4.88346048847058,5.0881169427017,4.88346048847058,4.5514555497221,4.83014379472992
"2026","KGZ","SUSI",1.66011194277989,1.47453561760188,1.77551197852427,1.77056626270665,NA,1.76397197494983,1.30214905198052,1.54822299492287,NA,1.77551197852427,1.58340526267415,1.31084736348569,1.77551197852427,1.32707353700352,1.30214905198052,1.64876209022912,1.70417989729844,1.43663942246625,1.40569493811469,1.76726911882824,1.37699299545854,1.34964940644501,1.73100053616572,1.51253695886586,1.73100053616572,1.68241141810392,1.71967706240304
"2053","LVA","SUSI",0,0,0,0,NA,0,0,0,NA,0,0,0,0,0,0,0,0,0,0,0,0,0,0,0,0,0,0
"2080","LBN","SUSI",0.770060686465768,0.852932918114291,0.787969074523111,0.868556820781157,0.770060686465768,0.931236178981859,0.785730526015944,0.880377026072092,0.770060686465768,0.841694238695142,0.893245665955348,0.78901935049057,0.814831656609127,0.795154453442821,0.785730526015944,0.90495141159373,0.923092365592541,0.839248377311412,0.826182796806993,0.895419402867172,0.814181640236866,0.803690371236864,0.931236178981859,0.866790955579795,0.931236178981859,0.915048799351406,0.928636646681304
"2107","LSO","SUSI",0,0,0,0,0,0,0,0,0,0,0,0,0,0,0,0,0,0,0,0,0,0,0,0,0,0,0
"2134","LBR","SUSI",0,0,0,0,0,0,0,0,0,0,0,0,0,0,0,0,0,0,0,0,0,0,0,0,0,0,0
"2161","LBY","SUSI",6.29614746211794,7.059755166384,6.29614746211794,6.29614746211794,6.29614746211794,6.29614746211794,8.51989316150427,6.72200268375482,6.29614746211794,6.29614746211794,6.5703524452376,8.44843532459193,6.29614746211794,8.31513505588353,8.51989316150427,6.43353449623302,6.2549656564721,7.35708562365128,7.64096763926296,6.29614746211794,7.90172241519096,8.12967115340718,6.29614746211794,6.87693152913528,6.29614746211794,6.32397361121303,6.22714032854343
"2188","LTU","SUSI",0,0,0,0,NA,0,0,0,NA,0,0,0,0,0,0,0,0,0,0,0,0,0,0,0,0,0,0
"2215","MDG","SUSI",1.19537956031906,1.19427985511178,1.19537956031906,1.19537956031906,1.19537956031906,1.19537956031906,1.19427985511178,1.19427985511178,1.19537956031906,1.19537956031906,1.19427985511178,1.19427985511178,1.19537956031906,1.19427985511178,1.19427985511178,1.19427985511178,1.19427985511178,1.19427985511178,1.19427985511178,1.19537956031906,1.19427985511178,1.19427985511178,1.19427985511178,1.19427985511178,1.19427985511178,1.19427985511178,1.19427985511178
"2242","MWI","SUSI",0.230877979137964,0.525867715326266,0.230877979137964,0.329825684482806,0.164912842241403,0.387545179267297,0.453510316163858,0.551664206956522,0.164912842241403,0.296843116034525,0.546194173937576,0.457051422036062,0.263860547586244,0.4636571406624,0.453510316163858,0.558286892001707,0.455120325607395,0.511133451406329,0.497065627414836,0.354562610819016,0.484143877916924,0.472847837477733,0.453510316163858,0.540788784609509,0.420527747715577,0.504637171845747,0.451430023661983
"2269","MYS","SUSI",0.473996325675621,0.467651206890467,0.483476252189134,0.49160190348643,0.465870674378325,0.495664729135078,0.499727554783726,0.479811726050184,0.463162123945893,0.49160190348643,0.485953712027275,0.503097768457386,0.49160190348643,0.508420713939382,0.499727554783726,0.491387576307222,0.497791707760575,0.460891532234153,0.472344114807627,0.494310453918862,0.483828123831377,0.495715176284237,0.499727554783726,0.474469621674963,0.49837327956751,0.495863265280009,0.499603318872075
"2296","MLI","SUSI",0.213329668017533,0.723693620461059,0.216064663761347,0.232474638224235,0.213329668017533,0.546999148762905,0.656587598911611,0.741103182347905,0.213329668017533,0.232474638224235,0.719363686960646,0.665237906075659,0.216064663761347,0.681374530401306,0.656587598911611,0.694433078407866,0.683049994429846,0.73230387040878,0.702749955731492,0.300849531819598,0.714096967460032,0.7001214615188,0.645458995540228,0.737035758314659,0.601699063639195,0.695082541369606,0.652080669701822
"2323","MLT","SUSI",1.98358228613413,4.55820282564015,1.98358228613413,3.96716457226825,1.98358228613413,3.96716457226825,3.96716457226825,4.86122957831668,1.98358228613413,1.98358228613413,5.13690474634165,4.06580018154951,1.98358228613413,4.249798939272,3.44765492589979,3.59177873859531,3.85085872358851,4.24550565427146,4.31697871784614,3.96716457226825,4.01703836947673,3.75483406772381,3.96716457226825,4.87486446439042,3.96716457226825,3.73598455428177,3.93003935881688
"2350","MRT","SUSI",0.259380561100413,0.261892152338089,0.291803131237965,0.291803131237965,0.259380561100413,0.291803131237965,0.236221582430734,0.272375497794673,0.259380561100413,0.291803131237965,0.277291175785008,0.237477876975508,0.291803131237965,0.239821418392815,0.236221582430734,0.281762641046067,0.288692284668441,0.256664809227798,0.251673902100147,0.291803131237965,0.247089593133113,0.243082044504676,0.291803131237965,0.26718576925304,0.291803131237965,0.285619731399871,0.290810138673799
"2377","MUS","SUSI",4.56344150061705,5.79685726426667,4.83187923594746,4.83187923594746,4.56344150061705,5.36875470660829,5.36875470660829,5.74089716027505,4.56344150061705,4.83187923594746,5.71465726837531,5.36268728190092,4.83187923594746,5.35136886843071,5.36875470660829,5.69078858427632,5.65379814269077,5.96344560629521,5.5727640855532,4.83187923594746,5.59606984161555,5.33562128478091,5.36875470660829,5.76859993417302,5.36875470660829,5.94020893062732,5.64249303680928
"2404","MEX","SUSI",1.81535389510187,2.01692118249612,1.82457946407698,1.8525537700015,1.72607419534276,1.86296973497339,2.20792579230352,1.94666661226087,1.66655439550336,1.84332820102639,1.92850120551898,2.18250568879649,1.83380503305209,2.15299222453056,2.22846432971884,1.9119773434273,1.88636952387029,2.05563754715763,2.08097211327648,1.86177933897661,2.10487353690841,2.12015318347547,1.87487369494128,1.98144668841251,1.86892171495734,1.90374836379335,1.87854320174282
"2431","MNG","SUSI",1.80296303518572,1.92976456427634,1.84693774336098,1.84693774336098,1.75898832701046,1.84693774336098,2.0008492219744,1.90073501697757,1.7150136188352,1.84693774336098,1.88712295894544,1.99737040292186,1.84693774336098,1.99088087658677,2.0008492219744,1.8747409752716,1.85555202283915,1.94423965762278,1.95806003348714,1.84693774336098,1.97075449390932,1.98185184092923,1.84693774336098,1.9151059514079,1.84693774336098,1.86406026391613,1.84968745000073
"2458","MNE","SUSI",NA,NA,NA,NA,NA,NA,NA,NA,NA,NA,NA,NA,NA,NA,NA,NA,NA,NA,NA,NA,NA,NA,NA,NA,NA,NA,NA
"2485","MAR","SUSI",0.956963865789842,1.00992951958691,0.956963865789842,0.953160352809756,0.956963865789842,0.982067051458415,0.908982699290653,1.05019498661165,0.956963865789842,0.95468175800179,1.06863615507521,0.914743959609306,0.956203163193825,0.925491241947527,0.908982699290653,1.08495277785516,1.10076929966447,0.989625976114326,0.970239397135362,0.951638947617721,0.952555661806345,0.937370849928417,1.09769384605305,1.03037434904159,0.992716887802658,1.09469913449551,1.10249172195386
"2512","MOZ","SUSI",0.0358560960749906,0.050310865819942,0.0365390693335618,0.0368805559628474,0.0355146094457049,0.0375635292214187,0.0589064435517702,0.0468006044160512,0.0348316361871337,0.0365390693335618,0.0451546303522477,0.0584857837279857,0.0365390693335618,0.0577010682934269,0.0589064435517702,0.0436573972419072,0.041337063465721,0.0520611983679765,0.0537323622853687,0.0372220425921331,0.055267380176092,0.0566092746441202,0.0392709623678468,0.0485383420372914,0.0382465024799899,0.0423658824810562,0.0406279175919281
"2539","MMR","SUSI",NA,NA,NA,NA,NA,NA,NA,NA,NA,NA,NA,NA,NA,NA,NA,NA,NA,NA,NA,NA,NA,NA,NA,NA,NA,NA,NA
"2566","NAM","SUSI",0.760163779313356,0.945371877338572,0.760163779313356,0.886857742532249,0.633469816094464,0.886857742532249,0.886857742532249,0.969267875420484,0.633469816094464,0.886857742532249,0.980472793956731,0.889721371528982,0.760163779313356,0.895063298058521,0.886857742532249,0.990665162961847,1.00646076479471,0.933456541584892,0.922080143884054,0.886857742532249,0.911630556132051,0.902495650224875,0.886857742532249,0.9574382792491,0.886857742532249,0.999457110539839,1.01128825383048
"2593","NPL","SUSI",0.618958895156553,0.783574483924235,0.707381594464632,0.796506061227537,0.60001117387625,0.796506061227537,0.796506061227537,0.795118923015687,0.58948466205386,0.795804293772711,0.799630887966489,0.800216149774169,0.795804293772711,0.785085135844691,0.796506061227537,0.80275019951504,0.811825714882844,0.777425670049972,0.771638547882367,0.796506061227537,0.759233558994265,0.794451332029887,0.796506061227537,0.789619247582711,0.796506061227537,0.804083533510631,0.817162256968892
"2620","NLD","SUSI",0.290579082740617,0.3512328890557,0.282839688285056,0.239217646808256,0.297614895882036,0.281432525656772,0.408780743516461,0.317562327118437,0.305354290337598,0.231478252352695,0.296666377195795,0.399814045214445,0.256807179661804,0.39316666485566,0.414336986632219,0.273550446469346,0.276364886820344,0.362038362489998,0.373579132338696,0.247660622577959,0.380297957981898,0.387396685131128,0.350383494442681,0.339787299393463,0.316611591363869,0.250477950304542,0.310284570589127
"2647","NZL","SUSI",0.998388358248619,1.56424813815624,0.998388358248619,0.998388358248619,0.991382124155647,0.998388358248619,1.1315068060151,1.21902227841881,0.980872773016187,0.998388358248619,1.59331311514929,1.15623051943511,0.998388358248619,1.20847747673079,1.13933677170123,1.74064482486639,1.58791439991653,1.49098417519613,1.41600957027352,0.998388358248619,1.34404371455652,1.28331086009781,0.998388358248619,1.62893247186537,0.998388358248619,1.6092568620576,1.73398038572338
"2674","NIC","SUSI",0.726236841528,1.45410297804479,0.726236841528,0.726236841528,0.726236841528,0.847276315116001,1.0409394728568,1.47463828403242,0.726236841528,0.726236841528,1.44332018743854,1.07185426274779,0.726236841528,1.12952393171059,1.0409394728568,1.41210702933495,1.25396153789853,1.4198635897522,1.38548058569091,0.744392762566201,1.30837856092316,1.20976114326308,1.0409394728568,1.46769033771627,0.9441078939864,1.36071855933086,1.12622866559514
"2701","NER","SUSI",0.263451027507382,0.296817317190515,0.263451027507382,0.263451027507382,0.263451027507382,0.263451027507382,0.291392803152104,0.281967710334199,0.263451027507382,0.263451027507382,0.274561320540748,0.293828821498919,0.263451027507382,0.298373066248551,0.291392803152104,0.277180421631574,0.286989378871726,0.297929923866906,0.305287847214867,0.263451027507382,0.312153956426569,0.304695584374288,0.291392803152104,0.291690153358982,0.279417756447223,0.282640159016871,0.289987215486637
"2728","NGA","SUSI",0.0413423744892293,0.0517020216550723,0.0413423744892293,0.0413423744892293,0.0413423744892293,0.0447136410784797,0.0514561742569807,0.0518024207974793,0.040810069238295,0.0413423744892293,0.0518494983126315,0.051468205806969,0.0413423744892293,0.0514906499350832,0.0514561742569807,0.0518923215964174,0.0516040200831981,0.0516519593188158,0.0516041613331895,0.0413423744892293,0.0515602573436926,0.0515218769958241,0.0514561742569807,0.0517527186964598,0.0479074725840854,0.0517520280306302,0.0514467617246753
"2755","NOR","SUSI",1.72652362702018,2.5709813581248,1.9045157535171,2.29609843181034,1.72652362702018,2.34949606975941,2.3850944950588,2.49428342666531,1.72652362702018,2.26050000651095,2.4267211166171,2.44944249253411,2.08250788001403,2.46322282976179,2.38083539774619,2.38528478524824,2.35420055630753,2.54525517158832,2.36671165801913,2.31389764446003,2.36901223220144,2.4350551055007,2.3850944950588,2.58429541963937,2.3850944950588,2.3532560909633,2.35649265898281
"2782","OMN","SUSI",3.4383834229406,2.97071378022208,3.49475036430028,3.4383834229406,3.38201648158092,3.4383834229406,3.2485158309922,3.07337019659108,3.26928259886156,3.4383834229406,3.11383051248883,2.72526471828519,3.49475036430028,2.73696246025389,3.31798391146648,3.14319032873505,3.32452695822557,2.9148246462841,2.86044894576113,3.4383834229406,2.81126427126253,2.77115785913474,3.38201648158092,3.0246483987028,3.38201648158092,3.21328268987833,3.36366563465437
"2809","PAK","SUSI",2.32553591562442,2.68311211930706,2.36279969587478,2.42628613630133,2.3117345155317,2.48425201669078,2.64557208427107,2.61614404365959,2.17082222058496,2.37384081594896,2.58459349145876,2.64878869487659,2.36417983588406,2.65478908722784,2.64557208427107,2.56526765650635,2.47577829782081,2.69791482539018,2.685136130406,2.46078963653314,2.67339848742755,2.66313757888983,2.49667327677423,2.63042705504441,2.47735131664441,2.50170729600716,2.45716659946096
"2836","PAN","SUSI",0.895670089237598,0.940857694851587,0.895670089237598,0.951649469814948,0.867680398948923,0.979639160103623,0.979639160103623,0.95392700175655,0.867680398948923,0.923659779526273,0.974943443392653,0.977741230162437,0.923659779526273,0.977245134122546,0.979639160103623,0.996229744551778,0.984779423350788,0.951719691395353,0.959283198962903,0.979639160103623,0.966230524304232,0.972303793872918,0.979639160103623,0.932860434908171,0.979639160103623,0.989856411973794,0.981279949216239
"2863","PRY","SUSI",0.772285638066299,1.9077608041511,0.772285638066299,0.796048273083723,0.772285638066299,0.796048273083723,4.77628963850234,1.57225727154581,0.772285638066299,0.796048273083723,1.23807116229439,4.70592949401006,0.796048273083723,4.57467690405708,4.77628963850234,1.11285652088363,0.879428026703383,2.3344357194182,2.51412791324723,0.796048273083723,2.97686775737647,4.27284887571309,0.796048273083723,1.73834664312964,0.796048273083723,0.961781408264042,0.822663367559118
"2890","PER","SUSI",0.891001691307052,1.10998613156723,0.904221300970361,0.965031505421585,0.880426003576405,1.01526602214216,1.06391418570314,1.11763014434539,0.869850315845757,0.938592286094966,1.11951259164506,1.07094194338888,0.914268204314477,1.08405179989176,1.06391418570314,1.11579983747165,1.0990020532074,1.10485878964298,1.09947393999182,0.988826802815541,1.09442957534348,1.09381269358989,1.06391418570314,1.11579517674791,1.03906131953612,1.11086042766121,1.08489469635844
"2917","PHL","SUSI",0.755176549878968,0.664520220199047,0.755176549878968,0.730816016011905,0.755176549878968,0.682094948277778,0.682447004839338,0.649300675503008,0.755176549878968,0.730816016011905,0.65424437885317,0.676968035184797,0.755176549878968,0.672054837926132,0.731728273241947,0.659403569050876,0.668660451419674,0.65980004457719,0.648205443519961,0.706455482144841,0.647922771955632,0.660113465622585,0.663312976666272,0.640064482362941,0.652287399038039,0.666772398906271,0.667063005811173
"2944","POL","SUSI",0.0981160547952707,0.027557879781269,0.0905686659648652,0.0649075439414867,0.106418182508717,0.0437748552163515,0.0335858802953042,0.0363277705074691,0.113965571339122,0.0758512577455746,0.0399447953886209,0.0236124077677898,0.0830212771344598,0.0134668998269294,0.044398895414768,0.0376062895431648,0.0343492958444461,0.0230254671713813,0.0190165574032571,0.0543411995789191,0.0168581184952438,0.0148348525267871,0.0335858802953042,0.032719181465311,0.0335858802953042,0.0346541482183239,0.0332463518100995
"2971","PRT","SUSI",0.916469936453987,0.755176159350933,0.900277888106743,0.860337502183543,0.931582514911414,0.85817856240391,0.854940152734461,0.750378866248675,0.947774563258658,0.860337502183543,0.74300353020243,0.850557673305476,0.879767960200235,0.842224814691156,0.85307143108914,0.75192900534771,0.779879318282111,0.747408279177399,0.774892407571252,0.861416972073359,0.800722051234237,0.824061227847592,0.854940152734461,0.759160459611126,0.854940152734461,0.764521554871555,0.799684407134209
"2998","PRI","SUSI",1.03947810506988,0.835760969490105,1.03947810506988,1.03947810506988,1.03947810506988,1.03947810506988,0.571712957788432,0.943592877148668,1.03947810506988,1.03947810506988,0.994155642377411,0.584635229395817,1.03947810506988,0.608740944766131,0.571712957788431,1.04014922630783,1.11142768357982,0.781992410407231,0.730655836719924,1.03947810506988,0.683501540101657,0.642279812225902,1.14342591557686,0.890211222295075,1.03947810506988,1.07982333726646,1.13321197357445
"3025","QAT","SUSI",2.06296366901467,3.75959412140265,3.35231596214883,3.35231596214883,1.547222751761,3.35231596214883,4.19039495268604,3.65723670273039,1.547222751761,3.35231596214883,3.59109368472079,4.09756409500804,3.35231596214883,4.02574236005526,4.19039495268604,3.46267412740516,3.28441616987489,3.82322987664759,3.86207604014857,3.35231596214883,3.90253092572194,3.94877325762899,3.35231596214883,3.71258798293821,3.35231596214883,3.39365073647307,3.3387692278807
"3052","ROU","SUSI",0.211139898385553,0.207504302500175,0.211276117674834,0.210867459806991,0.213183187724768,0.210186363360586,0.200542767425683,0.210139193624641,0.215839463865747,0.211820994831958,0.212646835019052,0.200857725197934,0.211412336964115,0.201445259854549,0.200542767425683,0.213844770213866,0.215529643442981,0.206190458553804,0.204741296170789,0.210390692294507,0.203267418626195,0.202262711096859,0.209913924782024,0.20876865398573,0.210050144071305,0.214752738096653,0.216133180483762
"3079","RWA","SUSI",0.116086615369675,0.269237147632472,0.116086615369675,0.203151576896931,0.116086615369675,0.232173230739349,0.261194884581768,0.255488856025739,0.116086615369675,0.145108269212093,0.256932624206098,0.261588465683968,0.145108269212093,0.262322667402754,0.261194884581768,0.258245924075656,0.260281207709547,0.267599487522044,0.266035899797772,0.203151576896931,0.264599694105742,0.263344180092041,0.261194884581768,0.270895570482972,0.232173230739349,0.259378777841207,0.260903235887469
"3106","LCA","SUSI",0,0,0,0,0,0,0,0,0,0,0,0,0,0,0,0,0,0,0,0,0,0,0,0,0,0,0
"3133","STP","SUSI",2.30089705073317,1.06267888999145,2.30089705073317,2.30089705073317,2.30089705073317,2.30089705073317,0,1.49665561716987,2.30089705073317,2.30089705073317,1.70014884888141,0.0520065466859838,2.30089705073317,0.149021611056616,0,1.88525310474353,2.17211802512657,0.846283726421027,0.639676250794102,2.30089705073317,0.449900629058905,0.284001027163666,2.30089705073317,1.28181757555714,2.30089705073317,2.04492421880799,2.25979035775104
"3160","SAU","SUSI",4.84636113721717,4.87604032716471,4.84937504339703,4.85841676193662,4.82224988777828,4.86444457429634,4.87047238665606,4.87831416230139,4.82224988777828,4.85540285575675,4.87938037168859,4.87074487664409,4.85238894957689,4.87125319022022,4.87047238665606,4.88035023144043,4.87582629014926,4.87490651768711,4.87382399111792,4.86143066811648,4.87282965559308,4.87196041924854,4.87047238665606,4.87718851141479,4.8674584804762,4.88118683342099,4.87327131183646
"3187","SEN","SUSI",0.374776527005007,0.602137161007801,0.380130477390793,0.439023931634437,0.369422576619221,0.503271336263867,0.567518740893296,0.616274628875919,0.364068626233435,0.406900229319722,0.622903737868481,0.569212935159162,0.380130477390793,0.572373351995753,0.567518740893296,0.628933797329311,0.638278868943573,0.595087751488348,0.588357191149366,0.471147633949152,0.582174954668905,0.576770516725017,0.567518740893296,0.609275945029675,0.535395038578582,0.634135332580358,0.598392602958176
"3214","SRB","SUSI",NA,NA,NA,NA,NA,NA,NA,NA,NA,NA,NA,NA,NA,NA,NA,NA,NA,NA,NA,NA,NA,NA,NA,NA,NA,NA,NA
"3241","SLE","SUSI",0.296698962259187,0.30692996095778,0.296698962259187,0.296698962259187,0.286467963560595,0.296698962259187,0.30692996095778,0.30692996095778,0.286467963560595,0.296698962259187,0.30692996095778,0.30692996095778,0.296698962259187,0.30692996095778,0.30692996095778,0.30692996095778,0.30692996095778,0.30692996095778,0.30692996095778,0.296698962259187,0.30692996095778,0.30692996095778,0.30692996095778,0.30692996095778,0.296698962259187,0.30692996095778,0.30692996095778
"3268","SVK","SUSI",NA,0.275423140971765,0.35432899551762,0.285227490167711,NA,0.267584552631564,0.11328623049526,0.273988806632552,NA,0.319043120445326,0.295200728745002,0.118776830872693,0.345507526749547,0.139210394161905,0.117293138969369,0.294463660439309,0.272650648621312,0.228446152319548,0.187885312274904,0.251411859890096,0.177721240005656,0.154507189446683,0.269054797426243,0.279627066888895,0.261703573452848,0.283748745487234,0.270202605078839
"3295","SVN","SUSI",0.352175143742486,1.287071753206,0.352175143742486,0.352175143742486,NA,0.352175143742486,0.528262715613729,0.726566436480859,NA,0.352175143742486,0.765499761477842,0.450169077734955,0.352175143742486,0.468730476553856,0.510653958426605,0.80091481725729,0.684639378715903,0.963414544970358,0.900167893057793,0.352175143742486,0.842073805934585,0.593466482031162,0.528262715613729,1.23383262007534,0.352175143742486,0.997756655252433,0.872573124868667
"3322","SOM","SUSI",2.2596518015663,2.2596518015663,2.2596518015663,2.2596518015663,2.2596518015663,2.2596518015663,2.2596518015663,2.2596518015663,2.2596518015663,2.2596518015663,2.2596518015663,2.2596518015663,2.2596518015663,2.2596518015663,2.2596518015663,2.2596518015663,2.2596518015663,2.2596518015663,2.2596518015663,2.2596518015663,2.2596518015663,2.2596518015663,2.2596518015663,2.2596518015663,2.2596518015663,2.2596518015663,2.2596518015663
"3349","ZAF","SUSI",1.45902107707688,1.90621914006019,1.49431997410293,1.64728186121583,1.41195588104214,1.74729540278965,2.17991829143849,1.85930342066691,1.41195588104214,1.59433351567675,1.83713716801436,2.17505991772458,1.49431997410293,2.16599691568684,2.17991829143849,1.81661938023179,1.78285355146197,1.92977175473324,1.95257913014089,1.76259159150094,2.04955729739716,2.15338734075981,1.76259159150094,1.88252916923968,1.76259159150094,1.79833272154623,1.76839406600592
"3376","ESP","SUSI",0.881370185417613,1.01681908617214,0.894320085291513,0.933169784913212,0.877485215455443,0.945860686789634,1.06944321829392,1.01282048825138,0.881111187420135,0.913485937104885,1.01292411052881,1.06823636663964,0.947155676777024,1.06598505794129,1.06944321829392,0.99431968019822,0.981891913338984,0.975411066297072,0.983898163176206,0.94119872283503,0.992056020727497,1.06285275745216,0.967357520580307,1.01107483573052,0.95673860268371,0.982651853655956,0.966191789683744
"3403","LKA","SUSI",0.907265278855746,0.866789130732234,0.907265278855746,0.94025674354141,0.874273814170083,0.94025674354141,0.888340727026854,0.892538417224236,0.857778081827251,0.94025674354141,0.904612349291034,0.891751261704777,0.907265278855746,0.855346102545669,0.892570920965077,0.91559520209531,0.932615854487141,0.85394968402161,0.841690973477624,0.94025674354141,0.830430952957564,0.820587576318722,0.94025674354141,0.879791359752206,0.94025674354141,0.925069021779776,0.937817746360115
"3430","SDN","SUSI",NA,NA,NA,NA,NA,NA,NA,NA,NA,NA,NA,NA,NA,NA,NA,NA,NA,NA,NA,NA,NA,NA,NA,NA,NA,NA,NA
"3457","SUR","SUSI",1.22686474080967,1.17309158371673,1.22686474080967,1.27798410501007,1.20130505870947,1.30354378711027,0.998744578065372,1.24339530224905,1.20130505870947,1.25242442290987,1.27313084274637,1.01083333774716,1.25242442290987,1.03338418708102,0.998744578065372,1.30045403656235,1.33323335669728,1.13568756292502,1.09006356236262,1.27798410501007,1.04815644817664,1.06475973164772,1.3316594374205,1.20809130795046,1.31632362816037,1.31930235095325,1.33606262093754
"3484","SWE","SUSI",0.181202359174647,0.188386179652139,0.181202359174647,0.193807740682449,0.182778031863122,0.201686104124825,0.129520294992661,0.215987573340096,0.179626686486172,0.193807740682449,0.23086893749384,0.132113030504755,0.181202359174647,0.1373913946116,0.129520294992661,0.255231424216406,0.260822899625039,0.179465630054924,0.170782964605577,0.195383413370924,0.157831572725382,0.146459770102184,0.215867158321101,0.199663542033415,0.207988794878725,0.280748273647765,0.240617481566697
"3511","CHE","SUSI",0,1.6040485167088,5.19772910260447e-23,0,0,0,3.29445220837015,0.968741239554148,0,0,0.682665505320544,3.21998860621779,0,3.08108126442291,3.29445220837015,0.443981416065752,0.119998126705886,1.95049592773054,2.3030463057224,7.98371190160047e-21,2.60821112827422,2.88781610493362,0,1.27384392165015,1.49029288829875e-19,0.25597174234062,0.0364353227777582
"3538","TJK","SUSI",1.30842026241773,1.18016864769422,1.30842026241773,1.31024257476093,NA,1.31024257476093,1.24982793154429,1.2224245991246,NA,1.31024257476093,1.24629286307001,1.25836039277568,1.31024257476093,1.18723249268019,1.25122751489428,1.26581284991233,1.29323122112168,1.15385868073252,1.17575788383499,1.31024257476093,1.18282807413084,1.18608876088567,1.31024257476093,1.20178632541216,1.31024257476093,1.27820455467626,1.30481249414054
"3565","THA","SUSI",0.420065096350315,0.565806713511437,0.429919995971437,0.485164289039841,0.412105369733256,0.507622089137974,0.529700854635295,0.570596722312234,0.401587159560712,0.474172285616282,0.566586037106288,0.53146784281297,0.434942204432201,0.534764052285103,0.529700854635295,0.561822463710927,0.548466506965097,0.558454414231815,0.551434664025051,0.496535327064212,0.544986797335464,0.539350148607375,0.529700854635295,0.573252227419596,0.518803609861939,0.555747382024103,0.539828730982301
"3592","TGO","SUSI",0.13771316276181,0.13771316276181,0.13771316276181,0.13771316276181,0.13771316276181,0.13771316276181,0.13771316276181,0.13771316276181,0.13771316276181,0.13771316276181,0.13771316276181,0.13771316276181,0.13771316276181,0.13771316276181,0.13771316276181,0.13771316276181,0.13771316276181,0.13771316276181,0.13771316276181,0.13771316276181,0.13771316276181,0.13771316276181,0.13771316276181,0.13771316276181,0.13771316276181,0.13771316276181,0.13771316276181
"3619","TUN","SUSI",1.53742716817789,1.84207464280154,1.49631948988436,1.562091775154,1.58264561430077,1.59086714995947,1.98213394697424,1.76739417335249,1.54153793600724,1.4839871863963,1.72412658360784,1.98155964649812,1.44699027593213,1.98048832372803,1.98213394697424,1.656405006117,1.62904714155329,1.8650312045339,1.89623326665379,1.57442407864206,1.90655269904052,1.94989485800109,1.61964252476494,1.78606500038546,1.60319945344753,1.63433236562898,1.62412998237793
"3646","TUR","SUSI",0.435880984951814,0.545276495484691,0.439047190653644,0.443268798256082,0.432714779249985,0.462266032467057,0.540886125746376,0.547069434356519,0.429654113738217,0.441791235595229,0.547910149773821,0.541100986482686,0.441791235595229,0.54150179617862,0.540886125746376,0.548674892661842,0.549860051299409,0.544382476805478,0.543528895147608,0.443268798256082,0.542744852898738,0.542059452446523,0.500788201839312,0.546181848797589,0.474930855274374,0.549334560632923,0.52595550861632
"3673","TKM","SUSI",1.78246780582294,2.39258483806594,1.9012989928778,2.13896136698753,NA,2.13896136698753,2.41138240641495,2.38012651747735,NA,2.0795457734601,2.37534053476587,2.41046247036923,2.07241590223681,2.4087463853688,2.41138240641495,2.36015448726034,2.25996203306336,2.39641261983136,2.40006726864493,2.13896136698753,2.40342418130608,2.40635875461422,2.19837696051496,2.38870852654924,2.19837696051496,2.3216338805078,2.23471153201996
"3700","UGA","SUSI",0,0.408782681081041,-3.49548890852412e-23,0,0,0,0.769281009198216,0.24137321594409,0,-2.7963911268193e-22,0.180299745079194,0.75189316096452,0,0.719457182743465,0.769281009198216,0.124745271437592,0.0386498460034445,0.480222915073651,0.54843186281479,-4.47422580291088e-21,0.611083978505182,0.674328218189953,0,0.305851551487484,7.15876128465741e-20,0.0768239275640776,0.0123371593004872
"3727","UKR","SUSI",0.300892495112598,0.238817735887605,0.300892495112598,0.29072798855985,NA,0.282527079863883,0.226413978179107,0.243551572615471,NA,0.298582379986973,0.245893782735831,0.22695127866382,0.300892495112598,0.227848338463152,0.226413978179107,0.249183457092888,0.259884584863942,0.236134382445348,0.234313714644105,0.283451125914133,0.231808819986169,0.229453992207276,0.278137861125196,0.24131662363452,0.281949551082477,0.252340872398459,0.268671566769763
"3754","ARE","SUSI",1.16757630068638,8.98252653202181,1.16757630068638,1.2547088604391,1.13272327678529,1.7426511950543,5.31798178889531,7.23906452230005,1.09787025288421,1.18500281263692,6.33778964716186,5.23413664196386,1.16757630068638,5.07772859634156,5.31798178889531,5.60384978935082,4.32869681884574,4.28342365642964,4.28669337129991,1.64053183502412,4.59265033061255,4.86011428242545,3.65956750961403,8.1021568042989,3.65956750961403,4.97075254257386,3.99179492320507
"3781","GBR","SUSI",0.241998657784694,0.558628906836548,0.219998779804268,0.359331340346971,0.265831858930157,0.474830699744211,0.371247940919702,0.455593202175852,0.287831736910584,0.228432066363431,0.53209470655178,0.366959097358512,0.223665426134339,0.358595934978379,0.371247940919702,0.494759248418643,0.440515424907785,0.648589605702058,0.305948724421668,0.489497285064496,0.320644974500595,0.333773499725418,0.445497529103642,0.407697479867289,0.460164114423927,0.468659838301421,0.438877821384188
"3808","URY","SUSI",0.433850515086979,0.59975971483759,0.464839837593192,0.526818482605617,0.418355853833872,0.560906737362451,0.5825992631168,0.619844626052448,0.38736653132766,0.495829160099404,0.629734673724196,0.577974594593084,0.495829160099404,0.57707917244748,0.591774054661946,0.643856732375662,0.616880537491373,0.582720280181607,0.579039361978231,0.55780780511183,0.583373114849545,0.579127397712214,0.5825992631168,0.603303732038994,0.560906737362451,0.631963629204637,0.601486534395444
"3835","UZB","SUSI",1.9354405608821,1.82002688353527,1.9354405608821,1.90921875463796,NA,1.90786245431499,1.74658358934175,1.84650834406014,NA,1.92232965776003,1.85656511740605,1.75017783793766,1.9354405608821,1.7568826910978,1.74658358934175,1.87019691732721,1.88995201810672,1.80507149690828,1.79079255172742,1.90921875463796,1.7776768806163,1.76621131619856,1.89882045216184,1.83517187898475,1.90786245431499,1.88119275099592,1.89598961853642
"3862","YEM","SUSI",4.5705853092812,6.84467973128125,5.14190847294135,5.55326115077666,4.5705853092812,5.59896700386947,6.05054420555214,7.16898873905199,3.97640921907464,5.54183468750345,7.32105838687275,6.08940848212976,5.50755529768384,6.1619074372452,6.05054420555214,7.45938602933202,5.64246984868446,6.6829685233089,6.52857161393031,5.55326115077666,6.38675307913429,6.26277699490965,5.7132316366015,7.00844116185855,5.59896700386947,6.68709493274206,5.69064423871531
"3889","ZMB","SUSI",0.0880827000690309,0.276045038567873,0.109145954433364,0.172335717526365,0.057445239175455,0.214462226255032,0.256588734983699,0.283990602399029,0.057445239175455,0.151272463162031,0.287716305554322,0.25754090893786,0.130209208797698,0.259317131804815,0.256588734983699,0.291105329868906,0.296357462974389,0.272083117392788,0.26830039637855,0.193398971890698,0.264825845275549,0.261788433834175,0.256588734983699,0.280057190153416,0.235525480619365,0.294028705592391,0.276952446656116
"3916","ZWE","SUSI",0.222513329110238,0.330839854712604,0.238844582622916,0.296003969917289,0.222513329110238,0.336832103698984,0.311710303014941,0.339379386664821,0.222513329110238,0.275589903026441,0.343383603585758,0.312739537774561,0.257217242824679,0.312861458549363,0.311710303014941,0.347025973345315,0.352670728006488,0.326581761368222,0.322516264236258,0.316418036808137,0.31878197416016,0.315517501983379,0.355204763900747,0.335151933425953,0.355204763900747,0.350167885100041,0.354395891221207
