country,ISO,FAOCODE,Unit,1980,1981,1982,1983,1984,1985,1986,1987,1988,1989,1990,1991,1992,1993,1994,1995,1996,1997,1998,1999,2000,2001,2002,2003,2004,2005,2006,2007,2008,2009,2010,2011,2012
China,CHN,351,Billion,7.157118797,5.07644558,5.423312664,5.961763859,6.164661407,6.169090748,6.954473495,7.057375431,6.853154182,7.87562418,8.470032692,8.947440147,9.057350159,9.022819519,9.081662178,8.632165909,9.861392975,10.7107811,16.42263412,15.78026962,17.90970802,20.77990341,22.25986862,23.97156334,29.8431015,29.90255356,36.71691132,37.57403564,46.38770294,90.29013062,89.84550476,89.41989136,103.940506
Fiji,FJI,66,Billion,0.031958077,0.03247758,0.031798366,0.033496529,0.037959632,0.04035699,0.05471047,0.037376635,0.029237712,0.042660329,0.039703626,0.038054362,0.037650079,0.032251753,0.041347694,0.026319083,0.025720449,0.028051201,0.026918739,0.025005719,0.030795718,0.030389726,0.030639647,0.030549172,0.030025909,0.026807152,0.02758372,0.021386251,0.017463086,0.011684193,0.010247644,0.009150302,
Indonesia,IDN,101,Billion,1.779028893,1.571623445,1.518597007,1.315730572,2.098710775,1.446414471,1.140141487,1.929158688,1.482277036,1.827743292,1.91710186,1.948980808,2.138083696,1.916678309,2.373126268,1.631290793,2.432803631,1.967208862,2.09604001,1.541068196,1.082684517,0.664619803,0.990783334,1.465676904,1.291108251,1.273707271,1.339102864,1.56349504,,,,,
Malaysia,MYS,131,Billion,0.746929049,1.016044974,0.995569408,0.950836599,0.905039012,0.923596621,1.01509726,0.966364205,0.925635695,0.948888838,1.043276191,1.008462191,1.003165483,0.986110747,0.985269845,0.935355365,0.946631968,0.840350211,0.669859886,0.744236708,0.769533873,0.861465693,0.850153983,0.989361644,1.251001835,1.188801408,1.465973854,1.783218026,1.699692726,2.807224512,2.893037081,3.615780354,4.121640682
Mongolia,MNG,141,Billion,,,,,,,,,,,,,0.002956662,0.007193169,0.005570524,0.010081124,0.008990386,0.008981128,0.009158807,0.00826861,0.012486248,0.015894985,0.017666927,0.015004422,0.012718534,0.012057283,0.015991049,0.020234797,0.023476424,0.021744836,0.055388156,0.102989949,0.034054879
Myanmar,MMR,28,Billion,0.107638739,0.131533414,0.140264884,0.119798861,0.142656043,0.143767983,0.127912924,0.123005666,0.07844799,0.050208498,0.048802875,0.035217203,0.028128047,0.028161153,0.042593926,0.069298059,0.061264429,0.057868648,0.057458241,0.050932694,0.098114006,0.052976586,0.053452007,0.073192932,0.082187518,0.09059719,0.093043268,0.102347545,0.098351203,0.097893342,0.087644838,,
Papua New Guinea,PNG,168,Billion,0.064264879,0.051629733,0.048921671,0.041785277,0.046573456,0.040576085,0.049808368,0.050932232,0.045421291,0.058551461,0.068427667,0.062995911,0.075387903,0.091817819,0.104389027,0.046377759,0.046692602,0.03270312,0.033416603,0.032204267,0.035925873,0.028321646,0.019170977,0.020618275,0.023050336,0.030371221,0.026917897,0.023723839,,,,,
Philippines,PHL,171,Billion,0.384070933,0.448339969,0.58422637,0.49198395,0.35854727,0.318879336,0.337080449,0.370350957,0.37340188,0.71791023,0.745686412,0.781790078,0.894740343,0.889915526,0.786087215,0.772112727,0.877960205,0.869137108,0.811600864,0.782660007,0.851201832,0.841662765,0.791294873,0.667539775,0.546761692,0.47090441,0.475924373,1.007445812,0.671275437,1.142588973,1.299513817,0.784295499,1.211758494
Singapore,SGP,200,Billion,0.020169223,0.031148938,0.024050841,0.019295465,0.029574938,0.032437112,0.021268938,0.021986393,0.021571826,0.023642378,0.066536419,0.03738327,0.030831534,0.027858878,0.026282445,0.027993379,0.029508721,0.035689484,0.031356458,0.03609807,0.124047637,0.034997735,0.044135123,0.047371395,0.040476028,0.038452353,0.035325941,0.060396899,0.057165604,0.057867598,0.062593326,0.067660362,0.071159735
Thailand,THA,216,Billion,0.765945375,0.882026374,1.001575589,0.996065915,1.016012907,1.318058014,1.173902631,1.139274478,1.083224535,1.047667027,1.31788373,1.443041921,1.992956877,1.917067051,2.249786854,2.474286556,2.495963573,2.542208195,1.797991157,2.060411692,2.234748363,2.147961855,2.969376326,2.288645029,1.990675688,1.85727644,1.684542298,2.518170118,2.19528842,2.116487265,2.571312428,3.425494671,2.26125288
Tonga,TON,219,Billion,0.003036179,0.003581322,0.010868934,0.004327568,0.005716727,0.005584766,0.005238925,0.00422205,0.003427432,0.003040028,0.003331644,0.003403066,0.00416228,0.004961472,0.006491796,0.000516319,0.004697425,0.004678788,0.004409491,0.003608457,0.006424844,0.00668626,0.005273694,0.005090267,0.004638206,0.004179026,0.004684664,0.002330181,0.002452296,0.002883156,0.004444153,0.002174405,0.003362429
Vanuatu,VUT,155,Billion,0.00112742,0.001048803,0.005030452,0.006397103,0.005912626,0.009467836,0.006874757,0.006093799,0.007061454,0.006629678,0.004075093,0.003733861,0.003230001,0.002802403,0.00252704,0.002496972,0.001736177,0.002393076,0.003132248,0.002946951,0.002584688,0.002559344,0.00281114,0.002937738,0.002929929,0.002984187,0.002978237,0.002988868,,,,,
Viet Nam,VNM,237,Billion,,,,,,,,,,,0.167236969,0.157705396,0.215505421,0.282662183,0.330855995,0.4637959,0.522749007,0.524494231,0.586436331,0.665439367,0.807642102,0.791639447,0.851893544,0.949867129,0.978962779,0.958153248,0.964179575,0.994607449,1.017956853,0.973184466,0.959423423,,
Albania,ALB,3,Billion,,,,,,,,,,,,,,,,0.056141254,0.055892251,0.051242832,0.065921023,0.069810219,0.072159871,0.075089015,0.078837804,0.051577371,0.048235819,0.04962847,0.054556519,,,,,,
Azerbaijan,AZE,52,Billion,,,,,,,,,,,,,,,,0.086116642,0.046552755,0.052339152,0.055897985,0.057846252,0.05150868,0.050541624,0.064377151,0.071589634,0.076449051,0.101542063,0.125414386,0.19540295,0.168393478,0.28886801,0.240852281,0.231722608,0.239993542
Belarus,BLR,57,Billion,,,,,,,,,,,,,0.527181149,0.141148403,0.035001379,0.129409358,0.095456354,0.436499625,0.463082135,0.424916089,0.506039202,0.442815483,0.364280075,0.504801452,0.823270321,1.004342079,1.102104068,1.088545322,1.045421243,1.126911163,1.031512737,0.799193621,0.6977911
Bulgaria,BGR,27,Billion,,,,,,,,,,,,0.078127451,0.026597129,0.001252179,0.052000292,0.016895982,0.008772841,0.060665168,0.014334609,0.044807423,0.122726053,0.138313726,0.202697977,0.22144407,0.208267242,0.215712354,0.217045382,0.200094968,0.196944103,0.139634773,0.138976663,0.069377072,0.076359563
Georgia,GEO,73,Billion,,,,,,,,,,,,,,,,,,,0.018993273,0.012085536,0.009161724,0.010461369,0.010810984,0.009485142,0.017386802,0.026700869,0.036257934,0.035462771,0.034522109,0.028632248,0.010765948,0.011210282,0.076297477
Kazakhstan,KAZ,108,Billion,,,,,,,,,,,,,,,,,,0.199008122,0.105769433,0.108914219,0.120017834,0.243338391,0.294551164,0.440382749,0.566561103,0.419104159,0.404658139,0.449668229,0.541572332,0.635926187,0.649602771,0.615948498,0.547840655
Kyrgyzstan,KGZ,113,Billion,,,,,,,,,,,,,,0.04522657,0.011806333,0.015266872,0.012888541,0.014214583,0.019161919,0.0154548,0.014882556,0.017676186,0.021239089,0.021525353,0.02145147,0.020931624,0.019964257,0.015988316,,,,,
Latvia,LVA,119,Billion,,,,,,,,,,,,,,,0.060022026,0.128020689,0.115711212,0.118323892,0.162062615,0.181639478,0.142091289,0.136898711,0.168714151,0.222595587,0.316634148,0.51406312,0.479803264,0.396062076,0.388456404,0.429920256,0.288966447,0.343567133,0.331774116
Lithuania,LTU,126,Billion,,,,,,,,,,,,,,0.203330964,0.193353266,0.282022804,0.279209018,0.274206966,0.250711143,0.222144514,0.284792274,0.236605793,0.254967809,0.343402028,0.271202445,0.26236245,0.306983262,0.374299377,0.351123571,0.337568104,0.270069778,0.225268617,0.225261495
Republic of Moldova,MDA,146,Billion,,,,,,,,,,,,,,,,0.011881068,0.011381584,0.016336404,0.016621862,0.019161023,0.019486174,0.004918275,0.01035673,0.010780782,0.018259106,0.042921912,0.043603227,0.069550999,0.063461117,0.055188969,0.040907551,0.037648585,0.052909128
Romania,ROU,183,Billion,2.45137763,3.973604918,1.53407681,1.593408108,1.998874903,2.359169006,2.569825649,2.455490589,2.09253335,1.980864644,2.855284691,1.373248816,2.307970524,1.998146057,1.771511436,1.769001722,1.85776031,1.077409863,0.907402217,0.671827316,0.85837841,0.795297563,0.812888324,0.879570246,1.38531363,1.270707965,1.633876562,1.57251358,1.046106339,0.698362589,0.371720403,0.411288857,0.588846326
Russian Federation,RUS,185,Billion,,,,,,,,,,,,,,,,0.216095611,0.552528918,0.991633534,1.416286588,0.939873576,1.695333362,1.851860523,1.578671575,1.613347173,1.488734007,1.035473824,1.160391808,0.849697351,1.543560863,1.937136889,0.734347045,2.999518156,2.726570606
Serbia,SRB,272,Billion,,,,,,,,,,,,,,,,,,,,,,,,,,,,,0.253517866,0.145523146,0.2353663,0.191869795,0.265439332
Ukraine,UKR,230,Billion,,,,,,,,,,,,,,,,,,,,0.316429079,0.195511356,0.320134372,0.425457746,0.76337713,0.725277305,0.730145931,0.86307323,0.935829639,1.022671938,0.5894472,0.603637099,0.548354506,0.49930194
Austria,AUT,11,Billion,3.83399272,3.961953402,3.968673468,4.819926262,4.888465405,4.587787628,5.255559444,5.879829884,5.5901227,5.023381233,2.826753378,2.538751602,2.877042294,2.841597795,2.954863548,3.199403524,2.172574997,1.900496721,1.934752822,1.77319777,1.675743103,1.766350508,1.911781549,1.919343352,1.80534184,1.786176205,1.747646093,1.576286435,1.67533958,1.748914242,1.644845605,1.580133557,1.550503373
Belgium,BEL,255,Billion,0.881027758,0.843404412,0.794165492,0.81422323,0.990263939,1.111443996,0.802456915,0.747631371,0.89437288,,,,,,,,,,,,,,,,,,,,,,,,
Croatia,HRV,98,Billion,,,,,,,,,,,,,0.017712431,0.025029751,0.137571365,0.171476722,0.129612997,0.130082935,0.134434506,0.232411489,0.25023964,0.333133906,0.306565791,0.340777218,0.401470512,0.350969374,0.365736634,0.441337198,0.561256945,0.601955771,0.621327281,0.676123023,
Cyprus,CYP,50,Billion,0.124676548,0.129701361,0.13173613,0.159803033,0.174783915,0.169431999,0.172438964,0.142331704,0.144667462,0.145079061,0.095694058,0.089861207,0.089601345,0.096745797,0.093298987,0.184452966,0.20765987,0.181777596,0.228059366,0.184089705,0.283776999,0.302062541,0.262851685,0.303922206,0.300084442,0.235965788,0.216824204,0.20109652,0.209166199,0.164576724,0.180482015,0.162685171,0.142048046
Czech Republic,CZE,167,Billion,,,,,,,,,,,,,,1.498022318,1.157441974,2.785745382,1.108419657,1.345894098,1.482081413,1.378049135,1.216591001,1.596678734,1.437666416,1.30857718,1.036925197,0.778756738,0.916621864,0.933901131,0.893714845,1.095160484,0.883862674,0.794576228,0.656144738
Denmark,DNK,54,Billion,0.862608373,1.039386988,2.027917147,2.014411449,1.079299212,1.489875913,1.163485408,1.130122304,1.159211993,0.974466622,0.632283092,0.410683304,0.431232423,0.509393215,0.301186979,0.240929186,0.304537714,0.34241882,0.34349519,0.316810578,0.354735792,0.244969144,0.393796921,0.399180949,0.305533201,0.309826225,0.329342663,0.29007563,0.377549022,0.476698458,0.350786954,0.422552943,0.442596018
Estonia,EST,63,Billion,,,,,,,,,,,,,,0.513115168,0.088904738,0.044557352,0.051630996,0.057334557,0.114681363,0.092013821,0.082595304,0.076670118,0.091009878,0.103729136,0.096664645,0.079577193,0.089848712,0.132087514,0.121426605,0.158170506,0.086921513,0.108612835,0.109208941
Finland,FIN,67,Billion,6.156795979,6.777508259,7.472072124,7.972811699,5.532519341,6.01597023,6.058103561,5.751666069,5.964206219,5.833567142,6.23618412,6.932492733,6.691204548,5.927371025,5.527556896,6.604008198,6.039190292,6.09797287,4.868405819,4.193397999,3.472805262,2.775239468,2.15189147,2.214467525,2.248797178,2.412575245,2.493427515,2.32404995,2.193588257,2.182374239,2.208041191,2.220821381,2.055663586
France,FRA,68,Billion,,,,,,,,,,,,,,,,8.269150734,8.666250229,8.365181923,8.172119141,8.093664169,8.172542572,7.043905735,7.444384098,7.811461926,7.950247765,8.332089424,8.491065979,8.516671181,8.442112923,9.13825798,9.636346817,8.685712814,9.15696907
Germany,DEU,79,Billion,2.959048748,2.162913561,2.105545998,1.926852703,2.138798714,2.350270748,2.620711327,2.777207613,3.597514868,4.530964851,12.66582298,23.95919418,22.24401093,17.4363575,15.14147091,14.96764946,11.04219532,10.65908909,10.24458027,9.873613358,9.586730003,9.41519165,8.336203575,8.056034088,7.833035469,7.449136734,7.116034985,6.635929108,6.597081184,6.412470341,6.737596512,6.866223335,6.37505722
Greece,GRC,84,Billion,2.906367302,3.889014959,4.190326214,4.413779259,4.390922546,4.336511135,4.192371845,4.110099792,3.927541971,3.783911228,3.428290844,2.998186827,3.71146512,3.516876459,2.207953453,2.387112617,2.41643548,2.891891956,2.853408813,1.863444805,0.925907016,0.048088979,0.045139644,0.039487306,0.044749774,0.059070785,0.072848924,0.232687175,0.130173415,0.89510411,0.078093015,0.074061833,0.236876309
Hungary,HUN,97,Billion,,4.632926464,4.85405159,4.248345852,3.744236469,3.761653662,3.667519331,4.16544342,4.105861664,2.809958458,2.410538673,2.114082575,1.677454591,1.873447418,2.12002492,1.579849958,1.582465172,1.183040738,1.432501078,1.435867786,1.426809907,1.599966288,2.231472731,1.704041719,1.59469974,1.416476965,1.438323021,1.375378847,0.833740413,0.89162159,0.526109397,0.584804833,0.566556096
Iceland,ISL,99,Billion,0.332787037,0.3292256,0.379062623,0.305459589,0.267451227,0.324745029,0.320141226,0.329702526,0.462660402,0.472446948,0.458981901,0.426801831,0.408066154,0.316411406,0.267921448,0.255983204,0.268865615,0.262915581,0.192574486,0.198679805,0.194877297,0.20962961,0.206504732,0.213780284,0.202137768,0.203119427,0.196647644,0.198913112,0.21271731,0.201568395,0.192006811,0.191710874,0.197345689
Ireland,IRL,104,Billion,,,2.635186434,2.507695198,2.328328133,2.156762838,2.11988306,2.832683802,2.839022398,0.723986924,0.85861218,0.89041394,1.011772394,1.058305264,0.999329448,1.105148792,1.376610279,1.498586655,1.34205091,1.378270864,1.609671116,1.724580288,1.504218221,1.340041876,1.277237654,1.322439432,1.244060993,1.511109829,2.746258497,1.420984268,1.214080811,1.101182461,1.119415522
Italy,ITA,106,Billion,8.26511097,9.434052467,12.46670532,8.886253357,13.08934689,9.152279854,11.6847086,12.92606735,12.39681244,11.74376774,10.84723663,10.93678188,9.697520256,9.484880447,8.031318665,7.382871151,7.995711327,7.637107372,8.082795143,8.498950958,8.182073593,11.16814709,10.7113781,8.424544334,8.069446564,7.566035271,9.468715668,7.507771015,6.816739082,7.145072937,7.039013863,6.805886745,5.667229176
Luxembourg,LUX,256,Billion,0.111472115,0.104749657,0.093384542,0.099847361,0.105557166,0.110609882,0.112038925,0.128359213,0.155870631,0.105825461,0.215535924,0.395853847,0.248064131,0.254181474,0.216609389,0.142068088,0.142325357,0.146274239,0.144100964,0.140326798,0.144156173,0.163123801,0.174980357,0.191755563,0.186220214,0.166517437,0.158288017,0.15630123,0.150752559,0.193835974,0.184932679,0.18723394,0.171216652
Malta,MLT,134,Billion,0.011460804,0.009529375,0.007873008,0.006321366,0.006303266,0.006152754,0.007020894,0.009556034,0.007617524,0.008279542,0.008596477,0.008751184,0.009461932,0.010079958,0.009790917,0.00967537,0.009945137,0.010935973,0.010659066,0.012968896,0.0145233,0.03613719,0.040550042,0.046526384,0.063179806,0.067540333,0.065343715,0.055758685,0.053812161,0.05458241,0.05056167,0.046157595,0.045237627
Netherlands,NLD,150,Billion,2.34265852,2.132416248,2.004946947,2.217834711,2.06103158,2.255083561,1.996762395,2.113993406,2.117986917,2.142063141,3.595953941,3.574432373,3.300267696,3.097678661,3.33037734,1.429749131,1.543066263,2.643666506,1.638921142,1.905220747,2.10590744,2.010545254,1.756846786,1.983709693,1.492884994,1.350544691,1.490834594,1.415784597,1.486128807,1.65251863,1.657635689,1.624089599,1.314482808
Norway,NOR,162,Billion,5.143223763,5.580499172,5.650510311,5.529925823,5.439593315,5.488393307,5.543446541,5.676426411,5.674138069,5.811077595,4.070581436,3.873168468,4.065115452,3.834722519,3.59909296,3.470015287,3.293205738,3.121561527,3.395729542,3.367302179,2.874024391,2.802811384,2.920942783,2.762020111,2.450889826,2.185906172,2.05434227,1.880417228,1.841270328,2.01721859,1.989286184,1.884521365,1.879436493
Poland,POL,173,Billion,,,,,,,,,,,,,,,2.126881123,2.078783989,2.412267685,2.642375946,2.587214708,2.380509853,2.27526474,1.445712566,1.268840671,1.172590017,1.773577571,2.167218685,3.004742146,3.378479004,3.719615459,3.125144958,2.91685009,2.443338394,1.867459416
Portugal,PRT,174,Billion,,,,,,,,,,,,,,,,1.36298871,1.168555379,1.153742075,1.141651034,1.477971196,1.296136618,1.265008569,1.15651536,0.999875486,1.123651028,0.969258308,0.931691706,0.740161777,0.690877855,0.741682231,0.719427109,0.693735421,0.545898795
Slovakia,SVK,199,Billion,,,,,,,,,,,,,,,,,0.466764331,0.508573532,0.479436278,0.449480891,0.691157162,0.435919076,0.45480147,0.408420235,0.446419507,0.631360471,0.61520046,0.623030961,0.732458889,0.944590986,0.90270102,0.853055716,0.886315942
Slovenia,SVN,198,Billion,,,,,,,,,,,,,,0.378116488,0.369548261,0.385634124,0.3908737,0.467609048,0.508433759,0.235109091,0.272500753,0.314095944,0.334938914,0.366859317,0.319336832,0.246597111,0.276322335,0.266171843,0.304645121,0.262946427,0.197242737,0.188904881,0.172406599
Spain,ESP,203,Billion,5.879319191,5.951989651,6.374275684,7.07385397,5.864818096,5.365427017,4.649746895,4.21022892,3.695622683,2.892341137,3.403923988,2.345303059,2.644086123,3.161655903,1.928109407,4.734084606,4.424317837,4.379489422,5.029560089,5.490495205,5.643573761,6.489237309,6.33666563,6.42230463,6.799510479,6.962891102,7.035943031,7.470120907,7.823184013,6.801436901,6.071981907,5.672893047,6.854306221
Sweden,SWE,210,Billion,3.630125761,3.946675301,2.69891119,2.352112532,2.163611412,1.834111691,1.881863832,2.162276745,1.641667485,1.409976721,1.27925539,1.942860723,2.862449169,1.754526734,1.317634463,1.906807661,2.139431,2.472753525,2.812800646,2.899290085,0.320433199,0.612175167,0.706982672,0.711642146,0.63503325,0.878351748,0.792703271,0.669990182,0.786342263,0.765280843,0.789162397,0.757192612,0.742189467
Switzerland,CHE,211,Billion,7.403818607,6.907470226,6.310154438,6.74743557,7.084825039,7.586853504,8.00333786,8.457773209,8.837430954,9.130908966,9.29206562,9.349386215,9.402544022,9.994680405,10.06806087,10.0961504,11.09996033,11.07535267,11.07614517,11.7879734,10.38068771,10.74924088,10.74934387,10.44016075,10.26853371,9.881682396,9.643927574,8.538100243,7.676073074,9.660871506,9.46407032,9.221224785,9.337779045
United Kingdom,GBR,229,Billion,6.209751606,6.674280167,6.253396511,7.527504921,2.559378624,7.249852657,5.250460148,2.768474817,2.60487175,2.098192692,1.915168405,1.776335478,1.708254218,1.658996582,1.622625709,1.567581773,1.508394718,4.420505047,3.624246836,4.055355549,5.130627632,6.897423267,3.732050896,4.009670734,5.009010792,5.758199215,5.513063908,5.141839504,4.480672836,4.307696342,4.305079937,4.414330006,3.895669222
Australia,AUS,10,Billion,1.338161349,1.286336899,1.147835255,1.164090872,1.24272573,1.49129796,1.433493614,1.111519217,1.804347992,5.175079346,4.216632843,1.635110021,2.171153784,1.131707907,1.139100552,1.771453619,1.219745159,1.462135792,1.566083074,2.676870584,1.603770375,1.544591904,1.715094924,1.680883646,1.438792348,2.109244823,2.049217224,2.65901041,1.799853921,1.908873081,1.577487707,1.801169991,1.387511015
Canada,CAN,33,Billion,2.247157574,2.585054636,2.372501612,2.456395864,3.117274046,3.482926369,4.005614281,5.279271603,4.49514389,5.141022205,4.245417595,3.682657242,5.80571413,4.564041615,3.256885052,3.406925678,2.801793575,2.868305206,2.785871983,2.137277365,2.564937353,3.146914482,3.167840242,3.595151663,4.824167728,3.663256645,3.604389668,4.049346447,3.932090998,2.366244793,,,
Israel,ISR,105,Billion,0.629188061,1.3378793,1.321883678,1.243795991,1.561459184,0.902355373,0.518796384,0.611527562,0.690605938,0.537758708,0.659203768,0.418030888,0.501692891,0.632917285,0.592478454,0.607634425,0.641510665,0.543222129,0.414313942,0.419924468,0.313218147,0.316353351,0.262877077,0.277018487,0.264245868,0.243663788,0.230851382,0.220416099,,,,,
Japan,JPN,110,Billion,15.0565958,13.90074253,13.05468082,12.7484026,11.63704014,11.20427895,11.0086832,10.81367302,11.32435989,11.48961353,9.735443115,9.262694359,9.33987236,10.05230141,10.30239868,10.55063057,10.82505798,9.937685966,10.31380558,10.18819809,10.3169117,9.800593376,9.937548637,9.916484833,10.35502625,10.31589985,9.863997459,12.71674919,14.31494999,16.02737427,15.20631504,18.65959167,18.86217117
New Zealand,NZL,156,Billion,1.144430518,1.313389659,1.516369939,1.863012552,1.642699122,0.922487974,0.905075133,0.653317094,0.521470666,0.485583574,0.467402667,0.455816835,0.400523216,0.256467581,0.257058859,0.269702762,0.259729922,0.292512745,0.345785141,0.268754005,0.205043703,0.212323189,0.206999928,0.296234816,0.259668469,0.276324362,0.626371741,0.650893688,0.675691843,0.679775953,0.696138382,0.846818626,0.776302218
Republic of Korea,KOR,117,Billion,1.336897373,1.644805908,1.420890212,1.390992165,2.532564402,2.699259043,2.501338482,2.778680801,3.630208492,4.775758743,5.169612408,4.840625286,4.426391125,4.79269743,7.474700928,8.029647827,7.842339993,7.427636147,7.283669949,7.569161892,7.7014184,7.614186764,7.568688393,9.101181984,12.5053978,8.36027813,10.47320366,11.51349735,11.47101498,11.36450386,10.9671936,9.851072311,13.85639095
United States of America,USA,231,Billion,18.16812897,21.28933144,28.29289627,39.13816452,22.40887642,40.90037537,49.36208344,40.68362427,25.40685654,24.05918884,16.24425507,20.04990768,19.64584923,25.74965668,18.57375145,11.79806328,10.82448578,10.47042465,14.07293797,26.2847805,40.95458603,28.82930183,23.75637054,23.85398293,15.9341898,26.56500053,25.19448853,16.69224739,17.04448128,20.4559288,19.41053391,18.41714859,15.58634567
Argentina,ARG,9,Billion,0.168340981,0.116897948,0.1071155,0.128301784,0.133475751,0.119151436,0.130301669,0.179877192,0.160552099,0.110450737,0.044242073,0.069127664,0.095468998,0.148970872,0.152775183,0.143970966,0.149504662,0.143594176,0.164527565,0.147267193,0.11898382,0.145910591,0.121370278,0.120804124,0.148033127,0.169620141,0.201778144,0.563532114,1.139216781,0.899316669,,,
Bahamas,BHS,12,Billion,0.009372544,0.008860218,0.008293845,0.009676384,0.010921619,0.010952236,0.009738303,0.011150676,0.012170044,0.014539395,0.016398173,0.018775262,0.016656568,0.014380766,0.01560754,0.015203394,0.01319785,0.014408241,0.013893873,0.013298565,0.014745616,0.013080429,0.01301222,0.013714221,0.014203657,0.01527,0.013785857,0.013776517,0.014239974,0.015588353,0.014498246,,
Barbados,BRB,14,Billion,0.02541713,0.020389467,0.028625801,0.026983285,0.034486998,0.04839376,0.040772744,0.037707292,0.030469179,0.027260024,0.027330095,0.02754721,0.027570145,0.027510468,0.028248077,0.028525151,0.028912107,0.029815624,0.028586462,0.02848221,0.029496564,0.029921077,0.031170011,0.03176719,0.028496737,0.025188999,,,,,,,
Belize,BLZ,23,Billion,0.009882728,0.00925577,0.012978414,0.009938627,0.007760759,0.008571938,0.009889388,0.010588137,0.011610159,0.01022271,0.018749915,0.01844099,0.014439363,0.013095541,0.00948952,0.007681448,0.007668517,0.011540693,,,,,,,,,,,,,,,
Bolivia (Plurinational State of),BOL,19,Billion,0.027213719,0.018162597,0.009376806,0.00738467,0.007926863,0.006755492,0.004212139,0.005674969,0.004538041,0.006653834,0.020506604,0.016956458,0.021863645,0.012300257,0.002489637,0.00328687,0.002541476,0.007959722,0.025590161,0.033444133,0.04148962,0.044451937,0.046911165,0.044350542,0.043920621,0.034313671,0.024590032,0.030227043,,,,,
Brazil,BRA,21,Billion,,,,,,,,,,,1.426137686,2.327177763,2.074364901,2.093871593,4.938405037,7.225128651,4.671936512,5.854812622,4.650691986,5.183929443,3.964970589,4.013279438,3.662402153,3.713665009,4.444727898,4.821092606,5.502514362,5.851968765,4.751560211,6.088653564,5.45019865,5.389408588,5.683116913
Chile,CHL,40,Billion,0.179572657,0.154899076,0.128884837,0.17123653,0.182430536,0.174980447,0.179215133,0.165431038,0.156638011,0.16026783,0.152014092,0.144213706,0.148377553,0.154222757,0.157506853,0.165683091,0.19223915,0.233113781,0.23431398,0.266404897,0.287829816,0.313339204,0.322236091,0.306823432,0.286371976,0.347018123,0.346024811,0.374825895,0.430948436,0.469023198,0.413611472,0.421394736,0.585368931
Colombia,COL,44,Billion,0.127918169,0.135013267,0.169933081,0.134562865,0.099374697,0.130893543,0.166678056,0.222217485,0.286101937,0.377392799,0.484076172,0.339962304,0.357257813,0.42535615,0.229716733,0.232869089,0.237116501,0.324876875,0.285718977,0.256078064,0.230553254,0.218477428,0.208109185,0.196780905,0.198596567,0.205171451,0.271031201,0.474778831,0.69865638,0.492148846,0.540720522,0.537159681,
Costa Rica,CRI,48,Billion,0.051608142,0.034486003,0.053338107,0.070853464,0.055439509,0.049744423,0.062010899,0.071577653,0.073091082,0.099786095,0.042086456,0.064291105,0.097385548,0.108965002,0.082002163,0.039228242,0.03350772,0.036684088,0.036397614,0.05495565,0.070490606,0.039802227,0.028603027,0.056712259,0.078860313,0.064710878,0.0803257,0.122046225,0.165929317,0.187186524,0.395448536,0.391061723,0.405525327
Dominican Republic,DOM,56,Billion,0.241006941,0.291870832,0.154344067,0.200107172,0.242644474,0.303901166,0.369301826,0.372267544,0.345162332,0.237324536,0.198411241,0.312889069,0.242763966,0.301731646,0.221917242,0.186666757,0.235798642,0.27736932,0.291633248,0.359128952,0.2834225,0.308995932,0.33027187,0.20351252,0.146189123,0.141881362,0.138283715,0.131288379,,,,,
Ecuador,ECU,58,Billion,,,,,,,,,,,,,,,,,,,,,0.268858671,0.339929193,0.170371443,0.169800356,0.120994605,0.16471,0.110628694,0.107324339,0.187084481,0.187608436,0.193328902,,
El Salvador,SLV,60,Billion,0.084021002,0.102123402,0.118966281,0.101528533,0.092262931,0.04742948,0.035980225,0.036252916,0.031858601,0.03451591,0.049678378,0.05713037,0.033227421,0.049790729,0.03278584,0.030254904,0.05241609,0.037485797,0.033415798,0.023139905,0.085402071,0.054127175,0.051266786,0.026279783,0.042418152,0.041700002,0.028629573,0.039816037,0.020570073,0.050794534,0.058145262,0.040106297,0.04977902
Grenada,GRD,86,Billion,,,,,,,,,,,,0.014874834,0.009399217,0.010085509,0.015648991,0.010968273,,,,,,,,,,,,,,,,,
Guatemala,GTM,89,Billion,0.153211877,0.109413527,0.086250439,0.086616501,0.068760894,0.04621039,0.071151286,0.081107624,0.053595405,0.112567484,0.074434727,0.061312295,0.063755035,0.07819476,0.086029433,0.052407559,0.071358465,0.087330818,0.099131972,0.113311216,0.081588514,0.142831117,0.127716243,0.135148227,0.132542327,0.117624648,0.118787229,0.104347959,0.106597044,0.065629654,0.097460635,0.102612421,0.135221124
Jamaica,JAM,109,Billion,,,,,,,,,,,,,0.064858824,0.068840049,0.074940741,0.068428613,0.071208149,0.085066989,0.063466951,0.069711909,0.055019774,0.057072327,0.062954962,0.054956522,0.073251195,0.053948209,0.060206167,0.078116059,0.089552708,0.088391557,0.075759768,0.111000799,0.084241323
Mexico,MEX,138,Billion,6.598288536,6.577821255,6.9004426,4.430265903,4.522903442,4.945838451,3.267349482,3.074018717,2.236360073,2.740308285,2.501237631,2.762773037,3.286476135,3.248417854,3.353127718,2.776200294,3.572186947,4.476629257,3.697809219,3.067149401,2.930098057,3.406178951,3.667690039,3.701864243,3.736573935,3.958664894,4.202055931,4.442272663,4.719722748,4.778147697,4.798181534,,
Panama,PAN,166,Billion,0.091328651,0.104279831,0.077487737,0.079364456,0.067373283,0.053564005,0.063278094,0.051168542,0.040835895,0.042122502,0.039873231,0.04558555,0.041221291,0.042107236,0.039614111,0.035343498,0.036896762,0.046285264,0.05720409,0.056726236,0.045911476,0.072635777,0.067154706,0.062164422,0.056808934,0.059918001,0.091989778,0.115938187,0.091078967,0.079148643,0.089356571,0.090447687,0.094866015
Paraguay,PRY,169,Billion,0.016891766,0.014552382,0.01289585,0.009996812,0.009325872,0.010066719,0.007798727,0.006055217,0.005483123,0.004669349,0.007854434,0.015941,0.055168331,0.049450286,,,,,,,,,,,,,,,,,,,
Peru,PER,170,Billion,,,,,,,,,,,,,,,,,,,,,,,,,0.194518879,0.158735946,0.229471356,0.222377568,0.194317579,0.270868927,0.216479212,0.176286191,
Saint Vincent and the Grenadines,VCT,191,Billion,0.001755627,0.00177139,0.001753311,0.001845959,0.002074013,0.001869368,0.003346795,0.002186036,0.002522584,0.002996592,0.006014466,0.00289879,0.003027075,0.004472436,0.003033458,0.003222744,0.003234261,0.007154356,0.003790725,0.003758901,0.003519596,0.004191169,0.003649476,0.003053738,0.003698477,0.003456667,0.00322402,0.003039971,,,,,
Trinidad and Tobago,TTO,220,Billion,0.138388589,0.12489973,0.115146689,0.111965567,0.109207913,0.111536331,0.116784476,0.115167901,0.114328019,0.110298112,0.098746561,0.10010305,0.099338718,0.095552899,0.075467721,0.094992608,0.094534844,0.099582478,0.10296496,0.100103058,0.090636156,0.089453392,0.103435367,0.096229918,0.108219631,0.13462849,0.13856554,0.160841301,0.106116302,0.134553164,,,
Uruguay,URY,234,Billion,0.033774968,0.071985103,0.043856252,0.028722206,0.022896994,0.02392084,0.035575386,0.028135585,0.031338926,0.039883323,0.038643938,0.039072726,0.051321402,0.035812646,0.036406472,0.042073365,0.046133351,0.049403425,0.053542856,0.060508568,0.058191042,0.058716632,0.054984663,0.049622398,0.058440931,0.083052136,0.060756609,0.062336978,,,,,
Venezuela (Bolivarian Republic of),VEN,236,Billion,,,,,,,,,,,,,,,,,,,,0.26603806,0.27061221,0.186433032,0.27107203,0.335439473,0.480936348,0.242752001,0.744990051,0.5052948,1.285704136,1.552416682,,,
Algeria,DZA,4,Billion,,,,,,,,,,,,,,,0.432574987,0.511921346,0.534251392,0.242764816,0.239962295,0.680781603,0.670443296,0.807412446,0.970437884,1.082273602,1.164879084,1.211922169,1.322439313,0.825617909,2.176726818,1.71944344,1.627259254,1.806629181,
Bahrain,BHR,13,Billion,0.011009414,0.013236056,0.017266817,0.026360283,0.022605916,0.024133727,0.038469676,0.033937957,0.013846705,0.011453943,0.008409468,0.003321867,0.003426182,0.003811848,0.004826414,0.012392104,0.016534375,0.016698051,0.017066073,0.013022939,0.011660143,0.015836658,0.013490736,0.017793836,0.016939241,0.014095744,0.013634807,0.012912147,0.01282774,0.016838782,0.018606652,0.017465603,
Egypt,EGY,59,Billion,0.619417012,0.472584903,0.521017134,0.582458496,0.583771169,0.579447508,0.600628674,0.536099911,0.616067111,0.669599116,0.627341032,0.619733214,0.737952948,0.78631264,0.862950385,0.826895118,0.859795034,1.014776111,1.060655117,1.187637091,1.405272126,1.46855998,1.174113631,1.076892138,1.013837337,0.966458082,0.895984232,0.884256244,,,,,
Iran (Islamic Republic of),IRN,102,Billion,0.949396729,0.744505584,0.780224025,0.936890543,0.833279014,0.675936401,0.639774501,0.54059279,0.894246578,0.950378001,0.71987021,0.742634177,0.824418008,1.342955112,1.325658083,1.107586622,0.717351437,0.730058789,0.668857574,0.442133635,0.609772503,1.56005013,2.023263216,1.146012187,1.171405077,2.535796642,2.295396328,1.788763523,1.599689007,0.77305913,,,
Jordan,JOR,112,Billion,0.019139308,0.036568642,0.070927545,0.097496241,0.030615533,0.035590153,0.07782118,0.081837997,0.111397438,0.078360341,0.049731307,0.056773968,0.067286901,0.060236461,0.091588154,0.109921433,0.116935551,0.103263609,0.079848424,0.098842986,0.093226671,0.107967854,0.038725547,0.037184149,0.105200596,0.097038083,0.094383687,0.081293464,0.046557888,0.045727313,0.042580172,0.043266919,0.039280005
Kuwait,KWT,118,Billion,0.013283346,0.088987291,0.142333403,0.065392099,0.05212516,0.093204029,0.133804277,0.135890871,0.109974787,0.156654611,0.250845045,0.007406319,0.08396975,0.10126248,0.121335953,0.126872271,0.015933992,0.144959092,0.215342566,0.148170948,0.080381848,0.102476917,0.15106836,0.167201832,0.150133297,0.171232879,0.14149183,0.163910031,0.166710883,0.149509326,0.167221084,0.165109009,0.133096606
Lebanon,LBN,121,Billion,,,,,,,,,,,,,,0.032667898,0.040225625,0.024106909,0.037229605,0.033696085,0.038385056,0.009861264,0.016460786,0.016430385,0.023372857,0.019332496,0.025016073,0.019165851,0.015644835,0.019969821,0.019591069,0.020550672,0.020145858,0.020887289,0.021793501
Morocco,MAR,143,Billion,0.484267086,0.603452384,0.512811065,0.42066893,0.418994367,0.404531419,0.51570636,0.435563147,0.380696535,0.505602658,0.474822164,0.503320813,0.511967599,0.607830346,0.607927978,0.479173243,0.494782746,0.505326509,0.56250453,0.473733187,0.458574772,0.473264009,0.548784912,0.475318819,0.433217168,0.424213916,0.4177472,0.398665905,,,,,
Occupied Palestinian Territory,PSE,299,Billion,,,,,,,,,,,,,,,,,,,,,,,,,,0.014944699,0.014769987,0.016133334,0.019503424,0.014750802,0.016736444,0.016892964,0.016108999
Oman,OMN,221,Billion,0.052434333,0.068347014,0.087609321,0.088455886,0.136526763,0.170897201,0.159316719,0.081800736,0.118423559,0.120216854,0.1218528,0.161353394,0.165705591,0.183211282,0.139769182,0.133227915,0.125867382,0.109910861,0.105452828,0.099099562,0.082805887,0.082006805,0.087307796,0.087433361,0.095231548,0.078023404,0.059460681,0.062870532,0.062737294,0.123029508,0.113959365,0.104710169,0.101369672
Qatar,QAT,179,Billion,,,,,,,,,,,,,,,,,,,,,,,,,0.606704593,0.264116168,,,,,,,
Syrian Arab Republic,SYR,212,Billion,0.277338773,0.231397092,0.273014933,0.304694355,0.32612893,0.353445023,0.311579973,0.264874965,0.291716039,0.301235497,0.300063044,0.28101781,0.326786399,0.368911475,0.348892599,0.472616106,0.459183276,0.506071508,0.486436665,0.384524763,0.641312122,0.655634582,0.714391351,0.746757329,0.707819402,0.492467672,0.479966462,0.434863597,0.296114922,0.426854104,,,
Tunisia,TUN,222,Billion,0.48227787,0.615208328,0.686618507,0.642039597,0.865297914,0.393280089,0.379884809,0.321887106,0.430281818,0.40393737,0.369936675,0.320668012,0.343508273,0.36759305,0.385993749,0.406472713,0.400004655,0.385669082,0.396671176,0.434915155,0.57877481,0.646049738,0.633970261,0.609006822,0.552010119,0.491740108,0.510080755,0.489837617,0.486039609,0.5251019,0.509138584,0.577373445,0.638658941
Turkey,TUR,223,Billion,0.46160385,0.461449683,0.519819856,0.593783557,0.534094453,0.392581433,0.44901824,0.456074357,0.439399153,0.525051534,0.53950119,0.666452646,0.623946488,0.594299078,0.450828671,0.426019043,0.434551507,4.034267902,2.191444397,3.116523504,2.943836212,2.769806147,2.632781744,2.789890051,3.242290735,3.955095053,4.725468159,5.811194897,5.9060812,6.075581551,6.091433525,6.731480598,7.351782322
United Arab Emirates,ARE,225,Billion,0.054875247,0.07487268,0.087668069,0.09205731,0.06862919,0.063595355,0.049317002,0.049827661,0.04831887,0.046163641,0.046216164,0.048900776,0.051892739,0.052508134,0.05132997,0.050529521,0.047002867,0.051291663,0.061979324,0.053978901,0.050405305,0.053262834,0.053475972,0.053180531,0.049681656,0.043920763,0.040426467,0.037009757,0.039371502,0.054606248,0.04700036,0.045252025,0.048434485
Yemen,YEM,249,Billion,,,,,,,,,,0.014690181,0.038588684,0.042524133,0.046473056,0.052073229,0.039979734,0.031332731,0.060483091,0.095348157,0.072118662,0.024520397,0.071444035,0.069429822,0.066790938,0.066532478,0.076061204,0.082413808,0.077812202,0.071134686,,,,,
Afghanistan,AFG,2,Billion,,,,,,,,,,,,,,,,,,,,,,,,0.03979532,0.147941828,0.049214371,0.039448105,0.052600253,0.069539264,0.112547733,0.078530535,0.10505376,
Bangladesh,BGD,16,Billion,0.192934275,0.137429833,0.172070593,0.1742284,0.199211061,0.25624311,0.111455828,0.148510411,0.171339527,0.178111285,0.183454216,0.185495958,0.193290442,0.209278241,0.237659961,0.238046303,0.22489883,0.214786991,0.200820863,0.18882747,0.182375073,0.176570773,0.170345157,0.166607335,0.185854718,0.340236962,0.369995594,0.441248685,0.745880961,0.856308937,0.69406873,0.855101407,
Bhutan,BTN,18,Billion,0.010986289,0.011333358,0.011803699,0.014452489,0.014157594,0.01405094,0.013913912,0.018512024,0.020376051,0.018060407,0.017730648,0.021229563,0.022468794,0.022630719,0.028878765,0.030618675,0.030348899,0.023876099,0.013159678,0.01930636,0.018884327,0.020285729,0.022683891,0.027785853,0.023741333,0.026864007,0.033189341,0.035662435,0.036957059,0.042791788,,,
India,IND,100,Billion,1.77045095,1.459342599,1.828419209,2.324330568,3.358979225,3.145507336,3.526549578,3.554431438,4.175859928,4.160755634,4.724172592,4.471247673,4.821964741,3.431239605,3.451502323,3.494856119,3.60655427,4.192531109,4.582431793,5.125429153,5.376447201,5.032362938,4.487859726,4.502527714,5.597124577,6.412475586,8.595780373,10.18074894,18.52599716,14.55205631,12.96889114,13.41258049,
Maldives,MDV,132,Billion,0.001792571,0.000707933,0.002190957,0.006819483,0.003401728,0.00274065,0.011579326,0.008188854,0.004461736,0.003261709,0.001995984,0.007275946,0.009777067,0.013366338,0.011891083,0.01775256,0.006860284,0.001778558,0.001846159,0.001923257,0.003895524,0.003183391,0.00142182,0.002073909,0.001975927,0.004820312,0.007926591,0.011868648,0.009766947,0.003337872,0.008240891,,
Nepal,NPL,149,Billion,0.058758184,0.070165388,0.100086011,0.120773509,0.109533183,0.123564847,0.073899314,0.057860062,0.066441044,0.068924956,0.058065306,0.071891867,0.06551265,0.081987254,0.08017505,0.081639819,0.068330862,0.057950865,0.061727103,0.057638668,0.059773836,0.062420823,0.069444992,0.056203026,0.056694485,0.102347702,0.05927591,0.06077012,0.065304607,0.136214629,0.173323259,0.176371813,0.191495672
Pakistan,PAK,165,Billion,0.098319441,0.052067861,0.070210151,0.076332934,0.073928662,0.080890082,0.090525173,0.093109526,0.090867914,0.089142554,0.088867731,0.146079779,0.091316566,0.093157589,0.091001257,0.06261608,0.276802748,0.179617882,0.098972015,0.113669731,0.114095032,0.087834738,0.117394,0.136781067,0.341464311,0.051197629,0.700792551,0.950738966,1.938379169,1.099690437,0.837009966,0.278310329,0.901088953
Sri Lanka,LKA,38,Billion,0.178362325,0.623384237,0.918199956,0.717937589,0.706950665,0.675958693,0.561432779,0.502733707,0.35457325,0.264483452,0.192045972,0.200748175,0.210651338,0.185240939,0.202252492,0.236981958,0.185006544,0.152970865,0.211586028,0.201006055,0.21567291,0.206952497,0.197960541,0.199013263,0.197263315,0.234243348,0.309367925,0.294739395,0.399488866,0.420675337,0.40911293,0.411765367,
Angola,AGO,7,Billion,,,,,,,,,,,,0.138956189,0.069763198,0.047475111,0.041790914,0.077043682,0.075866796,0.108397171,0.061904218,0.093787737,0.075983368,0.120902717,0.056373481,0.097453669,0.10369651,0.175906852,0.27996847,0.510385334,0.466344863,0.167275906,0.262524903,0.29607302,0.240473956
Benin,BEN,53,Billion,,,,,,,,,,,,,,,,0.041301407,0.040001106,0.040911052,0.044465389,0.052097157,0.05563413,0.03262848,0.043900121,0.052263189,0.04545239,0.05084857,0.048949044,0.060555216,0.082479261,0.110879563,0.093600191,0.047320049,0.075124502
Botswana,BWA,20,Billion,0.063248508,0.059059817,0.07325121,0.069652341,0.098348334,0.109451614,0.14490281,0.155293092,0.186384141,0.135834202,0.114194773,0.094443716,0.119051993,0.141706944,0.132266924,0.139676213,0.217572242,0.152668118,0.161536619,0.144942209,0.127151757,0.146352127,0.16609621,0.1586027,0.121284336,0.15494816,0.131312117,0.14635174,0.239201173,0.182833701,0.147902429,0.147452727,0.193840683
Burkina Faso,BFA,233,Billion,0.144350395,0.156484172,0.165690571,0.16629152,0.154078409,0.093607709,0.128558069,0.141017452,0.137424543,0.117877163,0.133995563,0.141813263,0.120999567,0.119588695,0.108483545,0.276954234,0.224336445,0.194592133,0.180531651,0.203783259,0.100538716,0.076943271,0.098712444,0.092266351,0.105945759,0.109154023,0.144172996,0.218474045,0.166955039,0.192297563,0.151339993,0.195184529,0.220492348
Burundi,BDI,29,Billion,,,,,,,,,,,,0.020667575,0.024040837,0.024427971,0.024223709,0.01243885,0.006298754,0.005368358,0.004000198,0.004506133,0.003281247,0.003696637,0.002677814,0.002399137,0.00215733,0.001294406,,,,,,,
Cameroon,CMR,32,Billion,0.026897993,0.024394371,0.108569443,0.175178558,0.175147519,0.243360788,0.235381156,0.253507137,0.117564537,0.081968144,0.104643755,0.091721229,0.103831932,0.078318693,0.06657394,0.054015033,0.073065773,0.043119553,0.049080409,0.051259052,0.055870906,0.075720958,0.081147552,0.08938814,0.097522251,0.105139814,0.111924663,,,,,,
Cape Verde,CPV,35,Billion,,,,,,,,,,,,,,0.004224746,0.003434762,0.001686551,0.001627116,0.003202384,0.002658002,0.00903115,0.012204719,0.010630187,0.011127195,0.011111306,0.011704195,0.012380792,0.012582854,0.01294264,0.013032387,0.016736997,,,
Central African Republic,CAF,37,Billion,0.019655818,0.017068937,0.015014292,0.013572352,0.01301974,0.011704301,0.011908699,0.011978068,0.011510588,0.011092793,0.010768813,0.010807615,0.010894143,0.015561899,0.017306952,0.019029507,0.004023392,0.006479313,0.013666298,0.012105684,0.011449328,0.007118167,0.006502138,0.005827597,0.005429148,0.004769945,0.004127982,0.003614328,0.002965191,0.006204418,0.006926341,0.004923717,0.004894875
Congo,COG,46,Billion,,,,,,,,,,,,,7.03E-05,0.000195602,7.57E-05,0.004959128,0.006199485,0.000972925,0.004957808,0.006648918,0.006470349,0.009781646,0.012258923,0.015208865,0.02270516,0.025438502,,,,,,,
Cote d'Ivoire,CIV,107,Billion,0.124088123,0.119524032,0.10946849,0.099574007,0.08376535,0.082801707,0.083823889,0.086678997,0.086280592,0.09396638,0.097488023,0.106954113,0.106574282,0.100188367,0.217734963,0.123227082,0.121297322,0.096477158,0.171027124,0.114478022,0.089267179,0.093337387,0.09582369,0.097186834,0.09795858,0.074902058,0.087051801,0.083391584,0.087252356,0.10731145,0.122539371,0.116219558,0.280461788
Democratic Republic of the Congo,COD,250,Billion,,,,,,,,,,,,,0.009360755,0.00031471,0.000743843,0.001078541,0.000340385,0.002451335,0.284042299,0.079115428,0.019395983,0.006049319,0.006917958,0.023651354,0.011542864,0.01733302,0.024984993,0.044540316,,,,,
Equatorial Guinea,GNQ,61,Billion,,,,,,,,,,,,,0.015332132,0.025619334,0.009310322,0.005855848,0.00869707,0.005446789,0.018414184,0.004943252,0.004487729,0.005751105,0.010122106,0.034079485,0.029648401,0.022035277,0.027655885,0.039101016,0.023355013,0.054038312,,,
Ethiopia,ETH,238,Billion,0.062056053,0.051733449,0.06550198,0.087260976,0.086034656,0.090290979,0.149252772,0.134786636,0.112331912,0.095336676,0.096679106,0.072051667,0.091546826,0.110550046,0.134818107,0.119109757,0.137739196,0.118074998,0.133771241,0.214807287,0.153158724,0.122131079,0.192834198,0.134483635,0.128322572,0.476343125,0.64148742,0.585442781,0.611696362,0.56157583,0.207116663,0.229025796,
Gambia,GMB,75,Billion,0.00649017,0.005499225,0.004505021,0.004296932,0.003695883,0.003068547,0.002831688,0.00276895,0.002635926,0.002490361,0.002427089,,,,,,,,,,,,,,,,,,,,,,
Ghana,GHA,81,Billion,0.058468424,0.054906111,0.046587005,0.023976555,0.019974122,0.035490315,0.02832276,0.029439377,0.023831472,0.03395671,0.027950509,0.027535463,0.039184622,0.045830958,0.01664093,0.017177407,0.016256414,0.016934391,0.017308258,0.017683873,0.015936112,0.024677606,0.024253476,0.01536903,0.016571466,0.017883455,0.019575663,0.02130414,,,,,
Guinea-Bissau,GNB,175,Billion,,,,,,,0.010045907,0.043532711,0.016560659,0.005470924,0.002733176,0.001066242,0.000431717,0.000193474,0.000104865,9.66E-05,9.76E-05,0.001394049,0.001492452,0.001453422,0.000859796,0.000737504,0.000755449,0.000643409,0.000830607,0.000989243,0.001042473,0.00101378,0.000946227,0.000968695,0.000991258,0.000975572,0.001063563
Kenya,KEN,114,Billion,0.141603291,0.211613864,0.176279217,0.182800695,0.136175066,0.202568039,0.193259314,0.276687443,0.173946783,0.424750388,0.276101798,0.146910101,0.153234363,0.132579878,0.161740929,0.211866826,0.156405047,0.14667061,0.148741201,0.177601293,0.152571231,0.15206787,0.1685545,0.155990005,0.169481009,0.143611982,0.121817872,0.164422274,0.172441483,0.224298701,0.293380708,0.320507586,0.420795023
Lesotho,LSO,122,Billion,0.016520282,0.01917031,0.027992703,0.023391213,0.021772562,0.023808604,0.028498849,0.057579014,0.053480942,0.049586494,0.045841277,0.051977515,0.036798056,0.056310959,0.051260646,0.065323673,0.066032276,0.063308448,0.031038422,0.03498226,0.024001537,0.031540826,0.024800675,0.027056733,0.025651833,0.025977585,0.021381311,0.027055008,0.030798448,0.037118923,0.031747624,0.037221503,0.03743501
Liberia,LBR,123,Billion,0.023337424,0.022404581,0.036912218,0.02573383,0.022357283,0.023537323,0.027920123,0.030406933,0.017570963,0.013145047,0.011368762,0.009300429,0.008116539,0.006544972,0.005446793,0.004348613,0.003560137,0.003738616,0.003428972,0.003019241,0.003046284,0.002736243,0.002274985,0.001759117,0.001280439,0.001009429,0.000965938,0.003806921,0.005997445,0.007166507,0.008724682,0.010246993,0.007262375
Madagascar,MDG,129,Billion,,,,,,,,,0.242062643,0.517264485,0.087921381,0.060965404,0.08271309,0.026568204,0.043817122,0.039602365,0.07705459,0.082607262,0.08194384,0.080287211,0.080607042,0.0808158,0.025224879,0.05600664,0.087045886,0.102045611,0.070762478,0.07047914,0.085252464,,,,
Malawi,MWI,130,Billion,0.042114049,0.051467657,0.047683198,0.052637771,0.039271794,0.032742936,0.056477439,0.044276156,0.042054161,0.044623356,0.039875634,0.056111753,0.04168516,0.037199941,0.044763874,0.039088342,0.024996232,0.029927408,0.035153851,0.046005797,0.024338502,0.043447584,0.030801205,0.040723238,0.070474975,0.055413056,0.13948977,0.174125537,0.242062896,0.208950579,0.183871984,0.163632765,
Mali,MLI,133,Billion,0.021473041,0.010988173,0.016275896,0.018050699,0.017114811,0.025100242,0.057866849,0.029807121,0.011181602,0.116037823,0.123097219,0.126754627,0.11354699,0.110457733,0.135019332,0.137256458,0.05828825,0.06434425,0.061984144,0.083785482,0.092434794,0.146991849,0.106495455,0.119021244,0.150532469,0.238227889,0.163595527,0.17039457,0.180090934,0.16141963,0.191096574,0.119616911,0.113460287
Mauritius,MUS,137,Billion,0.033380199,0.03589442,0.036621712,0.039534256,0.038200483,0.041366268,0.032273252,0.050098751,0.055177599,0.052317623,0.053761005,0.047109742,0.047014911,0.043435186,0.045556899,0.050421707,0.05117007,0.046077769,0.050519589,0.060375143,0.051473502,0.051402528,0.050792389,0.04801888,0.055377502,0.052549079,0.045867845,0.039906424,0.117176689,0.074313954,0.07932736,0.052936997,0.052498341
Mozambique,MOZ,144,Billion,,,,,,,,,,,,,,,,,,,,,,,,,,,0.078898311,0.076354727,0.084241353,0.119401202,0.110174127,0.109529488,0.067388318
Namibia,NAM,147,Billion,,,,,,,,,,,,,,0.088751525,0.072562337,0.089763403,0.105399072,0.113246553,0.121648379,0.121332839,0.101092622,0.101865232,0.10122975,0.102791809,0.098158985,0.105772182,0.092390262,0.105617911,0.117890663,0.149275586,0.177780271,0.243753284,
Niger,NER,158,Billion,0.05535116,0.054474194,0.05362637,0.05366151,0.052292943,0.060506534,0.063467227,0.066960014,0.076425649,0.080693379,0.089751698,0.100858428,0.116428077,0.126292542,0.102284588,0.051263466,0.072462209,0.08826448,0.111253008,0.081481732,0.056541659,0.082427397,0.095913596,0.102841638,0.141544268,0.136100158,0.113415681,0.146905929,0.075630374,0.053210564,0.083586738,0.096860997,0.110221416
Nigeria,NGA,159,Billion,0.537455082,0.800487816,1.01723659,1.020238876,0.201625228,0.716503799,0.582779646,0.156782761,0.210494995,0.242336944,0.394538283,0.126421928,0.120666407,0.284401655,0.238626093,0.174368709,0.116191767,0.174180269,0.261599213,1.257758975,0.169892445,0.943309486,0.514213443,0.175099462,0.5353778,0.733311653,0.210410535,0.332867652,0.935610175,0.920465708,0.766350806,0.454069078,0.414905876
Rwanda,RWA,184,Billion,,,,,,,,,,,,,,,,,,,,,,,,,,,0.033223778,0.028036173,0.04983148,0.064717233,0.075852133,0.084510319,0.083325811
Senegal,SEN,195,Billion,0.038891464,0.041743584,0.068792678,0.073365368,0.071592078,0.063149817,0.05794568,0.05521911,0.05663012,0.050610527,0.050665714,0.047424544,0.063085929,0.062410254,0.046637941,0.051321451,0.055891119,0.072511397,0.071631797,0.084057353,0.094878748,0.069226786,0.101035543,0.120696731,0.095375299,0.16045098,0.170932367,0.226763368,0.163109541,0.25242877,0.213710815,0.222871512,0.292005092
Seychelles,SYC,196,Billion,,,,,,,,,,,,,,0.00663699,0.006392338,0.006072072,0.006244547,0.006519569,0.006998482,0.01210159,0.012110685,0.012308179,0.012634937,0.012660013,0.013079431,0.013864364,0.014553756,0.02069369,0.002332482,0.003653032,0.005662638,0.002881841,0.002691682
Sierra Leone,SLE,197,Billion,,,,0.025692685,0.010668362,0.009660754,0.006388743,0.005349501,0.005288665,0.00454934,0.003705599,0.002136896,0.001922026,0.002196715,0.002720964,0.002923063,0.002446984,0.003074656,0.003551558,0.002558765,0.003250782,0.005224795,0.006669054,0.008526051,0.008196353,0.006534304,0.008610986,0.005246378,,,,,
South Africa,ZAF,202,Billion,,,,,,,,,,,,,,,0.255878747,0.254146188,0.257471234,0.272513628,0.326837152,0.287396252,0.206705153,0.216327339,0.319051385,0.378134787,0.234032646,0.535128713,0.662069857,0.950142205,0.757753968,0.463763714,0.417120248,0.509878397,0.564719319
Sudan,SDN,206,Billion,0.249640256,0.23734954,0.218106598,0.351502508,0.371396035,0.31616649,0.308185995,0.237906724,0.203378409,0.140024409,0.08354225,0.044404216,0.024751306,0.010429746,0.006949084,0.00366012,0.002959416,0.002174571,0.001840362,0.001719343,,,,,,,,,,,,,
Swaziland,SWZ,209,Billion,0.027392855,0.028504413,0.033268213,0.025676372,0.020971859,0.01747998,0.017613975,0.018557305,0.018973621,0.023591068,0.025982244,0.046150804,0.038302228,0.030009562,0.025806213,0.024650881,0.031076889,0.029850107,0.029317057,0.042048842,0.042164516,0.029789161,0.031021358,0.026525265,0.031451065,0.048354164,0.044276673,0.05459949,0.096668959,0.088053145,0.054883596,0.030210063,0.040442772
Togo,TGO,217,Billion,0.044140466,0.024863936,0.041011438,0.027412461,0.045805801,0.042371538,0.083294146,0.071190417,0.067148186,0.015705025,0.023063337,0.019579267,0.014144124,0.011898114,0.019411147,0.022404866,0.014290927,0.015726022,0.014331479,0.011496975,0.021186201,0.009320476,0.012467852,0.014189184,0.013167636,0.014673308,0.017987696,0.032849766,0.039079558,0.0279263,0.038903382,0.041435558,0.052879196
Uganda,UGA,226,Billion,0.007500783,0.010549355,0.014213996,0.010517911,0.008730918,0.009319759,0.008578421,0.020600263,0.014666319,0.012375468,0.012732942,0.012016195,0.0083119,0.007147829,0.009454294,0.008468837,0.00776908,0.006922415,0.007279888,0.012995219,0.07778085,0.072025962,0.082523465,0.08157634,0.042991575,0.055318769,0.062328838,0.078300968,0.070121296,0.075447701,0.122581378,0.10444808,0.089696437
United Republic of Tanzania,TZA,215,Billion,0.115454048,0.108319618,0.081240743,0.062990673,0.066191077,0.056997981,0.061036739,0.064619914,0.05188366,0.04860875,0.054258149,0.062749706,0.07465174,0.086983189,0.095949799,0.105086446,0.030499633,0.044945952,0.070817202,0.112944037,0.113733143,0.098526292,0.100262851,0.162955821,0.227831334,0.172483042,0.14558889,0.116865605,0.217402652,0.416477412,,,
Zambia,ZMB,251,Billion,0.000363653,0.000216266,0.000280201,0.000148614,0.000170968,0.000153542,0.000241687,7.28E-05,0.000309804,3.34E-05,4.10E-05,4.34E-05,2.53E-05,3.24E-05,3.54E-05,3.38E-05,3.03E-05,5.77E-05,6.71E-05,6.45E-05,0.000115172,0.000144653,0.000164609,0.000170074,0.00017554,0.000176069,1.78E-07,1.76E-07,0.000234878,0.000174945,0.000112453,0.000157556,
Zimbabwe,ZWE,181,Billion,5.64E-05,6.90E-05,0.000117836,8.53E-05,0.000224576,0.000223445,0.000259532,0.000253902,0.000293297,0.000343259,0.000434058,0.000590328,0.000777553,0.000935195,0.000469857,0.000753694,0.000527712,0.000682079,0.001519016,0.001690728,0.002874291,0.003369554,0.003896171,0.004459597,0.005234994,0.0060427,0.006927243,0.007917153,,,,,
