Country Name,Country Code,Series Name,Series Code,1960,1961,1962,1963,1964,1965,1966,1967,1968,1969,1970,1971,1972,1973,1974,1975,1976,1977,1978,1979,1980,1981,1982,1983,1984,1985,1986,1987,1988,1989,1990,1991,1992,1993,1994,1995,1996,1997,1998,1999,2000,2001,2002,2003,2004,2005,2006,2007,2008,2009,2010,2011,2012,2013,2014,2015,2016,2017
Afghanistan,AFG,GDP PPP (constant 2011 international $),NY.GDP.MKTP.PP.KD,,,,,,,,,,,,,,,,,,,,,,,,,,,,,,,,,,,,,,,,,,,23378628009,25352757518,25620370017,28483515604,30065529260,34196594612,35431559621,42879503311,46495656382,49338254431,56460103814,58662372437,60240696443,61029873906,62474275204,64095821539
Albania,ALB,GDP PPP (constant 2011 international $),NY.GDP.MKTP.PP.KD,,,,,,,,,,,,,,,,,,,,,,,,,,,,,,,15521805991,10929059173,10142166914,11115814943,12038427581,13639538448,14880736448,13267983699,14463276785,16415988860,17510380538,18900762787,19700524186,20837932090,22027685616,23287849849,24552615940,26001220281,26979088131,27883591803,28918089174,29655546966,30076646107,30377639526,30916650867,31602614693,32661984652,33916650263
Algeria,DZA,GDP PPP (constant 2011 international $),NY.GDP.MKTP.PP.KD,,,,,,,,,,,,,,,,,,,,,,,,,,,,,,,2.65261E+11,2.62078E+11,2.66795E+11,2.61192E+11,2.58842E+11,2.68678E+11,2.79693E+11,2.8277E+11,2.97191E+11,3.06701E+11,3.18416E+11,3.27996E+11,3.46394E+11,3.71341E+11,3.87315E+11,4.10196E+11,4.17106E+11,4.31174E+11,4.41351E+11,4.48555E+11,4.64856E+11,4.78299E+11,4.9444E+11,5.08125E+11,5.27378E+11,5.47226E+11,5.65284E+11,5.74894E+11
American Samoa,ASM,GDP PPP (constant 2011 international $),NY.GDP.MKTP.PP.KD,,,,,,,,,,,,,,,,,,,,,,,,,,,,,,,,,,,,,,,,,,,,,,,,,,,,,,,,,,
Andorra,AND,GDP PPP (constant 2011 international $),NY.GDP.MKTP.PP.KD,,,,,,,,,,,,,,,,,,,,,,,,,,,,,,,,,,,,,,,,,,,,,,,,,,,,,,,,,,
Angola,AGO,GDP PPP (constant 2011 international $),NY.GDP.MKTP.PP.KD,,,,,,,,,,,,,,,,,,,,,,,,,,,,,,,41757760634,42171730074,39709626085,30185900701,30590199618,35178729569,39943466777,42849065331,44859177736,45837776092,47237947909,49224775315,55951678795,58499741984,64489154137,77971919029,92778034180,1.14293E+11,1.30085E+11,1.33224E+11,1.37824E+11,1.43162E+11,1.50574E+11,1.60878E+11,1.68445E+11,1.73498E+11,1.72087E+11,1.73329E+11
Antigua and Barbuda,ATG,GDP PPP (constant 2011 international $),NY.GDP.MKTP.PP.KD,,,,,,,,,,,,,,,,,,,,,,,,,,,,,,,1092548400,1116331793,1129262557,1188888427,1268260939,1212971180,1293085720,1363832145,1428359323,1481321381,1580447592,1502151037,1517534579,1609465436,1701791780,1810917564,2041420341,2230444036,2229771930,1959801487,1818695300,1780882314,1843330898,1841414956,1935362848,2013942818,2121537299,2192334042
Argentina,ARG,GDP PPP (constant 2011 international $),NY.GDP.MKTP.PP.KD,,,,,,,,,,,,,,,,,,,,,,,,,,,,,,,3.53996E+11,3.98846E+11,4.46471E+11,4.72844E+11,5.0044E+11,4.86201E+11,5.13072E+11,5.54688E+11,5.76044E+11,5.56542E+11,5.52151E+11,5.27808E+11,4.70306E+11,5.11867E+11,5.58086E+11,6.07486E+11,6.56372E+11,7.15495E+11,7.44525E+11,7.0046E+11,7.71384E+11,8.17698E+11,8.09305E+11,8.28771E+11,8.07947E+11,8.30013E+11,8.14886E+11,8.38224E+11
Armenia,ARM,GDP PPP (constant 2011 international $),NY.GDP.MKTP.PP.KD,,,,,,,,,,,,,,,,,,,,,,,,,,,,,,,13241360920,11692121893,6804814621,6205991016,6541114703,6992451514,7402586818,7648432626,8206768207,8477591558,8977769460,9835742702,11132713294,12695834752,14024814656,15969454960,18077104187,20562561750,21981378511,18871015949,19286178300,20192628680,21646497945,22360832378,23165822344,23907128659,23954942916,25751563634
Aruba,ABW,GDP PPP (constant 2011 international $),NY.GDP.MKTP.PP.KD,,,,,,,,,,,,,,,,,,,,,,,,,,,,,,,,,,,,,,,,,,,,,,,,,,,,3671232222,,,,,,
Australia,AUS,GDP PPP (constant 2011 international $),NY.GDP.MKTP.PP.KD,,,,,,,,,,,,,,,,,,,,,,,,,,,,,,,4.89058E+11,4.87163E+11,4.89319E+11,5.09083E+11,5.29337E+11,5.49607E+11,5.70924E+11,5.9357E+11,6.20736E+11,6.51885E+11,6.7759E+11,6.90688E+11,7.18337E+11,7.39784E+11,7.69384E+11,7.9393E+11,8.16431E+11,8.47271E+11,8.78262E+11,8.95148E+11,9.13525E+11,9.35917E+11,9.72342E+11,9.98007E+11,1.02354E+12,1.0476E+12,1.07722E+12,1.09831E+12
Austria,AUT,GDP PPP (constant 2011 international $),NY.GDP.MKTP.PP.KD,,,,,,,,,,,,,,,,,,,,,,,,,,,,,,,2.40638E+11,2.4892E+11,2.54132E+11,2.5547E+11,2.61607E+11,2.68587E+11,2.74897E+11,2.80652E+11,2.90704E+11,3.01042E+11,3.11205E+11,3.15148E+11,3.20353E+11,3.23369E+11,3.32213E+11,3.39668E+11,3.51401E+11,3.64499E+11,3.69822E+11,3.559E+11,3.62438E+11,3.73031E+11,3.7557E+11,3.75666E+11,3.78779E+11,3.82915E+11,3.8847E+11,4.00261E+11
Azerbaijan,AZE,GDP PPP (constant 2011 international $),NY.GDP.MKTP.PP.KD,,,,,,,,,,,,,,,,,,,,,,,,,,,,,,,60946791250,60520163735,46842606492,36021964604,28925637570,25512412077,25844073485,27343029882,30077332946,32303055759,35888694708,39441675484,43622492770,48508212064,53456049887,67568447490,90879561543,1.13644E+11,1.25886E+11,1.37733E+11,1.44419E+11,1.44514E+11,1.47693E+11,1.56255E+11,1.5938E+11,1.61133E+11,1.56138E+11,1.56294E+11
Bahamas The,BHS,GDP PPP (constant 2011 international $),NY.GDP.MKTP.PP.KD,,,,,,,,,,,,,,,,,,,,,,,,,,,,,,,7944357197,7612141288,7320932526,7343466864,7574706481,7906384047,8240312603,8410247584,8806915415,9436091559,9827617929,10085660127,10358433019,10227427765,10317719581,10668042851,10936541393,11094743346,10836905175,10384436165,10544229522,10608854836,10936316964,10891431190,10875313116,10988955736,10803291851,10958555825
Bahrain,BHR,GDP PPP (constant 2011 international $),NY.GDP.MKTP.PP.KD,,,,,,,,,,,,,,,,,,,,,,,,,,,,,,,17413790318,19369358758,20665168542,23324777112,23266464823,24180834923,25174668717,25953321167,27196485975,28365934589,29869327646,30613382623,31719795667,33630580678,35978313685,38413664047,40898477901,44289961205,47055926124,48251039581,50342436061,51341141015,53257321531,56142006331,58584095087,60260753039,62198698867,64615012912
Bangladesh,BGD,GDP PPP (constant 2011 international $),NY.GDP.MKTP.PP.KD,,,,,,,,,,,,,,,,,,,,,,,,,,,,,,,1.36764E+11,1.4153E+11,1.49234E+11,1.56265E+11,1.62344E+11,1.70658E+11,1.78376E+11,1.86385E+11,1.96035E+11,2.0519E+11,2.16051E+11,2.27021E+11,2.35722E+11,2.46895E+11,2.59831E+11,2.76813E+11,2.95282E+11,3.16125E+11,3.35136E+11,3.52044E+11,3.71659E+11,3.95684E+11,4.21489E+11,4.46835E+11,4.73919E+11,5.04973E+11,5.40894E+11,5.80294E+11
Barbados,BRB,GDP PPP (constant 2011 international $),NY.GDP.MKTP.PP.KD,,,,,,,,,,,,,,,,,,,,,,,,,,,,,,,3758324062,3611749424,3358926964,3399234088,3528404983,3598973083,3742932006,3918849810,4063847253,4080102642,4173945003,4073770323,4106360486,4196700416,4255454222,4425672391,4677935717,4762138560,4766900699,4576224671,4589953345,4622083018,4635949267,4635949267,4635949267,4677672811,4771226267,4850956521
Belarus,BLR,GDP PPP (constant 2011 international $),NY.GDP.MKTP.PP.KD,,,,,,,,,,,,,,,,,,,,,,,,,,,,,,,85117949913,84096538251,76023269521,70245499550,62026773294,55575988541,57132118831,63645183501,68991373561,71337079667,75474632783,79041040139,83028871905,88876755329,99052915336,1.08364E+11,1.192E+11,1.29452E+11,1.42656E+11,1.42941E+11,1.54081E+11,1.62623E+11,1.65439E+11,1.67133E+11,1.70013E+11,1.63502E+11,1.59371E+11,1.63231E+11
Belgium,BEL,GDP PPP (constant 2011 international $),NY.GDP.MKTP.PP.KD,,,,,,,,,,,,,,,,,,,,,,,,,,,,,,,3.05478E+11,3.11078E+11,3.1584E+11,3.12802E+11,3.22896E+11,3.30596E+11,3.35864E+11,3.48326E+11,3.55206E+11,3.67863E+11,3.8123E+11,3.84324E+11,3.91167E+11,3.94197E+11,4.08524E+11,4.1708E+11,4.27533E+11,4.42278E+11,4.45742E+11,4.35699E+11,4.47655E+11,4.55705E+11,4.56775E+11,4.57692E+11,4.63611E+11,4.70227E+11,4.76868E+11,4.85116E+11
Belize,BLZ,GDP PPP (constant 2011 international $),NY.GDP.MKTP.PP.KD,,,,,,,,,,,,,,,,,,,,,,,,,,,,,,,968868728.9,1070571291,1199422660,1274705188,1276718440,1284940170,1303298401,1349502660,1399986969,1522911025,1721479771,1807823395,1900357910,2077595510,2174213426,2230280781,2332484743,2358242624,2434378368,2451738352,2533244977,2586543205,2684865278,2704016418,2813402070,2920170452,2905962757,2931639950
Benin,BEN,GDP PPP (constant 2011 international $),NY.GDP.MKTP.PP.KD,,,,,,,,,,,,,,,,,,,,,,,,,,,,,,,7281933690,7589653602,7814133608,8270179892,8437270644,8947320415,9334227963,9869516849,10260449609,10808506330,11441883948,12051783372,12611524838,13045871410,13623755116,13856936261,14403871440,15266161439,16012661259,16385644372,16731414124,17227124155,18056864841,19355102198,20584505762,21015917559,21849169249,23069269484
Bermuda,BMU,GDP PPP (constant 2011 international $),NY.GDP.MKTP.PP.KD,,,,,,,,,,,,,,,,,,,,,,,,,,,,,,,2405862615,2320830206,2319443808,2389225839,2403551952,2509287756,2574541183,2692970077,2797995910,2892642283,3162154265,3390538833,3340433777,3454366159,3534551202,3593726911,3792958313,3900901739,3960503379,3751223364,3672668488,3550019929,3378392790,3293556129,,,,
Bhutan,BTN,GDP PPP (constant 2011 international $),NY.GDP.MKTP.PP.KD,,,,,,,,,,,,,,,,,,,,,,,,,,,,,,,1249305960,1244210339,1301455106,1327306776,1393028419,1491572883,1574581493,1659196960,1757322379,1897626506,2029189412,2195659523,2431206377,2617542155,2771883125,2969312154,3172691209,3741422281,3919826548,4180778174,4671219173,5039821055,5295426154,5408880477,5719645280,6096995931,6584188915,7033150121
Bolivia,BOL,GDP PPP (constant 2011 international $),NY.GDP.MKTP.PP.KD,,,,,,,,,,,,,,,,,,,,,,,,,,,,,,,25417775810,26756409955,27196953425,28358071243,29681619117,31070206168,32425284448,34031700725,35743274860,35895859175,36796058243,37415630617,38345620379,39385300794,41028965314,42843034251,44898218533,46947545076,49834113568,51507045388,53632598252,56423688392,59313864686,63344841873,66803831147,70048618747,73035435394,76099423106
Bosnia and Herzegovina,BIH,GDP PPP (constant 2011 international $),NY.GDP.MKTP.PP.KD,,,,,,,,,,,,,,,,,,,,,,,,,,,,,,,,,,,5810308845,7018853117,13262660946,17823633625,20604119822,22582115283,23824131722,24872393400,26190630317,27238255546,28899789072,31430899166,33121402792,35018847444,36973994377,35868596688,36179930092,36525703316,36225558111,37076638020,37502881463,38656750363,39872148509,41080828143
Botswana,BWA,GDP PPP (constant 2011 international $),NY.GDP.MKTP.PP.KD,,,,,,,,,,,,,,,,,,,,,,,,,,,,,,,11175473242,12009019283,12359330819,12596148839,13053126541,13970814889,14785285466,15972033653,16087350643,17642553558,17993233864,18038320206,19133161618,20018241545,20559899476,21496741243,23294700965,25222748340,26798019289,24747351724,26866623793,28491602198,29761235633,33137178854,34512124171,33926132257,35390216621,36225141579
Brazil,BRA,GDP PPP (constant 2011 international $),NY.GDP.MKTP.PP.KD,,,,,,,,,,,,,,,,,,,,,,,,,,,,,,,1.54503E+12,1.56839E+12,1.56106E+12,1.63389E+12,1.72105E+12,1.79707E+12,1.83674E+12,1.89909E+12,1.90552E+12,1.91446E+12,1.99319E+12,2.02075E+12,2.08247E+12,2.1062E+12,2.22761E+12,2.29882E+12,2.38979E+12,2.53462E+12,2.66365E+12,2.6603E+12,2.86094E+12,2.97496E+12,3.03246E+12,3.12375E+12,3.13963E+12,3.02818E+12,2.92315E+12,2.95169E+12
British Virgin Islands,VGB,GDP PPP (constant 2011 international $),NY.GDP.MKTP.PP.KD,,,,,,,,,,,,,,,,,,,,,,,,,,,,,,,,,,,,,,,,,,,,,,,,,,,,,,,,,,
Brunei Darussalam,BRN,GDP PPP (constant 2011 international $),NY.GDP.MKTP.PP.KD,,,,,,,,,,,,,,,,,,,,,,,,,,,,,,,21911944834,22601281770,23676782035,23748895091,24495892218,25592991541,26329639158,25942284992,25797395034,26584772069,27342284375,28092567737,29180339200,30027723259,30179158548,30296104963,31628442732,31677334552,31062884657,30514769017,31307837411,32480415591,32776910360,32080063898,31326263640,31148701801,30380725976,30784410296
Bulgaria,BGR,GDP PPP (constant 2011 international $),NY.GDP.MKTP.PP.KD,,,,,,,,,,,,,,,,,,,,,,,,,,,,,,,81053516154,74208258781,68811546344,67792987631,69025471767,70999731022,71500052408,70721545360,73170441316,68773010245,72170777800,74891773306,79338484628,83429350205,88798327838,95123886557,1.01663E+11,1.0913E+11,1.15701E+11,1.11552E+11,1.13029E+11,1.15193E+11,1.15229E+11,1.16223E+11,1.17767E+11,1.22027E+11,1.26836E+11,1.31354E+11
Burkina Faso,BFA,GDP PPP (constant 2011 international $),NY.GDP.MKTP.PP.KD,,,,,,,,,,,,,,,,,,,,,,,,,,,,,,,7439527546,8114291539,8133174368,8414694841,8525348690,9012689494,10005414158,10637439635,11414793899,12259965668,12483126699,13308685745,13888013411,14971617310,15642117351,16997015908,18059866271,19081152633,20473026958,21079440959,22212117975,23684085089,25212347753,26672795516,27826883996,28910615366,30623447197,32688280144
Burundi,BDI,GDP PPP (constant 2011 international $),NY.GDP.MKTP.PP.KD,,,,,,,,,,,,,,,,,,,,,,,,,,,,,,,5889202771,6183476602,6245929615,5856183607,5631891775,5185845946,4770978271,4695119716,4918137902,4868464710,4826748585,4925977226,5145011760,5082050812,5327699756,5375649054,5665109338,5936231951,6235899991,6452187532,6696461064,6977151646,7257588874,7591006442,7944817041,7633289424,7589746511,7629147846
Cabo Verde,CPV,GDP PPP (constant 2011 international $),NY.GDP.MKTP.PP.KD,,,,,,,,,,,,,,,,,,,,,,,,,,,,,,,566468507.9,574422557.7,637250870.7,692744660.8,825631387.8,942967117.4,1049961115,1166700265,1312739470,1460063606,1668631777,1705869873,1795443245,1870425611,2061154268,2203630691,2379563066,2740559154,2922820603,2885688331,2928015322,3044224922,3077160948,3101864322,3120823310,3152245748,3272581797,3399928926
Cambodia,KHM,GDP PPP (constant 2011 international $),NY.GDP.MKTP.PP.KD,,,,,,,,,,,,,,,,,,,,,,,,,,,,,,,,,,16328203891,10644578380,11698760890,12388695970,12885064073,13488295370,15202034705,16830475873,18083775263,19273495897,20912879329,23075381634,26132889756,28947685177,31903988922,34038869058,34068379722,36099903974,38652011936,41478767114,44530221118,47710823823,51067798981,54618591250,58340697288
Cameroon,CMR,GDP PPP (constant 2011 international $),NY.GDP.MKTP.PP.KD,,,,,,,,,,,,,,,,,,,,,,,,,,,,,,,35385721209,34038020853,32982841114,30366620198,31011587608,32087625240,33486994338,35238806408,36825360102,38405910798,39770616586,41507830622,43266601948,45242672140,48310557796,49286751028,50990923637,53490601579,55356782178,56573891876,58510137648,60926183399,63694221375,67136426340,71086773495,75104216726,78446694792,80939012735
Canada,CAN,GDP PPP (constant 2011 international $),NY.GDP.MKTP.PP.KD,,,,,,,,,,,,,,,,,,,,,,,,,,,,,,,8.69849E+11,8.51358E+11,8.58876E+11,8.81681E+11,9.21299E+11,9.45969E+11,9.61209E+11,1.00235E+12,1.04126E+12,1.09502E+12,1.15177E+12,1.17216E+12,1.20745E+12,1.22921E+12,1.26714E+12,1.30771E+12,1.34201E+12,1.3697E+12,1.3834E+12,1.34259E+12,1.38399E+12,1.42747E+12,1.45238E+12,1.48833E+12,1.53083E+12,1.54615E+12,1.56802E+12,1.6158E+12
Cayman Islands,CYM,GDP PPP (constant 2011 international $),NY.GDP.MKTP.PP.KD,,,,,,,,,,,,,,,,,,,,,,,,,,,,,,,,,,,,,,,,,,,,,,,,,,,,2823463452,,,,,,
Central African Republic,CAF,GDP PPP (constant 2011 international $),NY.GDP.MKTP.PP.KD,,,,,,,,,,,,,,,,,,,,,,,,,,,,,,,2719454816,2704428658,2530694046,2539178848,2663597327,2855377548,2741159792,2886439507,3022106273,3130901341,3052959667,3189266349,3304607512,3126241810,3313656387,3343751363,3503284597,3664699656,3739977386,3803902547,3919793563,4049174940,4215709320,2668546005,2696299365,2825718663,2953760056,3080769909
Chad,TCD,GDP PPP (constant 2011 international $),NY.GDP.MKTP.PP.KD,,,,,,,,,,,,,,,,,,,,,,,,,,,,,,,6614722472,7179298108,7753745579,6535644784,7198155752,7287164498,7448536790,7869631798,8416695541,8359222117,8285687626,9251644247,10037220772,11514866991,15387244430,18054243761,18171282566,18765755998,19338616642,20154260616,22885183257,22904148163,24938626547,26360128600,28178973531,28958876130,27147345790,26345475214
Channel Islands,CHI,GDP PPP (constant 2011 international $),NY.GDP.MKTP.PP.KD,,,,,,,,,,,,,,,,,,,,,,,,,,,,,,,,,,,,,,,,,,,,,,,,,,,,,,,,,,
Chile,CHL,GDP PPP (constant 2011 international $),NY.GDP.MKTP.PP.KD,,,,,,,,,,,,,,,,,,,,,,,,,,,,,,,1.19071E+11,1.28364E+11,1.42698E+11,1.521E+11,1.59751E+11,1.74022E+11,1.85861E+11,1.99666E+11,2.08301E+11,2.07442E+11,2.18493E+11,2.2571E+11,2.32722E+11,2.42243E+11,2.59708E+11,2.74622E+11,2.91971E+11,3.06293E+11,3.17104E+11,3.12143E+11,3.30386E+11,3.50575E+11,3.69221E+11,3.84156E+11,3.90943E+11,3.99955E+11,4.05018E+11,4.11053E+11
China,CHN,GDP PPP (constant 2011 international $),NY.GDP.MKTP.PP.KD,,,,,,,,,,,,,,,,,,,,,,,,,,,,,,,1.73276E+12,1.8938E+12,2.16303E+12,2.46298E+12,2.78446E+12,3.08933E+12,3.39605E+12,3.70954E+12,4.00028E+12,4.307E+12,4.67273E+12,5.06243E+12,5.52466E+12,6.07909E+12,6.69376E+12,7.45657E+12,8.405E+12,9.60115E+12,1.05281E+13,1.15177E+13,1.27427E+13,1.39579E+13,1.50545E+13,1.62224E+13,1.74062E+13,1.86073E+13,1.9854E+13,2.12239E+13
Colombia,COL,GDP PPP (constant 2011 international $),NY.GDP.MKTP.PP.KD,,,,,,,,,,,,,,,,,,,,,,,,,,,,,,,2.58185E+11,2.64065E+11,2.77354E+11,2.83916E+11,3.00485E+11,3.16117E+11,3.22616E+11,3.33683E+11,3.35584E+11,3.21476E+11,3.35685E+11,3.41318E+11,3.49864E+11,3.63573E+11,3.82962E+11,4.00986E+11,4.27843E+11,4.57366E+11,4.73588E+11,4.8141E+11,5.0053E+11,5.33513E+11,5.55088E+11,5.82143E+11,6.0772E+11,6.26268E+11,6.39063E+11,6.50362E+11
Comoros,COM,GDP PPP (constant 2011 international $),NY.GDP.MKTP.PP.KD,,,,,,,,,,,,,,,,,,,,,,,,,,,,,,,658530458.3,622998796.1,676146346.4,696470882.8,659720328.9,683537086.9,674708054.1,701901087.2,710904109.1,724582783.3,803186066.7,821923887.6,841031803.6,858727970.3,875212132.8,900045469.8,923868772.2,931261134,934988663.7,953220942.4,974191803,999520790.7,1029506414,1065539139,1087506714,1098546195,1122714212,1150782067
Congo Dem. Rep.,COD,GDP PPP (constant 2011 international $),NY.GDP.MKTP.PP.KD,,,,,,,,,,,,,,,,,,,,,,,,,,,,,,,48004565259,43962076097,39346054341,34046514397,32718701424,32947731951,32610619772,30778866063,30278969865,28986015210,26982812767,26416127011,27194812406,28711690720,30646391804,32526594264,34257327699,36401657509,38667986217,39771981975,42598965138,45527503793,48753991980,52889284438,57898052047,61902390065,63387663074,65733545878
Congo Rep.,COG,GDP PPP (constant 2011 international $),NY.GDP.MKTP.PP.KD,,,,,,,,,,,,,,,,,,,,,,,,,,,,,,,12544964566,12845462564,13180979374,13051847532,12334899661,12826485424,13376803416,13293223523,13790064767,13433977803,14451733327,15001275213,15688614151,15816204014,16366075164,17635388508,18735130808,18438699307,19466146637,20920061934,22750902379,23529134689,24423235057,25263566588,26976415221,27690342240,26915007455,25679855267
Costa Rica,CRI,GDP PPP (constant 2011 international $),NY.GDP.MKTP.PP.KD,,,,,,,,,,,,,,,,,,,,,,,,,,,,,,,24109013879,24729078422,27003303099,28917166954,30214757583,31460057677,31849475397,33621881292,35962535832,37380665886,38776659193,40130146629,41451132013,43215075093,45089129284,46834472245,50224226207,54326488948,56852452418,56300671900,59088604516,61633610782,64590125734,66055693385,68377774648,70861044128,73806285290,76162037053
Cote d'Ivoire,CIV,GDP PPP (constant 2011 international $),NY.GDP.MKTP.PP.KD,,,,,,,,,,,,,,,,,,,,,,,,,,,,,,,39180243996,39196278577,39100419918,39025157436,39341732121,42145123523,45402658112,47102330747,49424795774,50224255409,49185416882,49245114164,48423881889,47765541810,48353904781,49186195094,49931780276,50813094565,52105191009,53799367179,54884843974,52476906029,58095348126,63259688377,68822794330,74908701426,81157670018,87485538117
Croatia,HRV,GDP PPP (constant 2011 international $),NY.GDP.MKTP.PP.KD,,,,,,,,,,,,,,,,,,,,,,,,,,,,,,,,,,,,58939583972,62401517286,66548393960,67787445802,67153294252,69675922986,72068875922,75849951138,80065620923,83334548638,86804350737,90958165334,95642515355,97606405791,90399360581,89115290707,88824804186,86830958549,86268263847,86185294256,88208364439,91000527729,93528779612
Cuba,CUB,GDP PPP (constant 2011 international $),NY.GDP.MKTP.PP.KD,,,,,,,,,,,,,,,,,,,,,,,,,,,,,,,,,,,,,,,,,,,,,,,,,,,,,,,,,,
Curacao,CUW,GDP PPP (constant 2011 international $),NY.GDP.MKTP.PP.KD,,,,,,,,,,,,,,,,,,,,,,,,,,,,,,,,,,,,,,,,,,,,,,,,,,,,,,,,,,
Cyprus,CYP,GDP PPP (constant 2011 international $),NY.GDP.MKTP.PP.KD,,,,,,,,,,,,,,,,,,,,,,,,,,,,,,,13512101459,13612023645,14891553709,14995794628,15880546328,17225340927,17454957036,17902782838,18840092656,19749795642,20880353287,21632184866,22367485407,22921275159,23968846996,24861523014,25982823278,27235379978,28287745816,27786359453,28152521931,28242946705,27379200003,25754529652,25392995865,25895539400,26775155898,27813966286
Czech Republic,CZE,GDP PPP (constant 2011 international $),NY.GDP.MKTP.PP.KD,,,,,,,,,,,,,,,,,,,,,,,,,,,,,,,2.06906E+11,1.82874E+11,1.81948E+11,1.8206E+11,1.87357E+11,1.99013E+11,2.07417E+11,2.06184E+11,2.05506E+11,2.08451E+11,2.17345E+11,2.23667E+11,2.27363E+11,2.35555E+11,2.47112E+11,2.63257E+11,2.813E+11,2.9706E+11,3.05028E+11,2.90379E+11,2.9698E+11,3.0226E+11,2.99843E+11,2.98392E+11,3.06494E+11,3.22767E+11,3.31137E+11,3.4534E+11
Denmark,DNK,GDP PPP (constant 2011 international $),NY.GDP.MKTP.PP.KD,,,,,,,,,,,,,,,,,,,,,,,,,,,,,,,1.7369E+11,1.76111E+11,1.79557E+11,1.79576E+11,1.89152E+11,1.94879E+11,2.00531E+11,2.0707E+11,2.11663E+11,2.17903E+11,2.26067E+11,2.27928E+11,2.28991E+11,2.29884E+11,2.36018E+11,2.41533E+11,2.50984E+11,2.53266E+11,2.51969E+11,2.39606E+11,2.44089E+11,2.47352E+11,2.47912E+11,2.50226E+11,2.54278E+11,2.58364E+11,2.63438E+11,2.6934E+11
Djibouti,DJI,GDP PPP (constant 2011 international $),NY.GDP.MKTP.PP.KD,,,,,,,,,,,,,,,,,,,,,,,,,,,,,,,,,,,,,,,,,,,,,,,,,,,,2342710799,,,,,,
Dominica,DMA,GDP PPP (constant 2011 international $),NY.GDP.MKTP.PP.KD,,,,,,,,,,,,,,,,,,,,,,,,,,,,,,,477333594.4,480235452.8,490067586.7,498305348.4,505437718.8,515418694,529034937.6,536921885.1,563650324.5,567501717.9,569631614,572326558.4,562292756.7,605517398.8,625197587.7,624645898.5,642946071.3,683586729,732263175.7,723697474.8,728564649.8,726881582.9,719078450.2,714709100.9,746354186.7,727368916.5,746560185.7,715103652.7
Dominican Republic,DOM,GDP PPP (constant 2011 international $),NY.GDP.MKTP.PP.KD,,,,,,,,,,,,,,,,,,,,,,,,,,,,,,,39345276162,39716750215,44173340043,47426491431,48659748226,51426264508,54500436663,59342947102,63327516059,67089201630,70216740725,71943732956,75177678145,74166007480,76072173462,83244438227,90881578845,97621312850,1.00754E+11,1.01708E+11,1.1019E+11,1.13643E+11,1.16731E+11,1.22421E+11,1.3177E+11,1.41037E+11,1.50363E+11,1.57207E+11
Ecuador,ECU,GDP PPP (constant 2011 international $),NY.GDP.MKTP.PP.KD,,,,,,,,,,,,,,,,,,,,,,,,,,,,,,,76349832716,79626265458,81309812089,82914232001,86444927674,88392141832,89922870551,93814610781,96879092627,92287618677,93295216341,97041606944,1.01017E+11,1.03768E+11,1.12288E+11,1.1823E+11,1.23436E+11,1.26139E+11,1.34158E+11,1.34918E+11,1.39674E+11,1.50664E+11,1.59165E+11,1.67038E+11,1.73366E+11,1.73538E+11,1.70802E+11,1.75923E+11
Egypt Arab Rep.,EGY,GDP PPP (constant 2011 international $),NY.GDP.MKTP.PP.KD,,,,,,,,,,,,,,,,,,,,,,,,,,,,,,,3.39258E+11,3.42918E+11,3.58116E+11,3.68504E+11,3.83146E+11,4.00933E+11,4.20935E+11,4.44049E+11,4.61972E+11,4.90178E+11,5.1649E+11,5.3475E+11,5.47426E+11,5.64901E+11,5.88005E+11,6.14342E+11,6.56448E+11,7.02992E+11,7.53309E+11,7.88518E+11,8.29088E+11,8.43842E+11,8.62539E+11,8.81389E+11,9.0709E+11,9.46748E+11,9.879E+11,1.02921E+12
El Salvador,SLV,GDP PPP (constant 2011 international $),NY.GDP.MKTP.PP.KD,,,,,,,,,,,,,,,,,,,,,,,,,,,,,,,23881723606,24238602232,25939678552,27449169354,28736476206,30097136737,30343235150,31294477241,32125087097,32819154961,33188717369,33479888257,34009159177,34540460832,34848142439,35791644663,37346038345,38040890946,38850106315,38040705445,38841923776,40322505966,41457211401,42441900740,43281934918,44311018735,45454498855,46510223881
Equatorial Guinea,GNQ,GDP PPP (constant 2011 international $),NY.GDP.MKTP.PP.KD,,,,,,,,,,,,,,,,,,,,,,,,,,,,,,,426634512.6,422273288.7,568993494.3,631771758.7,737080754.1,865968638.7,1442530534,3605936326,4463229020,5608672805,6630224129,10832451922,12940754061,14746668683,20350215037,23758611626,25589193076,29499762713,34750457672,35217280131,32074428109,34166939303,37007193181,35477614648,35624868687,32386903427,29609440763,28655949219
Eritrea,ERI,GDP PPP (constant 2011 international $),NY.GDP.MKTP.PP.KD,,,,,,,,,,,,,,,,,,,,,,,,,,,,,,,,,3464715058,3930884241,4765073355,4901277213,5355078549,5778594838,5881025215,5881817992,5697012107,6195810310,6382021003,6212545425,6302735154,6464995890,6402336055,6493685998,5858406747,6085507975,6219035616,6758835465,,,,,,
Estonia,EST,GDP PPP (constant 2011 international $),NY.GDP.MKTP.PP.KD,,,,,,,,,,,,,,,,,,,,,,,,,,,,,,,,,,,,16322814615,17191815945,19220212759,20011558458,19840169811,21936893827,23325216331,24742548540,26577496361,28250482310,30898601006,34072469486,36712469967,34722853851,29610120602,30279035699,32579424941,33982705150,34640794999,35642160260,36238912181,36986616169,38781997127
Eswatini,SWZ,GDP PPP (constant 2011 international $),NY.GDP.MKTP.PP.KD,,,,,,,,,,,,,,,,,,,,,,,,,,,,,,,4632608505,4714159849,4866248399,5017399629,5137851892,5385786722,5592711537,5766242489,5916397716,6090983229,6198195118,6263571505,6537922143,6791607486,7037729516,7459907184,7906917269,8257618746,8325468619,8455766270,8776557323,8973786732,9397183965,10000558810,10193670603,10233540991,10373606860,10581143931
Ethiopia,ETH,GDP PPP (constant 2011 international $),NY.GDP.MKTP.PP.KD,,,,,,,,,,,,,,,,,,,,,,,,,,,,,,,31350152720,29112541932,26587762518,30082147999,31041757862,32943845118,37037504562,38198225461,36877277672,38780936521,41136187142,44551028046,45225853914,44248360524,50254014900,56193419294,62281822907,69416932547,76905993365,83675684347,94177433194,1.04705E+11,1.1376E+11,1.25798E+11,1.38702E+11,1.53116E+11,1.64694E+11,1.81569E+11
Faroe Islands,FRO,GDP PPP (constant 2011 international $),NY.GDP.MKTP.PP.KD,,,,,,,,,,,,,,,,,,,,,,,,,,,,,,,,,,,,,,,,,,,,,,,,,,,,,,,,,,
Fiji,FJI,GDP PPP (constant 2011 international $),NY.GDP.MKTP.PP.KD,,,,,,,,,,,,,,,,,,,,,,,,,,,,,,,4292558909,4176659697,4431435997,4525826985,4756644169,4875560203,5109587138,4997176182,5062139571,5507607753,5413978502,5522258043,5698970329,5755959945,6061025839,6103453043,6216518479,6163637444,6227295135,6140982491,6322428385,6493459112,6585102188,6896855440,7283321736,7563322268,7592063153,7880561560
Finland,FIN,GDP PPP (constant 2011 international $),NY.GDP.MKTP.PP.KD,,,,,,,,,,,,,,,,,,,,,,,,,,,,,,,1.44136E+11,1.35611E+11,1.31102E+11,1.30139E+11,1.35266E+11,1.40957E+11,1.46114E+11,1.55249E+11,1.63677E+11,1.70951E+11,1.80583E+11,1.85244E+11,1.88357E+11,1.92112E+11,1.99655E+11,2.05205E+11,2.13527E+11,2.24597E+11,2.26216E+11,2.0751E+11,2.1372E+11,2.19214E+11,2.16088E+11,2.14449E+11,2.13095E+11,2.13383E+11,2.17939E+11,2.2368E+11
France,FRA,GDP PPP (constant 2011 international $),NY.GDP.MKTP.PP.KD,,,,,,,,,,,,,,,,,,,,,,,,,,,,,,,1.727E+12,1.74494E+12,1.77286E+12,1.76199E+12,1.80332E+12,1.84092E+12,1.86647E+12,1.9101E+12,1.97803E+12,2.04542E+12,2.12468E+12,2.16621E+12,2.19044E+12,2.20839E+12,2.26992E+12,2.30642E+12,2.36119E+12,2.41695E+12,2.42167E+12,2.35044E+12,2.39664E+12,2.44648E+12,2.45094E+12,2.46507E+12,2.48843E+12,2.51499E+12,2.54486E+12,2.59116E+12
French Polynesia,PYF,GDP PPP (constant 2011 international $),NY.GDP.MKTP.PP.KD,,,,,,,,,,,,,,,,,,,,,,,,,,,,,,,,,,,,,,,,,,,,,,,,,,,,,,,,,,
Gabon,GAB,GDP PPP (constant 2011 international $),NY.GDP.MKTP.PP.KD,,,,,,,,,,,,,,,,,,,,,,,,,,,,,,,18569018308,19704050199,19095166349,19848767593,20585703672,21609605234,22392964017,23677954563,24501434419,22312813701,21892670917,22360130543,22304446402,22805700920,22962956047,23577493333,22915768569,24292574468,23488873984,23519487499,25186711540,26972955724,28389674061,29990547549,31284338368,32497938440,33174669113,33541156096
Gambia The,GMB,GDP PPP (constant 2011 international $),NY.GDP.MKTP.PP.KD,,,,,,,,,,,,,,,,,,,,,,,,,,,,,,,1381083868,1423994686,1472107037,1516448389,1518788970,1532182383,1566251157,1642997449,1700502336,1809334474,1908847873,2019561054,1953925313,2088159979,2235375256,2214325265,2239216489,2320523012,2453596698,2611846222,2782303076,2662799770,2811910199,2946570385,2973089521,3100932364,3169659371,3280597454
Georgia,GEO,GDP PPP (constant 2011 international $),NY.GDP.MKTP.PP.KD,,,,,,,,,,,,,,,,,,,,,,,,,,,,,,,38447233331,30334866881,16714511679,11817159512,10588175717,10863467779,12080176463,13350895136,13765427537,14160392956,14420709376,15113689663,15940988564,17703759358,18740726926,20539769395,22467072708,25240408136,25824483151,24881863346,26436835047,28345977228,30146083609,31167144651,32608105117,33547322405,34503076695,36223432794
Germany,DEU,GDP PPP (constant 2011 international $),NY.GDP.MKTP.PP.KD,,,,,,,,,,,,,,,,,,,,,,,,,,,,,,,2.48523E+12,2.61218E+12,2.66243E+12,2.63697E+12,2.70177E+12,2.74872E+12,2.7712E+12,2.82245E+12,2.87832E+12,2.93552E+12,3.02247E+12,3.07372E+12,3.07372E+12,3.05189E+12,3.0876E+12,3.10942E+12,3.22448E+12,3.32961E+12,3.36565E+12,3.17654E+12,3.30614E+12,3.42714E+12,3.444E+12,3.46086E+12,3.52765E+12,3.58914E+12,3.6589E+12,3.74023E+12
Ghana,GHA,GDP PPP (constant 2011 international $),NY.GDP.MKTP.PP.KD,,,,,,,,,,,,,,,,,,,,,,,,,,,,,,,28080429996,29563589530,30710485115,32199943816,33262541830,34630436934,36224289303,37744390012,39518523839,41257337647,42783859188,44495213555,46497498031,48915367922,51654628520,54702253645,58203149969,60733135640,66290095534,69501510521,74991929626,85526138706,93473902670,1.00309E+11,1.04307E+11,1.0831E+11,1.12341E+11,1.21898E+11
Gibraltar,GIB,GDP PPP (constant 2011 international $),NY.GDP.MKTP.PP.KD,,,,,,,,,,,,,,,,,,,,,,,,,,,,,,,,,,,,,,,,,,,,,,,,,,,,,,,,,,
Greece,GRC,GDP PPP (constant 2011 international $),NY.GDP.MKTP.PP.KD,,,,,,,,,,,,,,,,,,,,,,,,,,,,,,,2.10932E+11,2.17471E+11,2.18993E+11,2.1549E+11,2.19799E+11,2.24414E+11,2.30838E+11,2.41189E+11,2.50583E+11,2.58282E+11,2.68406E+11,2.79496E+11,2.9046E+11,3.07291E+11,3.22843E+11,3.24777E+11,3.43135E+11,3.54368E+11,3.53181E+11,3.37991E+11,3.19473E+11,2.90297E+11,2.69104E+11,2.60381E+11,2.62307E+11,2.61544E+11,2.60905E+11,2.64431E+11
Greenland,GRL,GDP PPP (constant 2011 international $),NY.GDP.MKTP.PP.KD,,,,,,,,,,,,,,,,,,,,,,,,,,,,,,,,,,,,,,,,,,,,,,,,,,,,,,,,,,
Grenada,GRD,GDP PPP (constant 2011 international $),NY.GDP.MKTP.PP.KD,,,,,,,,,,,,,,,,,,,,,,,,,,,,,,,697239045.2,706899622.8,700882855.4,687153852.8,698791188.5,713671773.2,745346201.6,782729000.1,874644820.7,935068920.6,980774641.9,960924743.5,993954835.8,1088022457,1080978053,1224456960,1175568310,1247547303,1259387163,1176092442,1170079476,1179028541,1165407281,1192821167,1280411762,1362844229,1413048536,1465759779
Guam,GUM,GDP PPP (constant 2011 international $),NY.GDP.MKTP.PP.KD,,,,,,,,,,,,,,,,,,,,,,,,,,,,,,,,,,,,,,,,,,,,,,,,,,,,,,,,,,
Guatemala,GTM,GDP PPP (constant 2011 international $),NY.GDP.MKTP.PP.KD,,,,,,,,,,,,,,,,,,,,,,,,,,,,,,,47252664594,48981284605,51351165106,53367793139,55520511947,58267970856,59991409186,62609488234,65735910449,68264811786,70728399242,72378191607,75176785982,77079352525,79508956794,82101037075,86517889594,91972026250,94989768489,95489105565,98229550167,1.02318E+11,1.05357E+11,1.09252E+11,1.13813E+11,1.18524E+11,1.2219E+11,1.25563E+11
Guinea,GIN,GDP PPP (constant 2011 international $),NY.GDP.MKTP.PP.KD,,,,,,,,,,,,,,,,,,,,,,,,,,,,,,,8529716157,8752633722,9038927758,9494864339,9871819863,10326681062,10787413691,11346374692,11759850343,12208136312,12513713357,12971508348,13641436096,13811763239,14134974702,14558638420,14730450801,15736168562,16387113453,16203964748,16985111775,17938333959,18999729346,19747327661,20479450279,21260731045,23483350366,25420690191
Guinea-Bissau,GNB,GDP PPP (constant 2011 international $),NY.GDP.MKTP.PP.KD,,,,,,,,,,,,,,,,,,,,,,,,,,,,,,,1593199037,1674452188,1692871162,1728421456,1783730943,1862215105,2078232057,2213317141,1591375473,1607695624,1694945062,1732045830,1714982104,1724731952,1772358734,1847969311,1890645538,1952336460,2014880872,2082761704,2178797241,2354948198,2314615401,2389977062,2413029842,2561047094,2721440496,2882521897
Guyana,GUY,GDP PPP (constant 2011 international $),NY.GDP.MKTP.PP.KD,,,,,,,,,,,,,,,,,,,,,,,,,,,,,,,2113333986,2239808782,2415218212,2613600323,2836365564,2977795647,3212549176,3412592954,3354286512,3453904829,3406353971,3482996912,3519603236,3484222240,3598989900,3528560865,3709568818,3969978814,4048451283,4192258680,4365752921,4592610458,4834930646,5076704495,5272001454,5438723639,5619078875,5783418294
Haiti,HTI,GDP PPP (constant 2011 international $),NY.GDP.MKTP.PP.KD,,,,,,,,,,,,,,,,,,,,,,,,,,,,,,,,,,,,,13676750482,14046667388,14353143331,14742149018,14870414529,14715111653,14678108395,14731507405,14212532874,14469070688,14794512151,15289133971,15418165750,15893545989,15019751836,15849403538,16306674054,16997107258,17474751212,17686408605,17943340305,18153865840
Honduras,HND,GDP PPP (constant 2011 international $),NY.GDP.MKTP.PP.KD,,,,,,,,,,,,,,,,,,,,,,,,,,,,,,,15716671883,16227783368,17140481908,18208339422,17971037931,18701196910,19373551640,20341012293,20931224140,20535721356,21716145048,22307517649,23145017230,24197429971,25705487115,27260823119,29051107767,30848885361,32154286828,31372414225,32542963029,33791210423,35186343988,36168591807,37274656483,38706033101,40158341100,42080037357
Hong Kong SAR China,HKG,GDP PPP (constant 2011 international $),NY.GDP.MKTP.PP.KD,,,,,,,,,,,,,,,,,,,,,,,,,,,,,,,1.53874E+11,1.62648E+11,1.72789E+11,1.83504E+11,1.9458E+11,1.99199E+11,2.07682E+11,2.18274E+11,2.05433E+11,2.10583E+11,2.26721E+11,2.27993E+11,2.3177E+11,2.38853E+11,2.59633E+11,2.78816E+11,2.98424E+11,3.17717E+11,3.24478E+11,3.16499E+11,3.37918E+11,3.54188E+11,3.6021E+11,3.71382E+11,3.81641E+11,3.90754E+11,3.99206E+11,4.14341E+11
Hungary,HUN,GDP PPP (constant 2011 international $),NY.GDP.MKTP.PP.KD,,,,,,,,,,,,,,,,,,,,,,,,,,,,,,,,1.57139E+11,1.52324E+11,1.51447E+11,1.5591E+11,1.58232E+11,1.58255E+11,1.63541E+11,1.70468E+11,1.75901E+11,1.83305E+11,1.90344E+11,1.98964E+11,2.06621E+11,2.16962E+11,2.26483E+11,2.35205E+11,2.36228E+11,2.38249E+11,2.22524E+11,2.24043E+11,2.27766E+11,2.24022E+11,2.28718E+11,2.38388E+11,2.46415E+11,2.51868E+11,2.61915E+11
Iceland,ISL,GDP PPP (constant 2011 international $),NY.GDP.MKTP.PP.KD,,,,,,,,,,,,,,,,,,,,,,,,,,,,,,,,,,,,,7831714798,8231442747,8809175449,9152248265,9573525529,9949529144,10004301796,10240074470,11066887644,11774120029,12364849700,13530642427,13755104114,12860299596,12396603878,12639952184,12806706029,13358436581,13652368525,14240965520,15306396269,15863889936
India,IND,GDP PPP (constant 2011 international $),NY.GDP.MKTP.PP.KD,,,,,,,,,,,,,,,,,,,,,,,,,,,,,,,1.52696E+12,1.5431E+12,1.6277E+12,1.70502E+12,1.81856E+12,1.95631E+12,2.104E+12,2.18921E+12,2.3246E+12,2.53023E+12,2.62741E+12,2.75416E+12,2.85892E+12,3.08365E+12,3.32796E+12,3.63696E+12,3.97388E+12,4.36338E+12,4.53316E+12,4.91756E+12,5.4221E+12,5.78204E+12,6.09753E+12,6.48692E+12,6.96762E+12,7.53578E+12,8.07178E+12,8.60647E+12
Indonesia,IDN,GDP PPP (constant 2011 international $),NY.GDP.MKTP.PP.KD,,,,,,,,,,,,,,,,,,,,,,,,,,,,,,,8.39214E+11,8.9722E+11,9.55517E+11,1.01759E+12,1.09432E+12,1.18427E+12,1.27686E+12,1.33687E+12,1.16138E+12,1.17057E+12,1.22816E+12,1.27291E+12,1.33019E+12,1.39377E+12,1.46389E+12,1.54723E+12,1.63234E+12,1.73591E+12,1.8403E+12,1.92549E+12,2.04533E+12,2.17152E+12,2.30246E+12,2.43042E+12,2.5521E+12,2.67655E+12,2.81127E+12,2.95373E+12
Iran Islamic Rep.,IRN,GDP PPP (constant 2011 international $),NY.GDP.MKTP.PP.KD,,,,,,,,,,,,,,,,,,,,,,,,,,,,,,,6.4056E+11,7.19883E+11,7.4029E+11,7.47989E+11,7.36683E+11,7.53499E+11,7.92479E+11,7.96299E+11,8.13641E+11,8.20602E+11,8.68673E+11,8.75437E+11,9.39042E+11,1.02106E+12,1.06573E+12,1.09972E+12,1.15471E+12,1.24888E+12,1.25202E+12,1.26463E+12,1.33795E+12,1.37335E+12,1.27111E+12,1.26864E+12,1.32705E+12,1.30952E+12,1.48495E+12,1.5488E+12
Iraq,IRQ,GDP PPP (constant 2011 international $),NY.GDP.MKTP.PP.KD,,,,,,,,,,,,,,,,,,,,,,,,,,,,,,,2.01273E+11,72363527737,95948399092,1.25011E+11,1.2983E+11,1.32582E+11,1.47194E+11,1.78454E+11,2.40659E+11,2.82972E+11,2.86952E+11,2.93567E+11,2.7331E+11,1.82842E+11,2.81865E+11,2.94269E+11,3.24162E+11,3.28627E+11,3.55667E+11,3.67686E+11,3.91228E+11,4.20752E+11,4.79389E+11,5.15823E+11,5.19434E+11,5.44366E+11,6.04247E+11,5.99533E+11
Ireland,IRL,GDP PPP (constant 2011 international $),NY.GDP.MKTP.PP.KD,,,,,,,,,,,,,,,,,,,,,,,,,,,,,,,75386128997,76840809561,79409808583,81548004390,86241766452,94550662434,1.01934E+11,1.12423E+11,1.2198E+11,1.34931E+11,1.4783E+11,1.5641E+11,1.66278E+11,1.71465E+11,1.82921E+11,1.93908E+11,2.04615E+11,2.15273E+11,2.068E+11,1.97232E+11,2.00786E+11,2.06779E+11,2.06856E+11,2.10246E+11,2.27756E+11,2.85964E+11,3.00667E+11,3.24126E+11
Isle of Man,IMN,GDP PPP (constant 2011 international $),NY.GDP.MKTP.PP.KD,,,,,,,,,,,,,,,,,,,,,,,,,,,,,,,,,,,,,,,,,,,,,,,,,,,,,,,,,,
Israel,ISR,GDP PPP (constant 2011 international $),NY.GDP.MKTP.PP.KD,,,,,,,,,,,,,,,,,,,,,,,,,,,,,,,95625112936,1.03013E+11,1.11006E+11,1.15576E+11,1.24161E+11,1.32359E+11,1.39393E+11,1.44497E+11,1.50518E+11,1.5596E+11,1.68701E+11,1.68743E+11,1.69016E+11,1.70314E+11,1.78096E+11,1.85458E+11,1.95122E+11,2.06387E+11,2.12555E+11,2.15492E+11,2.26749E+11,2.3731E+11,2.4192E+11,2.51866E+11,2.60455E+11,2.68367E+11,2.79355E+11,2.88662E+11
Italy,ITA,GDP PPP (constant 2011 international $),NY.GDP.MKTP.PP.KD,,,,,,,,,,,,,,,,,,,,,,,,,,,,,,,1.76635E+12,1.79352E+12,1.80848E+12,1.79306E+12,1.83163E+12,1.8845E+12,1.90875E+12,1.94378E+12,1.97519E+12,2.006E+12,2.08043E+12,2.1173E+12,2.12256E+12,2.12577E+12,2.1594E+12,2.17991E+12,2.22365E+12,2.25642E+12,2.23272E+12,2.11032E+12,2.14591E+12,2.15829E+12,2.09744E+12,2.0612E+12,2.06354E+12,2.08318E+12,2.10106E+12,2.13263E+12
Jamaica,JAM,GDP PPP (constant 2011 international $),NY.GDP.MKTP.PP.KD,,,,,,,,,,,,,,,,,,,,,,,,,,,,,,,17662414455,18516964236,18879071341,20656932853,20942698756,21434843180,21410465074,21166287312,20672149001,20888725705,21072275679,21355682944,21782218066,22580823359,22879731385,23084229952,23753470714,24093609497,23898032826,22861685946,22526466062,22916504000,22773514574,22887095406,23043360867,23249057795,23568389965,23681869056
Japan,JPN,GDP PPP (constant 2011 international $),NY.GDP.MKTP.PP.KD,,,,,,,,,,,,,,,,,,,,,,,,,,,,,,,3.77806E+12,3.90718E+12,3.94031E+12,3.9199E+12,3.95883E+12,4.06739E+12,4.19348E+12,4.2386E+12,4.19077E+12,4.18021E+12,4.29641E+12,4.31387E+12,4.31896E+12,4.38496E+12,4.48163E+12,4.55615E+12,4.62085E+12,4.69728E+12,4.64592E+12,4.39427E+12,4.57847E+12,4.57319E+12,4.64156E+12,4.7344E+12,4.75214E+12,4.81648E+12,4.86167E+12,4.94493E+12
Jordan,JOR,GDP PPP (constant 2011 international $),NY.GDP.MKTP.PP.KD,,,,,,,,,,,,,,,,,,,,,,,,,,,,,,,22372046804,22780089761,27031956053,28283782957,29694136822,31531117783,32189281785,33254068786,34249675096,35417409027,36920965670,38866189785,41114397025,42825187766,46494149176,50281833763,54351309083,58794919399,63047208136,66500039589,68037116499,69797089967,71647529865,73674271406,75955470176,77772094096,79330439710,80893268213
Kazakhstan,KAZ,GDP PPP (constant 2011 international $),NY.GDP.MKTP.PP.KD,,,,,,,,,,,,,,,,,,,,,,,,,,,,,,,2.13349E+11,1.89881E+11,1.79817E+11,1.63274E+11,1.42702E+11,1.31E+11,1.31655E+11,1.33893E+11,1.31349E+11,1.34896E+11,1.48115E+11,1.68111E+11,1.84586E+11,2.01752E+11,2.2112E+11,2.42569E+11,2.68524E+11,2.92423E+11,3.02073E+11,3.05698E+11,3.28013E+11,3.52286E+11,3.69196E+11,3.91348E+11,4.07785E+11,4.12678E+11,4.17217E+11,4.33906E+11
Kenya,KEN,GDP PPP (constant 2011 international $),NY.GDP.MKTP.PP.KD,,,,,,,,,,,,,,,,,,,,,,,,,,,,,,,55709559878,56510856545,56059055660,56257054706,57738181733,60282251039,62782059096,63080212300,65155686102,66657777859,67057521481,69592233091,69972804850,72024740241,75701098896,80172510028,85361671169,91209568588,91421432678,94444684435,1.02383E+11,1.08637E+11,1.13595E+11,1.20272E+11,1.26716E+11,1.33962E+11,1.41824E+11,1.48753E+11
Kiribati,KIR,GDP PPP (constant 2011 international $),NY.GDP.MKTP.PP.KD,,,,,,,,,,,,,,,,,,,,,,,,,,,,,,,142008673.1,142008673.1,143254363.2,144500053.3,146991433.5,146991433.5,149482813.8,151974194,161939714.9,159448334.7,169413855.6,166922475.4,173244601.9,176720451,173841038.3,182449006.1,179564486.1,183518804.8,180128410,180650105,177745903.1,178593470.6,187858540,198720833.2,200495443.4,221138521.7,223660047.6,230599787.2
Korea Dem. People’s Rep.,PRK,GDP PPP (constant 2011 international $),NY.GDP.MKTP.PP.KD,,,,,,,,,,,,,,,,,,,,,,,,,,,,,,,,,,,,,,,,,,,,,,,,,,,,,,,,,,
Korea Rep.,KOR,GDP PPP (constant 2011 international $),NY.GDP.MKTP.PP.KD,,,,,,,,,,,,,,,,,,,,,,,,,,,,,,,4.98681E+11,5.50314E+11,5.84299E+11,6.24305E+11,6.81779E+11,7.47029E+11,8.03762E+11,8.51363E+11,8.04783E+11,8.95793E+11,9.75737E+11,1.01989E+12,1.09569E+12,1.12783E+12,1.1831E+12,1.22952E+12,1.29316E+12,1.36381E+12,1.40239E+12,1.41232E+12,1.50407E+12,1.55945E+12,1.5952E+12,1.6414E+12,1.69624E+12,1.74357E+12,1.79465E+12,1.84961E+12
Kosovo,XKX,GDP PPP (constant 2011 international $),NY.GDP.MKTP.PP.KD,,,,,,,,,,,,,,,,,,,,,,,,,,,,,,,,,,,,,,,,,7858714211,9978517326,9908573079,10501120176,10775422746,11425528756,11940023945,12809983998,13148784844,13588173255,14037884018,14713466076,15139472205,15658942319,15846547562,16495377247,17166557016,17933232594
Kuwait,KWT,GDP PPP (constant 2011 international $),NY.GDP.MKTP.PP.KD,,,,,,,,,,,,,,,,,,,,,,,,,,,,,,,,,85650014204,1.14763E+11,1.24444E+11,1.3049E+11,1.3128E+11,1.34527E+11,1.39453E+11,1.36959E+11,1.43388E+11,1.44434E+11,1.48767E+11,1.74533E+11,1.93316E+11,2.12795E+11,2.28798E+11,2.42506E+11,2.4852E+11,2.30935E+11,2.25468E+11,2.47177E+11,2.63556E+11,2.66585E+11,2.6792E+11,2.69509E+11,2.79068E+11,2.71069E+11
Kyrgyz Republic,KGZ,GDP PPP (constant 2011 international $),NY.GDP.MKTP.PP.KD,,,,,,,,,,,,,,,,,,,,,,,,,,,,,,,15257961984,14060049358,12107290038,10235584762,8179751332,7736096175,8284160096,9105548496,9298753247,9638696099,10161756700,10702523148,10700665921,11452954424,12257737465,12236219224,12615896710,13693656983,14844145454,15272591237,15200570760,16105958461,16091761028,17848252276,18566472842,19286076936,20122293441,21044626610
Lao PDR,LAO,GDP PPP (constant 2011 international $),NY.GDP.MKTP.PP.KD,,,,,,,,,,,,,,,,,,,,,,,,,,,,,,,7273615928,7586131465,8007909585,8481381768,9173379278,9818382905,10498632258,11220107849,11665277756,12517586819,13243454431,14005140175,14834068524,15734051803,16734374903,17923782041,19468680530,20947682859,22586818674,24281230971,26351668594,28469987708,30755016946,33223506940,35752468142,38351526626,41044989576,43874117260
Latvia,LVA,GDP PPP (constant 2011 international $),NY.GDP.MKTP.PP.KD,,,,,,,,,,,,,,,,,,,,,,,,,,,,,,,,,,,,20585826014,21071449606,22962428840,24459985414,25100581273,26457734181,28167250455,30167978678,32711347807,35438017513,39228835380,43892902794,48273093780,46560536157,39855031247,38284475865,40727416409,42370616308,43400159240,44206639944,45520330357,46525792199,48642407604
Lebanon,LBN,GDP PPP (constant 2011 international $),NY.GDP.MKTP.PP.KD,,,,,,,,,,,,,,,,,,,,,,,,,,,,,,,21239554156,29353214454,30674090599,32820653066,35447338521,37763802821,39703542016,38795606936,40189394709,40007306904,40545031725,42114634950,43552893853,44956374520,47614990630,48915966855,49677333622,54321917303,60011525568,66045370824,71353602097,72008412533,74027706164,75979249752,77501054364,78133122014,79695784454,81306302684
Lesotho,LSO,GDP PPP (constant 2011 international $),NY.GDP.MKTP.PP.KD,,,,,,,,,,,,,,,,,,,,,,,,,,,,,,,2212471915,2366606139,2531235906,2620076369,2776753625,2868134881,3028665400,3140835165,3189130401,3204311454,3328496038,3447043169,3471994105,3630309288,3691747695,3819708208,3981285491,4173699559,4454987446,4550961606,4827297752,5160445697,5469972937,5570787003,5744691478,5889261680,6030436380,6367590641
Liberia,LBR,GDP PPP (constant 2011 international $),NY.GDP.MKTP.PP.KD,,,,,,,,,,,,,,,,,,,,,,,,,,,,,,,1835475594,1574375304,1021995005,684988151.3,535918633.7,513055210.8,575243721.2,1186611651,1545064853,1880984323,2419245543,2489856481,2583543929,1804728863,1852023682,1949847123,2106676487,2307545833,2472464732,2603507813,2762320349,2988830567,3227771170,3508712338,3533313381,3533313381,3476780367,3562121294
Libya,LBY,GDP PPP (constant 2011 international $),NY.GDP.MKTP.PP.KD,,,,,,,,,,,,,,,,,,,,,,,,,,,,,,,,,,,,,,,,1.1324E+11,1.17406E+11,1.15337E+11,1.14231E+11,1.29099E+11,1.34859E+11,1.50868E+11,1.60675E+11,1.70881E+11,1.75439E+11,1.74053E+11,1.82793E+11,69322560014,1.54686E+11,1.33649E+11,1.01573E+11,92571605498,89983795122,1.13988E+11
Liechtenstein,LIE,GDP PPP (constant 2011 international $),NY.GDP.MKTP.PP.KD,,,,,,,,,,,,,,,,,,,,,,,,,,,,,,,,,,,,,,,,,,,,,,,,,,,,,,,,,,
Lithuania,LTU,GDP PPP (constant 2011 international $),NY.GDP.MKTP.PP.KD,,,,,,,,,,,,,,,,,,,,,,,,,,,,,,,,,,,,33958821707,35707686906,38669007052,41556489867,41084972108,42659211484,45442482249,48514734656,53627491391,57140136603,61555588043,66114668419,73444771551,75374957405,64208788115,65261696439,69205546062,71854010482,74367881147,76998708769,78565362207,80407626253,83486383021
Luxembourg,LUX,GDP PPP (constant 2011 international $),NY.GDP.MKTP.PP.KD,,,,,,,,,,,,,,,,,,,,,,,,,,,,,,,22001441205,23903287602,24338244457,25360608484,26329617330,26706710183,27077513719,28623563148,30353757777,32928060832,35641266896,36543694836,37939470223,38557613098,39950382217,41217785215,43352242437,46974128599,46373054427,44351835228,46509538068,47690524462,47522406130,49259050866,52102241846,53593238486,55245326870,56514832055
Macao SAR China,MAC,GDP PPP (constant 2011 international $),NY.GDP.MKTP.PP.KD,,,,,,,,,,,,,,,,,,,,,,,,,,,,,,,13883055128,14391161137,16305148236,17150725173,17880177752,18469389108,18392082992,18340710766,17502236741,17089441906,18071626017,18593607482,20257175625,22617820282,28669336412,30979930314,35104740176,40176549954,41539978756,42088720030,52721944987,64148218365,70073699097,77922086864,76986154276,60361374984,59840384623,65283528052
Macedonia FYR,MKD,GDP PPP (constant 2011 international $),NY.GDP.MKTP.PP.KD,,,,,,,,,,,,,,,,,,,,,,,,,,,,,,,19230061720,18043419292,16858832969,15599600993,15325334086,15154498339,15334094892,15554902997,16080462045,16778197784,17541460782,17003421087,17257457074,17640956121,18465569976,19337768559,20331154595,21647289216,22831766489,22749888157,23514002326,24064204652,23954427502,24655158062,25550051864,26531588739,27307238600,27312755670
Madagascar,MDG,GDP PPP (constant 2011 international $),NY.GDP.MKTP.PP.KD,,,,,,,,,,,,,,,,,,,,,,,,,,,,,,,19174383378,17964569064,18177656210,18558761647,18545472041,18863010057,19268360118,19980035575,20765717795,21733216613,22767731872,24137853997,21078673520,23141198987,24357732652,25478894720,26758599470,28428490862,30455019682,29232597652,29309511790,29735787033,30636040392,31326945613,32365701444,33374415657,34769462973,36219625915
Malawi,MWI,GDP PPP (constant 2011 international $),NY.GDP.MKTP.PP.KD,,,,,,,,,,,,,,,,,,,,,,,,,,,,,,,7023399391,7636558440,7076571279,7762421264,6967535219,8133121477,8728196072,9059205847,9412084892,9698426688,9851281442,9361183752,9520323877,10063519231,10609012058,10955791576,11470713779,12571902302,13532362545,14659352621,15667046142,16427533196,16737323536,17607664359,18611301228,19132417662,19607674690,20391987661
Malaysia,MYS,GDP PPP (constant 2011 international $),NY.GDP.MKTP.PP.KD,,,,,,,,,,,,,,,,,,,,,,,,,,,,,,,1.90334E+11,2.08503E+11,2.27028E+11,2.49493E+11,2.72476E+11,2.99258E+11,3.29192E+11,3.53297E+11,3.27297E+11,3.47385E+11,3.78159E+11,3.80117E+11,4.00609E+11,4.23798E+11,4.52546E+11,4.76677E+11,5.03299E+11,5.35E+11,5.6085E+11,5.52362E+11,5.93374E+11,6.24786E+11,6.58984E+11,6.89915E+11,7.31356E+11,7.68128E+11,8.00542E+11,8.47788E+11
Maldives,MDV,GDP PPP (constant 2011 international $),NY.GDP.MKTP.PP.KD,,,,,,,,,,,,,,,,,,,,,,,,,,,,,,,,,,,,1976478924,2131803424,2310831014,2484020474,2637425029,2738855395,2630844953,2822064927,3210100260,3403789815,2956904431,3728996340,4016646168,4397638419,4079740109,4376138494,4751030618,4870632299,5225266640,5608258118,5734215355,6087624122,6625067343
Mali,MLI,GDP PPP (constant 2011 international $),NY.GDP.MKTP.PP.KD,,,,,,,,,,,,,,,,,,,,,,,,,,,,,,,10765975955,12030461772,11643241811,12012585023,12466652814,12581473479,13469195248,14119625965,15188717115,16054617320,16044850498,18511945131,19086983210,20827533225,21152442464,22534704376,23585314406,24409294915,25574443983,26771089019,28220329132,29134739169,28891120638,29556652104,31638432393,33524899739,35469343922,37349219150
Malta,MLT,GDP PPP (constant 2011 international $),NY.GDP.MKTP.PP.KD,,,,,,,,,,,,,,,,,,,,,,,,,,,,,,,5729227737,6087676417,6373245204,6658814348,7035110921,7481312351,7763906638,8172053669,8590920552,8996409844,9605484236,9663919558,9952176727,10205337070,10250588814,10638435449,10832982314,11264833597,11641812688,11355158928,11757436237,11912966835,12236142672,12800364212,13839016432,15170557889,15964066806,16989357291
Marshall Islands,MHL,GDP PPP (constant 2011 international $),NY.GDP.MKTP.PP.KD,,,,,,,,,,,,,,,,,,,,,,,,,,,,,,,137536954.2,137657833.7,147487705.5,156346179.6,165535763.9,179131593.1,160675784.5,150319152.2,146043756.2,142542861.3,150939625.5,159035063.3,163195187.6,163472836.7,163666617.7,168438242.9,170858200.8,177099945.1,174186873.5,171337232.6,182394716.8,184595346.9,190978408.1,196440541.8,194953599.3,194242902.5,197953903.4,202902751
Mauritania,MRT,GDP PPP (constant 2011 international $),NY.GDP.MKTP.PP.KD,,,,,,,,,,,,,,,,,,,,,,,,,,,,,,,5698062617,5799948941,5908647286,6255699794,6064229582,6659724826,7047242666,6762203080,6950043890,7486088641,7453868047,7603601119,7654165383,8111750781,8577967455,9347361583,11111124525,11424217878,11547595680,11427260298,11972763100,12535969842,13262439094,14070155949,14855206470,15063178833,15364442268,15902197747
Mauritius,MUS,GDP PPP (constant 2011 international $),NY.GDP.MKTP.PP.KD,,,,,,,,,,,,,,,,,,,,,,,,,,,,,,,7820984991,8167880574,8699830019,9141960855,9520085421,9928281614,10483058486,11079280073,11751861965,12058677171,13147167424,13485519019,13770510285,14274078071,15094233414,15281611346,16586394385,17536299869,18480973779,19093632288,19929399379,20742028226,21467194079,22188578979,23019446834,23817914130,24722994864,25662468669
Mexico,MEX,GDP PPP (constant 2011 international $),NY.GDP.MKTP.PP.KD,,,,,,,,,,,,,,,,,,,,,,,,,,,,,,,1.11567E+12,1.16277E+12,1.20496E+12,1.2539E+12,1.31586E+12,1.23308E+12,1.3166E+12,1.40674E+12,1.47938E+12,1.52012E+12,1.59525E+12,1.5888E+12,1.58817E+12,1.61114E+12,1.6743E+12,1.71294E+12,1.78994E+12,1.83096E+12,1.8519E+12,1.75401E+12,1.84378E+12,1.91132E+12,1.98094E+12,2.00776E+12,2.06489E+12,2.13242E+12,2.19454E+12,2.23924E+12
Micronesia Fed. Sts.,FSM,GDP PPP (constant 2011 international $),NY.GDP.MKTP.PP.KD,,,,,,,,,,,,,,,,,,,,,,,,,,,,,,,262122129.1,281590834,292877039.8,316719149.5,315026218.6,337342715.4,326846120.8,307020489.6,316095163.4,320469132.4,335092810.3,340947529.6,342992872.2,349670355.9,338723018.4,345689711.1,345237839.6,338462871.4,330956698.1,334852696.3,341690020.8,353126615.3,346101234.4,332746831.4,325572613.6,341628228.9,341410405.1,348238613.2
Moldova,MDA,GDP PPP (constant 2011 international $),NY.GDP.MKTP.PP.KD,,,,,,,,,,,,,,,,,,,,,,,,,,,,,,,,,,,,9575219568,9012478153,9160919479,8561594536,8273218247,8447594196,8962897466,9662003449,10299695668,11061873131,11891513626,12462306265,12836175477,13837397178,13007153311,13930661208,14877946210,14773800564,16162537832,16938339607,16870586227,17629762601,18423101901
Monaco,MCO,GDP PPP (constant 2011 international $),NY.GDP.MKTP.PP.KD,,,,,,,,,,,,,,,,,,,,,,,,,,,,,,,,,,,,,,,,,,,,,,,,,,,,,,,,,,
Mongolia,MNG,GDP PPP (constant 2011 international $),NY.GDP.MKTP.PP.KD,,,,,,,,,,,,,,,,,,,,,,,,,,,,,,,11188351797,10215687429,9270075826,8976326446,9167915605,9752501040,9970478591,10358999584,10704983603,11033666102,11160118771,11489644775,12033447188,12876346190,14244510245,15277759362,16584960327,18284589774,19911985542,19659382304,20910733774,24526362242,27547965886,30757005344,33182264566,33971947980,34394288108,36418262840
Montenegro,MNE,GDP PPP (constant 2011 international $),NY.GDP.MKTP.PP.KD,,,,,,,,,,,,,,,,,,,,,,,,,,,,,,,,,,,,,,6418837658,6733360895,6100425138,6289538159,6358713111,6479778424,6640649581,6934567878,7224474723,7843353583,8377493865,8982583178,8462033552,8693414647,8974076920,8729644003,9039460557,9200695855,9512637647,9793197818,10214305721
Morocco,MAR,GDP PPP (constant 2011 international $),NY.GDP.MKTP.PP.KD,,,,,,,,,,,,,,,,,,,,,,,,,,,,,,,98177236991,1.05262E+11,1.03054E+11,1.0229E+11,1.13121E+11,1.07006E+11,1.20246E+11,1.18369E+11,1.26938E+11,1.2831E+11,1.30765E+11,1.40337E+11,1.44717E+11,1.53344E+11,1.607E+11,1.65989E+11,1.78563E+11,1.84869E+11,1.95819E+11,2.04129E+11,2.11918E+11,2.23035E+11,2.29748E+11,2.40168E+11,2.46579E+11,2.57797E+11,2.60949E+11,2.71648E+11
Mozambique,MOZ,GDP PPP (constant 2011 international $),NY.GDP.MKTP.PP.KD,,,,,,,,,,,,,,,,,,,,,,,,,,,,,,,5014689190,5260408917,4985219536,5422280803,5756231621,5885016369,7464867958,8274211304,9255482622,9979536623,10147043443,11437845371,12443696079,13252611816,14287797989,15533789399,17064031608,18331217003,19591709145,20836168690,22229529470,23811739934,25525753223,27348721678,29384579525,31322194557,32500830897,33706838392
Myanmar,MMR,GDP PPP (constant 2011 international $),NY.GDP.MKTP.PP.KD,,,,,,,,,,,,,,,,,,,,,,,,,,,,,,,30184121260,29987738264,32884836400,34870886573,37478516950,40082543585,42664947773,45076192692,47720458237,52943524419,60221104519,67052584851,75116002450,85515059494,97114887945,1.10292E+11,1.24714E+11,1.39669E+11,1.53993E+11,1.70239E+11,1.86641E+11,1.97077E+11,2.11528E+11,2.29351E+11,2.47679E+11,2.64998E+11,2.80559E+11,2.98427E+11
Namibia,NAM,GDP PPP (constant 2011 international $),NY.GDP.MKTP.PP.KD,,,,,,,,,,,,,,,,,,,,,,,,,,,,,,,8091022453,8751703992,9380893972,9232719080,9392433989,9758646324,10070076368,10495043688,10840497030,11205743576,11597068673,11733676211,12295562223,12816868772,14389440641,14753387382,15796920344,16842217484,17288504578,17339673543,18386859675,19322996885,20301065543,21440913469,22802771245,24195275309,24364666242,24176976600
Nauru,NRU,GDP PPP (constant 2011 international $),NY.GDP.MKTP.PP.KD,,,,,,,,,,,,,,,,,,,,,,,,,,,,,,,,,,,,,,,,,,,,,,,,39848315.16,53563822.57,58202288.05,66089179.28,73811384.02,81256407.31,109058272.9,148890823.4,153071962.5,168991452.7,176012515.4
Nepal,NPL,GDP PPP (constant 2011 international $),NY.GDP.MKTP.PP.KD,,,,,,,,,,,,,,,,,,,,,,,,,,,,,,,22460809734,23891147880,24872215556,25829758552,27951932215,28921431534,30462447594,32000378542,32965634594,34420267375,36554323948,38308844733,38354917592,39868033577,41734895411,43186927982,44640001747,46162922314,48981002139,51201349524,53667418823,55503825717,58157570335,60558825273,64185684030,66318513616,66592337371,71586364644
Netherlands,NLD,GDP PPP (constant 2011 international $),NY.GDP.MKTP.PP.KD,,,,,,,,,,,,,,,,,,,,,,,,,,,,,,,4.79797E+11,4.915E+11,4.99885E+11,5.06172E+11,5.2116E+11,5.37399E+11,5.56567E+11,5.80499E+11,6.06769E+11,6.37421E+11,6.64439E+11,6.78554E+11,6.79257E+11,6.81186E+11,6.95018E+11,7.10033E+11,7.35017E+11,7.62201E+11,7.75152E+11,7.45947E+11,7.5641E+11,7.68994E+11,7.60865E+11,7.59417E+11,7.70199E+11,7.87611E+11,8.05017E+11,8.30473E+11
New Caledonia,NCL,GDP PPP (constant 2011 international $),NY.GDP.MKTP.PP.KD,,,,,,,,,,,,,,,,,,,,,,,,,,,,,,,,,,,,,,,,,,,,,,,,,,,,,,,,,,
New Zealand,NZL,GDP PPP (constant 2011 international $),NY.GDP.MKTP.PP.KD,,,,,,,,,,,,,,,,,,,,,,,,,,,,,,,78820604861,77525940732,78507804852,83636584343,87999395802,92027318869,95117554580,97979068611,99023635281,1.04167E+11,1.06551E+11,1.10598E+11,1.16195E+11,1.2147E+11,1.25442E+11,1.29605E+11,1.3294E+11,1.37939E+11,1.35807E+11,1.38409E+11,1.39741E+11,1.43508E+11,1.47095E+11,1.50063E+11,1.55383E+11,1.62273E+11,1.67907E+11,1.72992E+11
Nicaragua,NIC,GDP PPP (constant 2011 international $),NY.GDP.MKTP.PP.KD,,,,,,,,,,,,,,,,,,,,,,,,,,,,,,,12448279822,12424539409,12472431923,12423647441,12838300572,13597289064,14459937564,15033512819,15591508925,16688522890,17373017702,17887405572,18022265688,18476558875,19458065189,20291337043,21063394946,22132647021,22893062123,22139270243,23115634004,24575775914,26172251873,27461783342,28775956054,30148168825,31552699411,33086506097
Niger,NER,GDP PPP (constant 2011 international $),NY.GDP.MKTP.PP.KD,,,,,,,,,,,,,,,,,,,,,,,,,,,,,,,7167830693,7347327744,6868543202,6968098468,7247140271,7435983053,7690226236,7902012423,8725580902,8675953434,8553665059,9161346560,9436106523,9936220169,9946156389,10393733426,10996569965,11342584780,12430074743,12341489183,13374378008,13679084421,15300031190,16106100313,17318735542,18069951476,18960025694,19888027297
Nigeria,NGA,GDP PPP (constant 2011 international $),NY.GDP.MKTP.PP.KD,,,,,,,,,,,,,,,,,,,,,,,,,,,,,,,2.89765E+11,2.87974E+11,2.89223E+11,2.95269E+11,2.97955E+11,2.97039E+11,3.11873E+11,3.20612E+11,3.29319E+11,3.3088E+11,3.48477E+11,3.63848E+11,3.77619E+11,4.16718E+11,5.57301E+11,5.76499E+11,6.23835E+11,6.66433E+11,7.0822E+11,7.5733E+11,8.16703E+11,8.56619E+11,8.93276E+11,9.41463E+11,1.00087E+12,1.02742E+12,1.0108E+12,1.01904E+12
Northern Mariana Islands,MNP,GDP PPP (constant 2011 international $),NY.GDP.MKTP.PP.KD,,,,,,,,,,,,,,,,,,,,,,,,,,,,,,,,,,,,,,,,,,,,,,,,,,,,,,,,,,
Norway,NOR,GDP PPP (constant 2011 international $),NY.GDP.MKTP.PP.KD,,,,,,,,,,,,,,,,,,,,,,,,,,,,,,,1.81593E+11,1.87195E+11,1.93886E+11,1.99403E+11,2.09483E+11,2.18185E+11,2.29156E+11,2.41266E+11,2.47598E+11,2.52582E+11,2.60678E+11,2.66114E+11,2.6994E+11,2.72423E+11,2.83209E+11,2.90642E+11,2.97603E+11,3.06487E+11,3.07961E+11,3.02753E+11,3.04847E+11,3.0781E+11,3.16187E+11,3.19489E+11,3.258E+11,3.32218E+11,3.35844E+11,3.42288E+11
Oman,OMN,GDP PPP (constant 2011 international $),NY.GDP.MKTP.PP.KD,,,,,,,,,,,,,,,,,,,,,,,,,,,,,,,63501952981,67359111460,73026628714,77439598877,80440982955,84460473808,87033089169,92284241315,94722702867,94604482404,99714423106,1.04184E+11,1.03037E+11,1.00287E+11,1.01583E+11,1.04113E+11,1.09706E+11,1.14591E+11,1.23987E+11,1.31566E+11,1.37887E+11,1.36358E+11,1.49084E+11,1.55603E+11,1.59884E+11,1.67461E+11,1.76477E+11,1.75996E+11
Pakistan,PAK,GDP PPP (constant 2011 international $),NY.GDP.MKTP.PP.KD,,,,,,,,,,,,,,,,,,,,,,,,,,,,,,,3.28953E+11,3.45603E+11,3.72235E+11,3.78778E+11,3.92935E+11,4.12434E+11,4.32423E+11,4.3681E+11,4.4795E+11,4.64345E+11,4.84127E+11,4.93724E+11,5.09644E+11,5.34343E+11,5.73717E+11,6.17705E+11,6.55864E+11,6.87561E+11,6.99259E+11,7.1906E+11,7.30613E+11,7.50693E+11,7.7702E+11,8.11181E+11,8.49102E+11,8.89274E+11,9.38422E+11,9.91918E+11
Palau,PLW,GDP PPP (constant 2011 international $),NY.GDP.MKTP.PP.KD,,,,,,,,,,,,,,,,,,,,,,,,,,,,,,,,,,,,,,,,,237599449.5,250862459.2,258281474.6,251839651,266291288.6,282513997.3,274976883.2,276308167,258585025.7,244751087.3,242499368.4,257872969.7,268096698.9,264031723.6,271153301.9,298642553.1,298818223.5,287700756.1
Panama,PAN,GDP PPP (constant 2011 international $),NY.GDP.MKTP.PP.KD,,,,,,,,,,,,,,,,,,,,,,,,,,,,,,,19409842848,21238057061,22979934658,24233660966,24924355969,25360950601,26395602086,28101019377,30164056130,31345644526,32196795850,32381693378,33103529740,34495697281,37090491259,39757771913,43197799530,48374617539,53142252879,53802807000,56938431092,63380232185,69578075875,74381354358,78149969739,82507428179,86623387474,91263387646
Papua New Guinea,PNG,GDP PPP (constant 2011 international $),NY.GDP.MKTP.PP.KD,,,,,,,,,,,,,,,,,,,,,,,,,,,,,,,10237131060,11214459491,12767559548,15091547247,15988303443,15458699081,16654227842,16003981893,15400773696,15686543367,15295188896,15276637575,15252362916,15582439684,16006465252,17022042807,17412607809,19345020793,19288092951,20600754561,22686516344,22937726619,24003968648,24923304127,28766839776,30291190855,30866723482,31545791398
Paraguay,PRY,GDP PPP (constant 2011 international $),NY.GDP.MKTP.PP.KD,,,,,,,,,,,,,,,,,,,,,,,,,,,,,,,25436138177,26324787858,26771368933,28092899924,29586857834,31605512284,32102916502,33464886318,33487654195,33030188983,32265822175,31996706534,31989858607,33372060396,34726104773,35466981414,37171921864,39187243130,41679205777,40026335228,45266984771,47232661526,46647463725,53195031261,55707078173,57357253470,59662759792,60123387128
Peru,PER,GDP PPP (constant 2011 international $),NY.GDP.MKTP.PP.KD,,,,,,,,,,,,,,,,,,,,,,,,,,,,,,,1.15958E+11,1.18532E+11,1.17891E+11,1.24073E+11,1.39344E+11,1.49671E+11,1.5386E+11,1.63826E+11,1.63184E+11,1.65624E+11,1.70086E+11,1.71137E+11,1.8047E+11,1.87987E+11,1.97308E+11,2.09709E+11,2.25497E+11,2.44706E+11,2.67039E+11,2.69966E+11,2.9246E+11,3.10965E+11,3.30057E+11,3.49374E+11,3.57675E+11,3.69304E+11,3.83897E+11,3.936E+11
Philippines,PHL,GDP PPP (constant 2011 international $),NY.GDP.MKTP.PP.KD,,,,,,,,,,,,,,,,,,,,,,,,,,,,,,,2.48421E+11,2.46985E+11,2.47819E+11,2.53063E+11,2.64167E+11,2.76526E+11,2.92692E+11,3.07869E+11,3.06093E+11,3.15527E+11,3.29445E+11,3.38979E+11,3.51338E+11,3.68801E+11,3.93502E+11,4.12302E+11,4.33919E+11,4.6263E+11,4.81842E+11,4.87375E+11,5.24573E+11,5.43771E+11,5.80115E+11,6.21095E+11,6.59263E+11,6.99258E+11,7.47336E+11,7.97292E+11
Poland,POL,GDP PPP (constant 2011 international $),NY.GDP.MKTP.PP.KD,,,,,,,,,,,,,,,,,,,,,,,,,,,,,,,3.91648E+11,3.64172E+11,3.73331E+11,3.87287E+11,4.07785E+11,4.36134E+11,4.62549E+11,4.92427E+11,5.15151E+11,5.39065E+11,5.63645E+11,5.70679E+11,5.8233E+11,6.03075E+11,6.34047E+11,6.56198E+11,6.96749E+11,7.45764E+11,7.77457E+11,7.99383E+11,8.28216E+11,8.6977E+11,8.83755E+11,8.96056E+11,9.25475E+11,9.61055E+11,9.88583E+11,1.03357E+12
Portugal,PRT,GDP PPP (constant 2011 international $),NY.GDP.MKTP.PP.KD,,,,,,,,,,,,,,,,,,,,,,,,,,,,,,,2.01331E+11,2.10125E+11,2.12415E+11,2.08074E+11,2.10082E+11,2.19079E+11,2.2674E+11,2.36776E+11,2.48122E+11,2.57769E+11,2.67532E+11,2.72731E+11,2.74828E+11,2.7226E+11,2.77193E+11,2.79318E+11,2.83656E+11,2.90725E+11,2.91304E+11,2.82629E+11,2.87995E+11,2.82734E+11,2.71344E+11,2.68278E+11,2.70674E+11,2.75606E+11,2.80069E+11,2.87575E+11
Puerto Rico,PRI,GDP PPP (constant 2011 international $),NY.GDP.MKTP.PP.KD,,,,,,,,,,,,,,,,,,,,,,,,,,,,,,,78617528035,80429183423,84100013029,88006060842,91689958125,95860923415,98078864798,1.02865E+11,1.08554E+11,1.14405E+11,1.18148E+11,1.25608E+11,1.26759E+11,1.26827E+11,1.37922E+11,1.35182E+11,1.33276E+11,1.31727E+11,1.29298E+11,1.26773E+11,1.26249E+11,1.25797E+11,1.25833E+11,1.25447E+11,1.23954E+11,1.22575E+11,1.1938E+11,
Qatar,QAT,GDP PPP (constant 2011 international $),NY.GDP.MKTP.PP.KD,,,,,,,,,,,,,,,,,,,,,,,,,,,,,,,,,,,,,,,,,64156673602,66657620467,71445071915,74102799038,88344553238,94963997266,1.19816E+11,1.41366E+11,1.66336E+11,1.86224E+11,2.2271E+11,2.52498E+11,2.64333E+11,2.75991E+11,2.86972E+11,2.97163E+11,3.03769E+11,3.08618E+11
Romania,ROU,GDP PPP (constant 2011 international $),NY.GDP.MKTP.PP.KD,,,,,,,,,,,,,,,,,,,,,,,,,,,,,,,2.65022E+11,2.30786E+11,2.10553E+11,2.13772E+11,2.22177E+11,2.38036E+11,2.47248E+11,2.3534E+11,2.30428E+11,2.29503E+11,2.35E+11,2.48141E+11,2.61005E+11,2.75423E+11,2.98445E+11,3.10896E+11,3.3594E+11,3.58998E+11,3.88651E+11,3.65681E+11,3.55399E+11,3.62613E+11,3.67103E+11,3.80067E+11,3.91759E+11,4.07327E+11,4.26963E+11,4.56625E+11
Russian Federation,RUS,GDP PPP (constant 2011 international $),NY.GDP.MKTP.PP.KD,,,,,,,,,,,,,,,,,,,,,,,,,,,,,,,3.0606E+12,2.90613E+12,2.48384E+12,2.26853E+12,1.98338E+12,1.9012E+12,1.83275E+12,1.85841E+12,1.75992E+12,1.87255E+12,2.05981E+12,2.16469E+12,2.26738E+12,2.4328E+12,2.60738E+12,2.77363E+12,2.99978E+12,3.25581E+12,3.42667E+12,3.15868E+12,3.30093E+12,3.47538E+12,3.60244E+12,3.66676E+12,3.69384E+12,3.58937E+12,3.5813E+12,3.63665E+12
Rwanda,RWA,GDP PPP (constant 2011 international $),NY.GDP.MKTP.PP.KD,,,,,,,,,,,,,,,,,,,,,,,,,,,,,,,6313440139,6154696285,6516144687,5987770592,2979031607,4028368033,4541811566,5170841227,5628908961,5872211692,6363769141,6903708335,7814450203,7986553495,8581366153,9386119457,10252183818,11034762436,12266379265,13032814848,13988724739,15110215757,16416604066,17181432788,18491444146,20131261229,21335375359,22636959999
Samoa,WSM,GDP PPP (constant 2011 international $),NY.GDP.MKTP.PP.KD,,,,,,,,,,,,,,,,,,,,,,,,,,,,,,,594321522.1,580652085.3,579490837.2,603249890.2,587914696.3,627150017.7,672172903.6,676497830.6,691346189,706455137.2,755333286.7,807751648.1,842840344.1,880898624,921640202.6,959948104.8,978847639.2,1040736669,1051238604,1000692190,1005487094,1063589611,1067866343,1047215317,1059741555,1077065956,1154024137,1182874740
San Marino,SMR,GDP PPP (constant 2011 international $),NY.GDP.MKTP.PP.KD,,,,,,,,,,,,,,,,,,,,,,,,,,,,,,,,,,,,,,1732368993,1862521068,2030073164,2074953190,2190145256,2197625260,2282897309,2387617369,2444465402,2538713456,2719729560,2764609585,2410057382,2297857318,2080937193,1923857103,1865513070,1849057060,1858033065,1875985076,1899173089
Sao Tome and Principe,STP,GDP PPP (constant 2011 international $),NY.GDP.MKTP.PP.KD,,,,,,,,,,,,,,,,,,,,,,,,,,,,,,,,,,,,,,,,,,285733748.2,292525289.3,311754359.3,323701494.3,346664135.3,378264812.5,390572055,422544954.5,432797084,461673241.9,481978562.2,497122212.2,521057624.6,555186550.4,576394613,600483350.1,623751841
Saudi Arabia,SAU,GDP PPP (constant 2011 international $),NY.GDP.MKTP.PP.KD,,,,,,,,,,,,,,,,,,,,,,,,,,,,,,,6.93189E+11,7.97223E+11,8.29012E+11,8.17706E+11,8.22275E+11,8.24019E+11,8.45752E+11,8.55087E+11,8.79828E+11,8.46718E+11,8.94349E+11,8.83521E+11,8.58613E+11,9.55139E+11,1.03115E+12,1.08863E+12,1.11898E+12,1.13965E+12,1.21088E+12,1.18594E+12,1.24571E+12,1.37024E+12,1.44439E+12,1.48338E+12,1.53756E+12,1.6007E+12,1.62744E+12,1.61547E+12
Senegal,SEN,GDP PPP (constant 2011 international $),NY.GDP.MKTP.PP.KD,,,,,,,,,,,,,,,,,,,,,,,,,,,,,,,13939116315,14295375795,14473016886,14661279054,14658738451,15444955914,15755727750,16247941929,17206354821,18300651971,18883827699,19748880067,19878196454,21206701680,22451698830,23714069588,24297808071,25497751698,26436712627,27077320680,28208980219,28705773661,29972037089,31007712334,32271302449,34355030694,36671184407,39160087195
Serbia,SRB,GDP PPP (constant 2011 international $),NY.GDP.MKTP.PP.KD,,,,,,,,,,,,,,,,,,,,,,,,,,,,,,,,,,,,56374983992,57742728497,61891447021,63395691800,55695278686,60016791988,63013258783,67497148744,70477427340,76853177010,81111171159,85089145954,90099841612,94935214876,91977060455,92514646220,93811207287,92858769879,95246850536,93502593908,94211077230,96846466039,98655004931
Seychelles,SYC,GDP PPP (constant 2011 international $),NY.GDP.MKTP.PP.KD,,,,,,,,,,,,,,,,,,,,,,,,,,,,,,,988148343.6,1015425448,1088144804,1155573327,1146343797,1136879097,1192785415,1335461110,1447685229,1474785992,1497119249,1463117234,1480862377,1393682121,1353955858,1475889892,1614713983,1782990369,1744711479,1725428129,1828176727,1972370137,1997238348,2117433675,2212819518,2322074970,2426638739,2528557566
Sierra Leone,SLE,GDP PPP (constant 2011 international $),NY.GDP.MKTP.PP.KD,,,,,,,,,,,,,,,,,,,,,,,,,,,,,,,5392787874,5519624123,4470182976,4531627849,4443379638,4087920229,4159615049,3915151061,3985037067,3906161802,4166028118,3901674672,4932392422,5391752095,5747496926,6006427161,6260133495,6764584139,7129755684,7357055947,7750398446,8239839598,9490793019,11456883709,11978947820,9511431824,10087394108,10506793865
Singapore,SGP,GDP PPP (constant 2011 international $),NY.GDP.MKTP.PP.KD,,,,,,,,,,,,,,,,,,,,,,,,,,,,,,,1.04653E+11,1.11651E+11,1.19564E+11,1.33359E+11,1.47929E+11,1.58326E+11,1.7025E+11,1.84366E+11,1.80264E+11,1.91251E+11,2.08268E+11,2.06284E+11,2.14972E+11,2.24507E+11,2.45946E+11,2.64365E+11,2.87788E+11,3.1401E+11,3.19623E+11,3.17695E+11,3.66113E+11,3.89363E+11,4.05262E+11,4.25976E+11,4.4252E+11,4.52437E+11,4.63282E+11,4.80046E+11
Sint Maarten (Dutch part),SXM,GDP PPP (constant 2011 international $),NY.GDP.MKTP.PP.KD,,,,,,,,,,,,,,,,,,,,,,,,,,,,,,,,,,,,,,,,,,,,,,,,,,,,1214600999,,,,,,
Slovak Republic,SVK,GDP PPP (constant 2011 international $),NY.GDP.MKTP.PP.KD,,,,,,,,,,,,,,,,,,,,,,,,,,,,,,,,,61711899717,62885244765,66787607794,70690338548,75466988796,80045980799,83257276427,83086541197,84092032398,86880917907,90810361318,95731116836,1.00765E+11,1.07568E+11,1.16661E+11,1.2926E+11,1.36537E+11,1.29133E+11,1.35643E+11,1.39467E+11,1.41778E+11,1.43892E+11,1.47849E+11,1.53542E+11,1.58647E+11,1.64041E+11
Slovenia,SVN,GDP PPP (constant 2011 international $),NY.GDP.MKTP.PP.KD,,,,,,,,,,,,,,,,,,,,,,,,,,,,,,,,,,,,36675420748,37965031527,39906707660,41217895026,43391872631,45194993242,46527958796,48312913334,49686006435,51848239847,53923728706,56973654376,60928563588,62939285575,58031735404,58750026638,59131529881,57552965172,56901433963,58596639229,59920280118,61806783546,64897622260
Solomon Islands,SLB,GDP PPP (constant 2011 international $),NY.GDP.MKTP.PP.KD,,,,,,,,,,,,,,,,,,,,,,,,,,,,,,,587250773.1,622510359.1,701509708.4,729404950.3,796465127.6,861963170.5,875799229.5,863190578.9,878588745.7,874348670.4,749601122.2,689793713.7,670479472.3,714060650.3,749037989.7,789644786.5,844498646.1,906315957.6,970614499.2,924725083.6,987690030.3,1118021979,1168952288,1204229508,1231325764,1262629023,1306273137,1348575710
Somalia,SOM,GDP PPP (constant 2011 international $),NY.GDP.MKTP.PP.KD,,,,,,,,,,,,,,,,,,,,,,,,,,,,,,,,,,,,,,,,,,,,,,,,,,,,,,,,,,
South Africa,ZAF,GDP PPP (constant 2011 international $),NY.GDP.MKTP.PP.KD,,,,,,,,,,,,,,,,,,,,,,,,,,,,,,,3.64201E+11,3.60493E+11,3.52789E+11,3.57141E+11,3.68691E+11,3.80178E+11,3.96551E+11,4.07047E+11,4.09153E+11,4.18802E+11,4.36201E+11,4.48133E+11,4.6457E+11,4.7827E+11,5.00054E+11,5.26442E+11,5.55942E+11,5.85743E+11,6.04434E+11,5.95138E+11,6.13228E+11,6.33368E+11,6.47387E+11,6.63475E+11,6.7573E+11,6.84376E+11,6.88245E+11,6.9733E+11
South Sudan,SSD,GDP PPP (constant 2011 international $),NY.GDP.MKTP.PP.KD,,,,,,,,,,,,,,,,,,,,,,,,,,,,,,,,,,,,,,,,,,,,,,,,,,,,35254040080,16771213086,21689120222,22322569222,22283520996,19200880484,
Spain,ESP,GDP PPP (constant 2011 international $),NY.GDP.MKTP.PP.KD,,,,,,,,,,,,,,,,,,,,,,,,,,,,,,,9.23438E+11,9.46949E+11,9.55748E+11,9.4589E+11,9.68432E+11,9.95136E+11,1.02175E+12,1.05945E+12,1.10507E+12,1.15463E+12,1.2157E+12,1.26434E+12,1.30076E+12,1.34222E+12,1.38472E+12,1.43628E+12,1.49623E+12,1.55262E+12,1.56997E+12,1.51387E+12,1.51408E+12,1.49896E+12,1.45507E+12,1.43025E+12,1.44999E+12,1.49976E+12,1.54887E+12,1.59613E+12
Sri Lanka,LKA,GDP PPP (constant 2011 international $),NY.GDP.MKTP.PP.KD,,,,,,,,,,,,,,,,,,,,,,,,,,,,,,,62600790245,65480418611,68361551302,73078541582,77170880517,81415344720,84509101120,89922246827,94147174396,98196011758,1.04088E+11,1.02479E+11,1.06542E+11,1.12871E+11,1.19017E+11,1.26446E+11,1.36142E+11,1.45395E+11,1.54046E+11,1.59498E+11,1.72283E+11,1.86763E+11,2.03842E+11,2.10764E+11,2.21219E+11,2.32297E+11,2.42678E+11,2.50232E+11
St. Kitts and Nevis,KNA,GDP PPP (constant 2011 international $),NY.GDP.MKTP.PP.KD,,,,,,,,,,,,,,,,,,,,,,,,,,,,,,,584997081.6,572429240.2,596913624.6,638729649.8,672666340.9,711363643.6,753235643.7,805181285.1,799808200.4,826909700.4,915342080.5,965354354.9,990281438.7,954480807.5,988905844.9,1075647055,1095138130,1093204763,1161988280,1126895751,1101550704,1127973938,1121199886,1190937336,1261953602,1312133355,1341119961,1364496960
St. Lucia,LCA,GDP PPP (constant 2011 international $),NY.GDP.MKTP.PP.KD,,,,,,,,,,,,,,,,,,,,,,,,,,,,,,,1358496860,1366345942,1472640325,1481617941,1507703841,1533189636,1578328685,1569931807,1668835939,1714221771,1714912520,1658045725,1663677547,1735643810,1861461942,1854714319,1970119875,1989533163,2102027755,2126832001,2092331468,2105522739,2109343315,2180947316,2176247686,2218980661,2255674003,2316358672
St. Martin (French part),MAF,GDP PPP (constant 2011 international $),NY.GDP.MKTP.PP.KD,,,,,,,,,,,,,,,,,,,,,,,,,,,,,,,,,,,,,,,,,,,,,,,,,,,,,,,,,,
St. Vincent and the Grenadines,VCT,GDP PPP (constant 2011 international $),NY.GDP.MKTP.PP.KD,,,,,,,,,,,,,,,,,,,,,,,,,,,,,,,599463920.6,606272257.1,644934862.5,672351193,663962017.9,715534695.2,724744522.5,750152785.6,780830158.1,801997822.9,815130043.2,829063995.2,881488285.2,949272894.2,988727374.3,1013326959,1091235194,1073976493,1145578639,1121532241,1083921367,1079375927,1094278255,1114328563,1125295664,1145803698,1160357787,1178881172
Sudan,SDN,GDP PPP (constant 2011 international $),NY.GDP.MKTP.PP.KD,,,,,,,,,,,,,,,,,,,,,,,,,,,,,,,45183271340,48576946468,51772270672,54137615869,54682363849,57961715692,61392541956,67879729978,70804330930,73002165107,77634785973,82681326874,87995482217,94801573496,98483009912,1.05859E+11,1.16513E+11,1.29938E+11,1.40075E+11,1.44616E+11,1.49634E+11,1.46689E+11,1.47454E+11,1.53934E+11,1.58059E+11,1.65813E+11,1.73607E+11,1.81042E+11
Suriname,SUR,GDP PPP (constant 2011 international $),NY.GDP.MKTP.PP.KD,,,,,,,,,,,,,,,,,,,,,,,,,,,,,,,4296800613,4416342328,4407446571,4087703011,4220437877,4266714492,4321088532,4568967422,4640435268,4600014403,4596854781,4806153138,5012815051,5314092983,5805967128,6071341333,6304610611,6626870013,6901448178,7109437027,7476911397,7914263444,8127184835,8365591025,8386965373,8169111441,7749023291,7756422103
Sweden,SWE,GDP PPP (constant 2011 international $),NY.GDP.MKTP.PP.KD,,,,,,,,,,,,,,,,,,,,,,,,,,,,,,,2.64756E+11,2.61722E+11,2.5869E+11,2.53346E+11,2.63702E+11,2.74314E+11,2.78478E+11,2.86555E+11,2.98667E+11,3.12197E+11,3.2698E+11,3.32092E+11,3.38979E+11,3.47066E+11,3.62061E+11,3.72265E+11,3.89717E+11,4.02987E+11,4.00742E+11,3.79965E+11,4.02721E+11,4.13451E+11,4.12267E+11,4.17384E+11,4.28254E+11,4.4762E+11,4.621E+11,4.72673E+11
Switzerland,CHE,GDP PPP (constant 2011 international $),NY.GDP.MKTP.PP.KD,,,,,,,,,,,,,,,,,,,,,,,,,,,,,,,3.23565E+11,3.20602E+11,3.20462E+11,3.20058E+11,3.24122E+11,3.25681E+11,3.2744E+11,3.35102E+11,3.45121E+11,3.5097E+11,3.64787E+11,3.69575E+11,3.70176E+11,3.70322E+11,3.80603E+11,3.9246E+11,4.08114E+11,4.24895E+11,4.3405E+11,4.24405E+11,4.37149E+11,4.44549E+11,4.49021E+11,4.57337E+11,4.68538E+11,4.74284E+11,4.8081E+11,4.86035E+11
Syrian Arab Republic,SYR,GDP PPP (constant 2011 international $),NY.GDP.MKTP.PP.KD,,,,,,,,,,,,,,,,,,,,,,,,,,,,,,,,,,,,,,,,,,,,,,,,,,,,,,,,,,
Tajikistan,TJK,GDP PPP (constant 2011 international $),NY.GDP.MKTP.PP.KD,,,,,,,,,,,,,,,,,,,,,,,,,,,,,,,19257428669,17890151407,12702007310,10618878131,8357057300,7320782164,6098211633,6201880974,6530580714,6772212179,7334305858,8082405133,8955304881,9940388159,10964248309,11698852623,12517772528,13494158954,14560197219,15113484857,16095861426,17286955073,18583476560,19958653931,21295734186,22573478237,24131048564,25844353183
Tanzania,TZA,GDP PPP (constant 2011 international $),NY.GDP.MKTP.PP.KD,,,,,,,,,,,,,,,,,,,,,,,,,,,,,,,36451878699,37207157329,37424566984,37875832716,38469597664,39842928396,41653537207,43121940270,44721122426,46885795731,49199068982,52149944940,55885734165,59734152418,64410320105,69674791879,72922035021,79094434074,83497301399,87991415202,93586689056,1.00984E+11,1.06176E+11,1.13887E+11,1.2182E+11,1.30298E+11,1.39377E+11,1.49279E+11
Thailand,THA,GDP PPP (constant 2011 international $),NY.GDP.MKTP.PP.KD,,,,,,,,,,,,,,,,,,,,,,,,,,,,,,,3.76301E+11,4.08505E+11,4.41527E+11,4.77957E+11,5.16179E+11,5.58094E+11,5.89639E+11,5.73403E+11,5.29631E+11,5.53847E+11,5.78525E+11,5.98451E+11,6.35249E+11,6.80919E+11,7.23744E+11,7.54053E+11,7.91514E+11,8.34533E+11,8.48935E+11,8.43071E+11,9.06416E+11,9.14029E+11,9.80231E+11,1.00657E+12,1.01648E+12,1.04718E+12,1.08156E+12,1.12377E+12
Timor-Leste,TLS,GDP PPP (constant 2011 international $),NY.GDP.MKTP.PP.KD,,,,,,,,,,,,,,,,,,,,,,,,,,,,,,,,,,,,,,,,,2883285118,3148659331,2932450536,2897772798,4754374800,6460228800,9152490645,9626498154,10589601708,9948049058,9831919418,10995180309,11541086016,10271413164,7595739490,9181787639,9257494566,8516895000
Togo,TGO,GDP PPP (constant 2011 international $),NY.GDP.MKTP.PP.KD,,,,,,,,,,,,,,,,,,,,,,,,,,,,,,,5112873708,5077085255,4874982391,4139063460,4759195097,5132593564,5586120394,6389258015,6242312967,6397231658,6347110653,6243855458,6186277681,6492770479,6630356526,6708621715,6980482743,7140367482,7299274949,7555501154,7857394710,8241131320,8638382159,8981135250,9508482932,10020499733,10561420957,11149247579
Tonga,TON,GDP PPP (constant 2011 international $),NY.GDP.MKTP.PP.KD,,,,,,,,,,,,,,,,,,,,,,,,,,,,,,,340095398.9,361912314.1,362824280.7,376386824.1,395027482.4,409690402.2,409732255.7,409193116,420318310.2,436633825.3,451347685.3,467604275,483591088.4,493788001.4,492052731.5,499837834.3,495778040.8,475125039.6,489851634.6,501072238.4,519038972,533494964.6,538244790.7,521448304.1,532255879.5,552012402.7,570667517,586075539.9
Trinidad and Tobago,TTO,GDP PPP (constant 2011 international $),NY.GDP.MKTP.PP.KD,,,,,,,,,,,,,,,,,,,,,,,,,,,,,,,14974890227,15376524300,15123241551,14903428309,15434869790,16153695277,17306177013,18608095570,20119922206,21734509271,23234485892,24203021031,26123944535,29896612154,32273271332,34277116487,38804457831,40649295468,42027477868,40182222586,41517610649,41395401723,41931049508,42342330127,42235558537,42876340788,40322170864,39380239258
Tunisia,TUN,GDP PPP (constant 2011 international $),NY.GDP.MKTP.PP.KD,,,,,,,,,,,,,,,,,,,,,,,,,,,,,,,46226647876,48031588284,51780803831,52914714832,54596562156,55880493068,59873758276,63131455597,66151514541,70156746972,73461031497,76249747294,77258198710,80891197374,85935405701,88931574399,93595319741,99875210401,1.04108E+11,1.07276E+11,1.11042E+11,1.08913E+11,1.13267E+11,1.16524E+11,1.19987E+11,1.21371E+11,1.22716E+11,1.25115E+11
Turkey,TUR,GDP PPP (constant 2011 international $),NY.GDP.MKTP.PP.KD,,,,,,,,,,,,,,,,,,,,,,,,,,,,,,,6.14717E+11,6.19145E+11,6.50323E+11,7.0008E+11,6.674E+11,7.19979E+11,7.73111E+11,8.31695E+11,8.50892E+11,8.22053E+11,8.76638E+11,8.2437E+11,8.77379E+11,9.26585E+11,1.01595E+12,1.10748E+12,1.18622E+12,1.24589E+12,1.25643E+12,1.19732E+12,1.29894E+12,1.4433E+12,1.51243E+12,1.64085E+12,1.72563E+12,1.83065E+12,1.88894E+12,2.02907E+12
Turkmenistan,TKM,GDP PPP (constant 2011 international $),NY.GDP.MKTP.PP.KD,,,,,,,,,,,,,,,,,,,,,,,,,,,,,,,30638649933,29227659458,24853451862,25226253683,20862146993,19360063870,20657186631,18302267308,19601728350,22836013430,24084929649,25131141834,25195774085,26019380745,27320455794,30883142515,34270126251,38060162142,43655005977,46317961392,50579213834,58014358232,64453951973,71028255140,78344165398,83436536078,88609601287,94369225412
Turks and Caicos Islands,TCA,GDP PPP (constant 2011 international $),NY.GDP.MKTP.PP.KD,,,,,,,,,,,,,,,,,,,,,,,,,,,,,,,,,,,,,,,,,,,,,,,,,,,,,,,,,,
Tuvalu,TUV,GDP PPP (constant 2011 international $),NY.GDP.MKTP.PP.KD,,,,,,,,,,,,,,,,,,,,,,,,,,,,,,,21190503.01,21955303.22,22567607.34,23495291.94,25911427.24,24614706.1,23147334.57,25462814.37,29409861.24,28949952.37,28668964.18,29137445.92,31435275.71,30387369.31,29976477.04,28843447.16,29460390.7,31331291.93,33832550.71,32332804.01,31450303.43,33814063.11,32517116.43,34005308.33,34463674,37614657.36,38756243.79,40012561.97
Uganda,UGA,GDP PPP (constant 2011 international $),NY.GDP.MKTP.PP.KD,,,,,,,,,,,,,,,,,,,,,,,,,,,,,,,13418410312,14163681634,14647846822,15867469396,16883564338,18829098620,20537296022,21584698501,22643485267,24467179881,25235916001,26544060369,28862069750,30730386182,32822275277,34900767232,38664725767,41917367197,45567846709,48667151708,51410810957,56239143509,58397295674,60491951675,63580856634,66879342376,69993629513,72768722859
Ukraine,UKR,GDP PPP (constant 2011 international $),NY.GDP.MKTP.PP.KD,,,,,,,,,,,,,,,,,,,,,,,,,,,,,,,5.42996E+11,4.97326E+11,4.49091E+11,3.85203E+11,2.9686E+11,2.60643E+11,2.34579E+11,2.27541E+11,2.23218E+11,2.22772E+11,2.35915E+11,2.57619E+11,2.71016E+11,2.96491E+11,3.32367E+11,3.4134E+11,3.66258E+11,3.95193E+11,4.04282E+11,3.44448E+11,3.58915E+11,3.78532E+11,3.79435E+11,3.79334E+11,3.54478E+11,3.19835E+11,3.27215E+11,3.35397E+11
United Arab Emirates,ARE,GDP PPP (constant 2011 international $),NY.GDP.MKTP.PP.KD,,,,,,,,,,,,,,,,,,,,,,,,,,,,,,,2.05424E+11,2.0719E+11,2.14121E+11,2.16821E+11,2.31774E+11,2.47274E+11,2.61612E+11,2.83039E+11,2.83866E+11,2.92104E+11,3.23805E+11,3.28336E+11,3.36326E+11,3.65924E+11,4.0093E+11,4.20396E+11,4.61752E+11,4.76455E+11,4.91663E+11,4.65886E+11,4.73353E+11,5.06158E+11,5.28857E+11,5.55582E+11,5.8002E+11,6.09396E+11,6.27608E+11,6.32568E+11
United Kingdom,GBR,GDP PPP (constant 2011 international $),NY.GDP.MKTP.PP.KD,,,,,,,,,,,,,,,,,,,,,,,,,,,,,,,1.53583E+12,1.51914E+12,1.52482E+12,1.56335E+12,1.62401E+12,1.66412E+12,1.70637E+12,1.77528E+12,1.83098E+12,1.88988E+12,1.95913E+12,2.00897E+12,2.05835E+12,2.1268E+12,2.17709E+12,2.2445E+12,2.29962E+12,2.35382E+12,2.34269E+12,2.24459E+12,2.28262E+12,2.31578E+12,2.35009E+12,2.39832E+12,2.47157E+12,2.52955E+12,2.57852E+12,2.6246E+12
United States,USA,GDP PPP (constant 2011 international $),NY.GDP.MKTP.PP.KD,,,,,,,,,,,,,,,,,,,,,,,,,,,,,,,9.25156E+12,9.24471E+12,9.57339E+12,9.83626E+12,1.02334E+13,1.05117E+13,1.09107E+13,1.14002E+13,1.19075E+13,1.24654E+13,1.29755E+13,1.31022E+13,1.33362E+13,1.37105E+13,1.42296E+13,1.47056E+13,1.50977E+13,1.53662E+13,1.53214E+13,1.48962E+13,1.52733E+13,1.55179E+13,1.5863E+13,1.61291E+13,1.65435E+13,1.70169E+13,1.72697E+13,1.76623E+13
Uruguay,URY,GDP PPP (constant 2011 international $),NY.GDP.MKTP.PP.KD,,,,,,,,,,,,,,,,,,,,,,,,,,,,,,,30604531169,31687566920,34200894306,35109798840,37666263597,37121007156,39191601254,42541575183,44463982200,43601731262,42760248091,41116488580,37937358718,38242862166,40156596317,43152331452,44920963140,47859472817,51293937821,53470593086,57643122516,60618737181,62763536432,65674219688,67801270547,68052637836,69202590060,71041084513
Uzbekistan,UZB,GDP PPP (constant 2011 international $),NY.GDP.MKTP.PP.KD,,,,,,,,,,,,,,,,,,,,,,,,,,,,,,,62986674499,62676780058,55656980693,54376870134,51549272891,51085329432,51953780034,54655376594,57005557788,59456796775,61716155048,64308233565,66880562906,69689546547,75055641629,80309536547,86172132713,94721402573,1.03246E+11,1.11609E+11,1.21096E+11,1.31147E+11,1.41901E+11,1.53253E+11,1.65195E+11,1.78411E+11,1.92327E+11,2.02521E+11
Vanuatu,VUT,GDP PPP (constant 2011 international $),NY.GDP.MKTP.PP.KD,,,,,,,,,,,,,,,,,,,,,,,,,,,,,,,373812289.9,385547459.7,395540913.6,398510397.8,434601042.6,438998163.3,449220038.8,471291296.6,491563731.6,493209429.1,522417511.1,504192935.7,478422532.8,498963275,518845738.2,546359361.4,592609554.7,623268288.6,663459877.3,685439081,696605442.9,705126498.6,717499705.3,731628322.6,748682624.3,742684971.4,772396636.9,807159740.2
Venezuela RB,VEN,GDP PPP (constant 2011 international $),NY.GDP.MKTP.PP.KD,,,,,,,,,,,,,,,,,,,,,,,,,,,,,,,2.87019E+11,3.14945E+11,3.34033E+11,3.34953E+11,3.27083E+11,3.40008E+11,3.39335E+11,3.60954E+11,3.62016E+11,3.40402E+11,3.52952E+11,3.64932E+11,3.32615E+11,3.0682E+11,3.62927E+11,4.00373E+11,4.39898E+11,4.78405E+11,5.03655E+11,4.87526E+11,4.80268E+11,5.00326E+11,5.28474E+11,5.35572E+11,5.14715E+11,,,
Vietnam,VNM,GDP PPP (constant 2011 international $),NY.GDP.MKTP.PP.KD,,,,,,,,,,,,,,,,,,,,,,,,,,,,,,,99100198964,1.05007E+11,1.14086E+11,1.23296E+11,1.34194E+11,1.46997E+11,1.60727E+11,1.73829E+11,1.8385E+11,1.92626E+11,2.057E+11,2.18439E+11,2.32246E+11,2.48269E+11,2.66979E+11,2.87129E+11,3.07165E+11,3.29064E+11,3.47695E+11,3.66463E+11,3.90002E+11,4.14339E+11,4.36081E+11,4.59725E+11,4.87233E+11,5.19777E+11,5.52059E+11,5.89667E+11
Virgin Islands (U.S.),VIR,GDP PPP (constant 2011 international $),NY.GDP.MKTP.PP.KD,,,,,,,,,,,,,,,,,,,,,,,,,,,,,,,,,,,,,,,,,,,,,,,,,,,,,,,,,,
West Bank and Gaza,PSE,GDP PPP (constant 2011 international $),NY.GDP.MKTP.PP.KD,,,,,,,,,,,,,,,,,,,,,,,,,,,,,,,,,,,6444318626,6903516730,7406004143,9177930203,11560387403,13636289137,12281582848,11488843325,11325996806,12412737411,13479752542,14954393071,14268928038,14022503137,12991748106,15471828187,15902759442,17107576520,19594339840,18755698036,18551000365,20843769203,21565389922,20846781323
Yemen Rep.,YEM,GDP PPP (constant 2011 international $),NY.GDP.MKTP.PP.KD,,,,,,,,,,,,,,,,,,,,,,,,,,,,,,,40115006160,42639641604,46139332034,47985812591,51211394499,54114758613,56622959988,59584970466,63164057668,65548835928,69601009637,72248385567,75091526798,77905505310,81000454516,85529795873,88241440526,91187317445,94513438197,98167544641,1.05729E+11,92285413834,94493778267,99051605325,98864802467,62139740194,40801106053,
Zambia,ZMB,GDP PPP (constant 2011 international $),NY.GDP.MKTP.PP.KD,,,,,,,,,,,,,,,,,,,,,,,,,,,,,,,18799289208,18792496388,18467212901,19722479971,18021328910,18543527352,19696665221,20447897509,20369020533,21316218637,22146980517,23324506297,24375511882,26068384840,27901616662,29920465760,32285287950,34981896043,37701352195,41177548222,45418096902,47945443548,51588154703,54198193616,56743246685,58400082027,60594276947,63064533225
Zimbabwe,ZWE,GDP PPP (constant 2011 international $),NY.GDP.MKTP.PP.KD,,,,,,,,,,,,,,,,,,,,,,,,,,,,,,,26535104264,28002968404,25478341236,25746235423,28123951433,28168394519,31086836452,31920148379,32841112304,32572530824,31576075341,32030649281,29181835833,24222361085,22815638187,21512617963,20767959757,20009238267,16473816643,18453897001,20775586760,23984528417,27529344614,29051658791,29669611950,30170908109,30356674540,31403097994
